[2026-01-19 13:38:39.585] [INFO   ] === Lamacoid Creator Application Started ===
    Source: LamacoidForm.cs -> .ctor() [Line 34]

[2026-01-19 13:38:39.586] [INFO   ] === System Information ===
    Source: Logger.cs -> LogSystemInfo() [Line 276]

[2026-01-19 13:38:39.586] [INFO   ] Operating System: Microsoft Windows NT 6.2.9200.0
    Source: Logger.cs -> LogSystemInfo() [Line 277]

[2026-01-19 13:38:39.587] [INFO   ] OS Version: 6.2.9200.0
    Source: Logger.cs -> LogSystemInfo() [Line 278]

[2026-01-19 13:38:39.587] [INFO   ] 64-bit OS: True
    Source: Logger.cs -> LogSystemInfo() [Line 279]

[2026-01-19 13:38:39.587] [INFO   ] 64-bit Process: True
    Source: Logger.cs -> LogSystemInfo() [Line 280]

[2026-01-19 13:38:39.587] [INFO   ] Machine Name: D-1077
    Source: Logger.cs -> LogSystemInfo() [Line 281]

[2026-01-19 13:38:39.588] [INFO   ] User Name: dlebel
    Source: Logger.cs -> LogSystemInfo() [Line 282]

[2026-01-19 13:38:39.588] [INFO   ] CLR Version: 4.0.30319.42000
    Source: Logger.cs -> LogSystemInfo() [Line 283]

[2026-01-19 13:38:39.588] [INFO   ] Working Directory: C:\Users\dlebel\Downloads\LamCreator-main (1)\LamCreator-main\Lamacoid Creator\Lamacoid Creator\bin\Debug
    Source: Logger.cs -> LogSystemInfo() [Line 284]

[2026-01-19 13:38:39.588] [INFO   ] System Directory: C:\WINDOWS\system32
    Source: Logger.cs -> LogSystemInfo() [Line 285]

[2026-01-19 13:38:39.589] [INFO   ] =========================
    Source: Logger.cs -> LogSystemInfo() [Line 286]

[2026-01-19 13:38:39.617] [INFO   ] Loading templates from: Y:\Autocad\Template\~LAMACOIDS\Lams\Templates
    Source: LamacoidForm.cs -> LoadTemplates() [Line 156]

[2026-01-19 13:38:39.645] [INFO   ] Found 2 template files
    Source: LamacoidForm.cs -> LoadTemplates() [Line 170]

[2026-01-19 13:38:39.646] [DEBUG  ] Added template: SMALL-RECT-TEMPLATE - Bigger
    Source: LamacoidForm.cs -> LoadTemplates() [Line 176]

[2026-01-19 13:38:39.646] [DEBUG  ] Added template: SMALL-RECT-TEMPLATE
    Source: LamacoidForm.cs -> LoadTemplates() [Line 176]

[2026-01-19 13:38:39.646] [INFO   ] Default template selected: SMALL-RECT-TEMPLATE - Bigger
    Source: LamacoidForm.cs -> LoadTemplates() [Line 182]

[2026-01-19 14:50:09.284] [INFO   ] === Visual Lamacoid Library Started ===
    Source: VisualLibraryForm.cs -> InitializeLogging() [Line 47]

[2026-01-19 14:50:09.284] [INFO   ] === System Information ===
    Source: Logger.cs -> LogSystemInfo() [Line 276]

[2026-01-19 14:50:09.284] [INFO   ] Operating System: Microsoft Windows NT 6.2.9200.0
    Source: Logger.cs -> LogSystemInfo() [Line 277]

[2026-01-19 14:50:09.284] [INFO   ] OS Version: 6.2.9200.0
    Source: Logger.cs -> LogSystemInfo() [Line 278]

[2026-01-19 14:50:09.284] [INFO   ] 64-bit OS: True
    Source: Logger.cs -> LogSystemInfo() [Line 279]

[2026-01-19 14:50:09.284] [INFO   ] 64-bit Process: True
    Source: Logger.cs -> LogSystemInfo() [Line 280]

[2026-01-19 14:50:09.284] [INFO   ] Machine Name: D-1077
    Source: Logger.cs -> LogSystemInfo() [Line 281]

[2026-01-19 14:50:09.284] [INFO   ] User Name: dlebel
    Source: Logger.cs -> LogSystemInfo() [Line 282]

[2026-01-19 14:50:09.284] [INFO   ] CLR Version: 4.0.30319.42000
    Source: Logger.cs -> LogSystemInfo() [Line 283]

[2026-01-19 14:50:09.284] [INFO   ] Working Directory: C:\Users\dlebel\Downloads\LamCreator-main (1)\LamCreator-main\Lamacoid Creator\Lamacoid Creator\bin\Debug
    Source: Logger.cs -> LogSystemInfo() [Line 284]

[2026-01-19 14:50:09.284] [INFO   ] System Directory: C:\WINDOWS\system32
    Source: Logger.cs -> LogSystemInfo() [Line 285]

[2026-01-19 14:50:09.284] [INFO   ] =========================
    Source: Logger.cs -> LogSystemInfo() [Line 286]

[2026-01-19 14:50:38.916] [ERROR  ] Error loading templates
    Source: VisualLibraryForm.cs -> LoadTemplates() [Line 297]
    Exception Type: System.NullReferenceException
    Exception Message: Object reference not set to an instance of an object.
    Stack Trace:
        at Lamacoid_Creator.VisualLibraryForm.RefreshGallery() in C:\Users\dlebel\Downloads\LamCreator-main (1)\LamCreator-main\Lamacoid Creator\Lamacoid Creator\VisualLibraryForm.cs:line 313
        at Lamacoid_Creator.VisualLibraryForm.TemplateComboBox_SelectedIndexChanged(Object sender, EventArgs e) in C:\Users\dlebel\Downloads\LamCreator-main (1)\LamCreator-main\Lamacoid Creator\Lamacoid Creator\VisualLibraryForm.cs:line 303
        at System.Windows.Forms.ComboBox.OnSelectedIndexChanged(EventArgs e)
        at System.Windows.Forms.ComboBox.set_SelectedIndex(Int32 value)
        at Lamacoid_Creator.VisualLibraryForm.LoadTemplates() in C:\Users\dlebel\Downloads\LamCreator-main (1)\LamCreator-main\Lamacoid Creator\Lamacoid Creator\VisualLibraryForm.cs:line 292

[2026-01-19 14:50:38.930] [INFO   ] === Starting Lamacoid Index Build ===
    Source: LamacoidIndex.cs -> BuildIndex() [Line 43]

[2026-01-19 14:50:38.956] [INFO   ] Found 331 DWG files to index
    Source: LamacoidIndex.cs -> BuildIndex() [Line 58]

[2026-01-19 14:50:38.972] [DEBUG  ] OpenTemplate called for: Y:\Autocad\Template\~LAMACOIDS\Lams\E-LAM-001.dwg
    Source: DraftSightHelper.cs -> OpenTemplate() [Line 87]

[2026-01-19 14:50:38.972] [WARNING] DraftSight application reference is null, initializing...
    Source: DraftSightHelper.cs -> OpenTemplate() [Line 91]

[2026-01-19 14:50:38.972] [INFO   ] Attempting to connect to DraftSight application...
    Source: DraftSightHelper.cs -> InitializeDraftSight() [Line 63]

[2026-01-19 14:50:39.010] [FATAL  ] Failed to connect to DraftSight application
    Source: DraftSightHelper.cs -> InitializeDraftSight() [Line 72]
    Exception Type: System.Runtime.InteropServices.COMException
    Exception Message: Operation unavailable (Exception from HRESULT: 0x800401E3 (MK_E_UNAVAILABLE))
    Stack Trace:
        at System.Runtime.InteropServices.Marshal.GetActiveObject(Guid& rclsid, IntPtr reserved, Object& ppunk)
        at System.Runtime.InteropServices.Marshal.GetActiveObject(String progID)
        at Lamacoid_Creator.DraftSightHelper.InitializeDraftSight() in C:\Users\dlebel\Downloads\LamCreator-main (1)\LamCreator-main\Lamacoid Creator\Lamacoid Creator\DraftSightHelper.cs:line 66

[2026-01-19 14:50:54.253] [ERROR  ] DraftSight application is not running
    Source: DraftSightHelper.cs -> OpenTemplate() [Line 95]

[2026-01-19 14:50:54.255] [INFO   ] Created thumbnail directory: C:\Users\dlebel\Downloads\LamCreator-main (1)\LamCreator-main\Lamacoid Creator\Lamacoid Creator\bin\Debug\Thumbnails
    Source: ThumbnailGenerator.cs -> GetThumbnailDirectory() [Line 30]

[2026-01-19 14:50:54.278] [DEBUG  ] OpenTemplate called for: Y:\Autocad\Template\~LAMACOIDS\Lams\E-LAM-002.dwg
    Source: DraftSightHelper.cs -> OpenTemplate() [Line 87]

[2026-01-19 14:50:54.278] [WARNING] DraftSight application reference is null, initializing...
    Source: DraftSightHelper.cs -> OpenTemplate() [Line 91]

[2026-01-19 14:50:54.278] [INFO   ] Attempting to connect to DraftSight application...
    Source: DraftSightHelper.cs -> InitializeDraftSight() [Line 63]

[2026-01-19 14:51:00.192] [INFO   ] Successfully connected to DraftSight application
    Source: DraftSightHelper.cs -> InitializeDraftSight() [Line 67]

[2026-01-19 14:51:01.763] [INFO   ] Performance: Opening document E-LAM-002.dwg completed in 1574ms
    Source: DraftSightHelper.cs -> OpenTemplate() [Line 108]

[2026-01-19 14:51:01.763] [INFO   ] Successfully opened template: E-LAM-002.dwg
    Source: DraftSightHelper.cs -> OpenTemplate() [Line 109]

[2026-01-19 14:51:01.883] [DEBUG  ] Extracted properties from E-LAM-002: Contents='', Colour='RED WITH WHITE TEXT'
    Source: LamacoidIndex.cs -> ExtractPropertiesFromDwg() [Line 177]

[2026-01-19 14:51:01.883] [DEBUG  ] CloseDocument called for: E-LAM-002.dwg
    Source: DraftSightHelper.cs -> CloseDocument() [Line 198]

[2026-01-19 14:51:02.200] [INFO   ] Successfully closed document: E-LAM-002.dwg
    Source: DraftSightHelper.cs -> CloseDocument() [Line 205]

[2026-01-19 14:51:02.220] [DEBUG  ] OpenTemplate called for: Y:\Autocad\Template\~LAMACOIDS\Lams\E-LAM-003.dwg
    Source: DraftSightHelper.cs -> OpenTemplate() [Line 87]

[2026-01-19 14:51:03.642] [INFO   ] Performance: Opening document E-LAM-003.dwg completed in 1421ms
    Source: DraftSightHelper.cs -> OpenTemplate() [Line 108]

[2026-01-19 14:51:03.642] [INFO   ] Successfully opened template: E-LAM-003.dwg
    Source: DraftSightHelper.cs -> OpenTemplate() [Line 109]

[2026-01-19 14:51:03.684] [DEBUG  ] Extracted properties from E-LAM-003: Contents='', Colour='BRUSHED STAINLESS WITH BLACK TEXT'
    Source: LamacoidIndex.cs -> ExtractPropertiesFromDwg() [Line 177]

[2026-01-19 14:51:03.684] [DEBUG  ] CloseDocument called for: E-LAM-003.dwg
    Source: DraftSightHelper.cs -> CloseDocument() [Line 198]

[2026-01-19 14:51:03.916] [INFO   ] Successfully closed document: E-LAM-003.dwg
    Source: DraftSightHelper.cs -> CloseDocument() [Line 205]

[2026-01-19 14:51:03.931] [DEBUG  ] OpenTemplate called for: Y:\Autocad\Template\~LAMACOIDS\Lams\E-LAM-004.dwg
    Source: DraftSightHelper.cs -> OpenTemplate() [Line 87]

[2026-01-19 14:51:04.486] [INFO   ] Performance: Opening document E-LAM-004.dwg completed in 554ms
    Source: DraftSightHelper.cs -> OpenTemplate() [Line 108]

[2026-01-19 14:51:04.487] [INFO   ] Successfully opened template: E-LAM-004.dwg
    Source: DraftSightHelper.cs -> OpenTemplate() [Line 109]

[2026-01-19 14:51:04.496] [DEBUG  ] Extracted properties from E-LAM-004: Contents='', Colour='BRUSHED STAINLESS WITH BLACK TEXT'
    Source: LamacoidIndex.cs -> ExtractPropertiesFromDwg() [Line 177]

[2026-01-19 14:51:04.496] [DEBUG  ] CloseDocument called for: E-LAM-004.dwg
    Source: DraftSightHelper.cs -> CloseDocument() [Line 198]

[2026-01-19 14:51:04.763] [INFO   ] Successfully closed document: E-LAM-004.dwg
    Source: DraftSightHelper.cs -> CloseDocument() [Line 205]

[2026-01-19 14:51:04.780] [DEBUG  ] OpenTemplate called for: Y:\Autocad\Template\~LAMACOIDS\Lams\E-LAM-005.dwg
    Source: DraftSightHelper.cs -> OpenTemplate() [Line 87]

[2026-01-19 14:51:05.248] [INFO   ] Performance: Opening document E-LAM-005.dwg completed in 468ms
    Source: DraftSightHelper.cs -> OpenTemplate() [Line 108]

[2026-01-19 14:51:05.248] [INFO   ] Successfully opened template: E-LAM-005.dwg
    Source: DraftSightHelper.cs -> OpenTemplate() [Line 109]

[2026-01-19 14:51:05.253] [DEBUG  ] Extracted properties from E-LAM-005: Contents='', Colour='BRUSHED STAINLESS WITH BLACK TEXT'
    Source: LamacoidIndex.cs -> ExtractPropertiesFromDwg() [Line 177]

[2026-01-19 14:51:05.253] [DEBUG  ] CloseDocument called for: E-LAM-005.dwg
    Source: DraftSightHelper.cs -> CloseDocument() [Line 198]

[2026-01-19 14:51:05.532] [INFO   ] Successfully closed document: E-LAM-005.dwg
    Source: DraftSightHelper.cs -> CloseDocument() [Line 205]

[2026-01-19 14:51:05.547] [DEBUG  ] OpenTemplate called for: Y:\Autocad\Template\~LAMACOIDS\Lams\E-LAM-006.dwg
    Source: DraftSightHelper.cs -> OpenTemplate() [Line 87]

[2026-01-19 14:51:05.998] [INFO   ] Performance: Opening document E-LAM-006.dwg completed in 461ms
    Source: DraftSightHelper.cs -> OpenTemplate() [Line 108]

[2026-01-19 14:51:05.998] [INFO   ] Successfully opened template: E-LAM-006.dwg
    Source: DraftSightHelper.cs -> OpenTemplate() [Line 109]

[2026-01-19 14:51:06.022] [DEBUG  ] Extracted properties from E-LAM-006: Contents='', Colour='BRUSHED STAINLESS WITH BLACK TEXT'
    Source: LamacoidIndex.cs -> ExtractPropertiesFromDwg() [Line 177]

[2026-01-19 14:51:06.023] [DEBUG  ] CloseDocument called for: E-LAM-006.dwg
    Source: DraftSightHelper.cs -> CloseDocument() [Line 198]

[2026-01-19 14:51:06.292] [INFO   ] Successfully closed document: E-LAM-006.dwg
    Source: DraftSightHelper.cs -> CloseDocument() [Line 205]

[2026-01-19 14:51:06.296] [DEBUG  ] Generating thumbnail for: Y:\Autocad\Template\~LAMACOIDS\Lams\E-LAM-006.pdf
    Source: ThumbnailGenerator.cs -> GenerateThumbnail() [Line 67]

[2026-01-19 14:51:06.371] [ERROR  ] Failed to generate thumbnail for Y:\Autocad\Template\~LAMACOIDS\Lams\E-LAM-006.pdf
    Source: ThumbnailGenerator.cs -> GenerateThumbnail() [Line 89]
    Exception Type: System.DllNotFoundException
    Exception Message: Unable to load DLL 'pdfium.dll': The specified module could not be found. (Exception from HRESULT: 0x8007007E)
    Stack Trace:
        at PdfiumViewer.NativeMethods.Imports.FPDF_AddRef()
        at PdfiumViewer.NativeMethods.FPDF_AddRef()
        at PdfiumViewer.PdfLibrary.EnsureLoaded()
        at PdfiumViewer.PdfFile..ctor(Stream stream, String password)
        at PdfiumViewer.PdfDocument..ctor(Stream stream, String password)
        at PdfiumViewer.PdfDocument.Load(Stream stream, String password)
        at Lamacoid_Creator.ThumbnailGenerator.GenerateThumbnail(String pdfPath, Int32 lamacoidNumber) in C:\Users\dlebel\Downloads\LamCreator-main (1)\LamCreator-main\Lamacoid Creator\Lamacoid Creator\ThumbnailGenerator.cs:line 69

[2026-01-19 14:51:06.383] [DEBUG  ] OpenTemplate called for: Y:\Autocad\Template\~LAMACOIDS\Lams\E-LAM-007.dwg
    Source: DraftSightHelper.cs -> OpenTemplate() [Line 87]

[2026-01-19 14:51:07.130] [INFO   ] Performance: Opening document E-LAM-007.dwg completed in 753ms
    Source: DraftSightHelper.cs -> OpenTemplate() [Line 108]

[2026-01-19 14:51:07.130] [INFO   ] Successfully opened template: E-LAM-007.dwg
    Source: DraftSightHelper.cs -> OpenTemplate() [Line 109]

[2026-01-19 14:51:07.152] [DEBUG  ] Extracted properties from E-LAM-007: Contents='', Colour='YELLOW WITH BLACK TEXT'
    Source: LamacoidIndex.cs -> ExtractPropertiesFromDwg() [Line 177]

[2026-01-19 14:51:07.153] [DEBUG  ] CloseDocument called for: E-LAM-007.dwg
    Source: DraftSightHelper.cs -> CloseDocument() [Line 198]

[2026-01-19 14:51:07.424] [INFO   ] Successfully closed document: E-LAM-007.dwg
    Source: DraftSightHelper.cs -> CloseDocument() [Line 205]

[2026-01-19 14:51:07.427] [DEBUG  ] Generating thumbnail for: Y:\Autocad\Template\~LAMACOIDS\Lams\E-LAM-007.pdf
    Source: ThumbnailGenerator.cs -> GenerateThumbnail() [Line 67]

[2026-01-19 14:51:07.489] [ERROR  ] Failed to generate thumbnail for Y:\Autocad\Template\~LAMACOIDS\Lams\E-LAM-007.pdf
    Source: ThumbnailGenerator.cs -> GenerateThumbnail() [Line 89]
    Exception Type: System.DllNotFoundException
    Exception Message: Unable to load DLL 'pdfium.dll': The specified module could not be found. (Exception from HRESULT: 0x8007007E)
    Stack Trace:
        at PdfiumViewer.NativeMethods.Imports.FPDF_AddRef()
        at PdfiumViewer.NativeMethods.FPDF_AddRef()
        at PdfiumViewer.PdfLibrary.EnsureLoaded()
        at PdfiumViewer.PdfFile..ctor(Stream stream, String password)
        at PdfiumViewer.PdfDocument..ctor(Stream stream, String password)
        at PdfiumViewer.PdfDocument.Load(Stream stream, String password)
        at Lamacoid_Creator.ThumbnailGenerator.GenerateThumbnail(String pdfPath, Int32 lamacoidNumber) in C:\Users\dlebel\Downloads\LamCreator-main (1)\LamCreator-main\Lamacoid Creator\Lamacoid Creator\ThumbnailGenerator.cs:line 69

[2026-01-19 14:51:07.499] [DEBUG  ] OpenTemplate called for: Y:\Autocad\Template\~LAMACOIDS\Lams\E-LAM-008.dwg
    Source: DraftSightHelper.cs -> OpenTemplate() [Line 87]

[2026-01-19 14:51:08.008] [INFO   ] Performance: Opening document E-LAM-008.dwg completed in 504ms
    Source: DraftSightHelper.cs -> OpenTemplate() [Line 108]

[2026-01-19 14:51:08.009] [INFO   ] Successfully opened template: E-LAM-008.dwg
    Source: DraftSightHelper.cs -> OpenTemplate() [Line 109]

[2026-01-19 14:51:08.017] [DEBUG  ] Extracted properties from E-LAM-008: Contents='', Colour='YELLOW WITH BLACK TEXT'
    Source: LamacoidIndex.cs -> ExtractPropertiesFromDwg() [Line 177]

[2026-01-19 14:51:08.017] [DEBUG  ] CloseDocument called for: E-LAM-008.dwg
    Source: DraftSightHelper.cs -> CloseDocument() [Line 198]

[2026-01-19 14:51:08.281] [INFO   ] Successfully closed document: E-LAM-008.dwg
    Source: DraftSightHelper.cs -> CloseDocument() [Line 205]

[2026-01-19 14:51:08.281] [DEBUG  ] Generating thumbnail for: Y:\Autocad\Template\~LAMACOIDS\Lams\E-LAM-008.pdf
    Source: ThumbnailGenerator.cs -> GenerateThumbnail() [Line 67]

[2026-01-19 14:51:08.349] [ERROR  ] Failed to generate thumbnail for Y:\Autocad\Template\~LAMACOIDS\Lams\E-LAM-008.pdf
    Source: ThumbnailGenerator.cs -> GenerateThumbnail() [Line 89]
    Exception Type: System.DllNotFoundException
    Exception Message: Unable to load DLL 'pdfium.dll': The specified module could not be found. (Exception from HRESULT: 0x8007007E)
    Stack Trace:
        at PdfiumViewer.NativeMethods.Imports.FPDF_AddRef()
        at PdfiumViewer.NativeMethods.FPDF_AddRef()
        at PdfiumViewer.PdfLibrary.EnsureLoaded()
        at PdfiumViewer.PdfFile..ctor(Stream stream, String password)
        at PdfiumViewer.PdfDocument..ctor(Stream stream, String password)
        at PdfiumViewer.PdfDocument.Load(Stream stream, String password)
        at Lamacoid_Creator.ThumbnailGenerator.GenerateThumbnail(String pdfPath, Int32 lamacoidNumber) in C:\Users\dlebel\Downloads\LamCreator-main (1)\LamCreator-main\Lamacoid Creator\Lamacoid Creator\ThumbnailGenerator.cs:line 69

[2026-01-19 14:51:08.367] [DEBUG  ] OpenTemplate called for: Y:\Autocad\Template\~LAMACOIDS\Lams\E-LAM-009.dwg
    Source: DraftSightHelper.cs -> OpenTemplate() [Line 87]

[2026-01-19 14:51:08.893] [INFO   ] Performance: Opening document E-LAM-009.dwg completed in 525ms
    Source: DraftSightHelper.cs -> OpenTemplate() [Line 108]

[2026-01-19 14:51:08.893] [INFO   ] Successfully opened template: E-LAM-009.dwg
    Source: DraftSightHelper.cs -> OpenTemplate() [Line 109]

[2026-01-19 14:51:08.899] [DEBUG  ] Extracted properties from E-LAM-009: Contents='', Colour='YELLOW WITH BLACK TEXT'
    Source: LamacoidIndex.cs -> ExtractPropertiesFromDwg() [Line 177]

[2026-01-19 14:51:08.899] [DEBUG  ] CloseDocument called for: E-LAM-009.dwg
    Source: DraftSightHelper.cs -> CloseDocument() [Line 198]

[2026-01-19 14:51:09.168] [INFO   ] Successfully closed document: E-LAM-009.dwg
    Source: DraftSightHelper.cs -> CloseDocument() [Line 205]

[2026-01-19 14:51:09.177] [DEBUG  ] Generating thumbnail for: Y:\Autocad\Template\~LAMACOIDS\Lams\E-LAM-009.pdf
    Source: ThumbnailGenerator.cs -> GenerateThumbnail() [Line 67]

[2026-01-19 14:51:09.235] [ERROR  ] Failed to generate thumbnail for Y:\Autocad\Template\~LAMACOIDS\Lams\E-LAM-009.pdf
    Source: ThumbnailGenerator.cs -> GenerateThumbnail() [Line 89]
    Exception Type: System.DllNotFoundException
    Exception Message: Unable to load DLL 'pdfium.dll': The specified module could not be found. (Exception from HRESULT: 0x8007007E)
    Stack Trace:
        at PdfiumViewer.NativeMethods.Imports.FPDF_AddRef()
        at PdfiumViewer.NativeMethods.FPDF_AddRef()
        at PdfiumViewer.PdfLibrary.EnsureLoaded()
        at PdfiumViewer.PdfFile..ctor(Stream stream, String password)
        at PdfiumViewer.PdfDocument..ctor(Stream stream, String password)
        at PdfiumViewer.PdfDocument.Load(Stream stream, String password)
        at Lamacoid_Creator.ThumbnailGenerator.GenerateThumbnail(String pdfPath, Int32 lamacoidNumber) in C:\Users\dlebel\Downloads\LamCreator-main (1)\LamCreator-main\Lamacoid Creator\Lamacoid Creator\ThumbnailGenerator.cs:line 69

[2026-01-19 14:51:09.249] [DEBUG  ] OpenTemplate called for: Y:\Autocad\Template\~LAMACOIDS\Lams\E-LAM-010.dwg
    Source: DraftSightHelper.cs -> OpenTemplate() [Line 87]

[2026-01-19 14:51:09.751] [INFO   ] Performance: Opening document E-LAM-010.dwg completed in 501ms
    Source: DraftSightHelper.cs -> OpenTemplate() [Line 108]

[2026-01-19 14:51:09.751] [INFO   ] Successfully opened template: E-LAM-010.dwg
    Source: DraftSightHelper.cs -> OpenTemplate() [Line 109]

[2026-01-19 14:51:09.762] [DEBUG  ] Extracted properties from E-LAM-010: Contents='', Colour='YELLOW WITH BLACK TEXT'
    Source: LamacoidIndex.cs -> ExtractPropertiesFromDwg() [Line 177]

[2026-01-19 14:51:09.762] [DEBUG  ] CloseDocument called for: E-LAM-010.dwg
    Source: DraftSightHelper.cs -> CloseDocument() [Line 198]

[2026-01-19 14:51:10.014] [INFO   ] Successfully closed document: E-LAM-010.dwg
    Source: DraftSightHelper.cs -> CloseDocument() [Line 205]

[2026-01-19 14:51:10.014] [DEBUG  ] Generating thumbnail for: Y:\Autocad\Template\~LAMACOIDS\Lams\E-LAM-010.pdf
    Source: ThumbnailGenerator.cs -> GenerateThumbnail() [Line 67]

[2026-01-19 14:51:10.082] [ERROR  ] Failed to generate thumbnail for Y:\Autocad\Template\~LAMACOIDS\Lams\E-LAM-010.pdf
    Source: ThumbnailGenerator.cs -> GenerateThumbnail() [Line 89]
    Exception Type: System.DllNotFoundException
    Exception Message: Unable to load DLL 'pdfium.dll': The specified module could not be found. (Exception from HRESULT: 0x8007007E)
    Stack Trace:
        at PdfiumViewer.NativeMethods.Imports.FPDF_AddRef()
        at PdfiumViewer.NativeMethods.FPDF_AddRef()
        at PdfiumViewer.PdfLibrary.EnsureLoaded()
        at PdfiumViewer.PdfFile..ctor(Stream stream, String password)
        at PdfiumViewer.PdfDocument..ctor(Stream stream, String password)
        at PdfiumViewer.PdfDocument.Load(Stream stream, String password)
        at Lamacoid_Creator.ThumbnailGenerator.GenerateThumbnail(String pdfPath, Int32 lamacoidNumber) in C:\Users\dlebel\Downloads\LamCreator-main (1)\LamCreator-main\Lamacoid Creator\Lamacoid Creator\ThumbnailGenerator.cs:line 69

[2026-01-19 14:51:10.099] [DEBUG  ] OpenTemplate called for: Y:\Autocad\Template\~LAMACOIDS\Lams\E-LAM-011.dwg
    Source: DraftSightHelper.cs -> OpenTemplate() [Line 87]

[2026-01-19 14:51:10.569] [INFO   ] Performance: Opening document E-LAM-011.dwg completed in 469ms
    Source: DraftSightHelper.cs -> OpenTemplate() [Line 108]

[2026-01-19 14:51:10.569] [INFO   ] Successfully opened template: E-LAM-011.dwg
    Source: DraftSightHelper.cs -> OpenTemplate() [Line 109]

[2026-01-19 14:51:10.583] [DEBUG  ] Extracted properties from E-LAM-011: Contents='', Colour='GREEN WITH WHITE TEXT'
    Source: LamacoidIndex.cs -> ExtractPropertiesFromDwg() [Line 177]

[2026-01-19 14:51:10.583] [DEBUG  ] CloseDocument called for: E-LAM-011.dwg
    Source: DraftSightHelper.cs -> CloseDocument() [Line 198]

[2026-01-19 14:51:10.850] [INFO   ] Successfully closed document: E-LAM-011.dwg
    Source: DraftSightHelper.cs -> CloseDocument() [Line 205]

[2026-01-19 14:51:10.857] [DEBUG  ] Generating thumbnail for: Y:\Autocad\Template\~LAMACOIDS\Lams\E-LAM-011.pdf
    Source: ThumbnailGenerator.cs -> GenerateThumbnail() [Line 67]

[2026-01-19 14:51:10.919] [ERROR  ] Failed to generate thumbnail for Y:\Autocad\Template\~LAMACOIDS\Lams\E-LAM-011.pdf
    Source: ThumbnailGenerator.cs -> GenerateThumbnail() [Line 89]
    Exception Type: System.DllNotFoundException
    Exception Message: Unable to load DLL 'pdfium.dll': The specified module could not be found. (Exception from HRESULT: 0x8007007E)
    Stack Trace:
        at PdfiumViewer.NativeMethods.Imports.FPDF_AddRef()
        at PdfiumViewer.NativeMethods.FPDF_AddRef()
        at PdfiumViewer.PdfLibrary.EnsureLoaded()
        at PdfiumViewer.PdfFile..ctor(Stream stream, String password)
        at PdfiumViewer.PdfDocument..ctor(Stream stream, String password)
        at PdfiumViewer.PdfDocument.Load(Stream stream, String password)
        at Lamacoid_Creator.ThumbnailGenerator.GenerateThumbnail(String pdfPath, Int32 lamacoidNumber) in C:\Users\dlebel\Downloads\LamCreator-main (1)\LamCreator-main\Lamacoid Creator\Lamacoid Creator\ThumbnailGenerator.cs:line 69

[2026-01-19 14:51:10.935] [DEBUG  ] OpenTemplate called for: Y:\Autocad\Template\~LAMACOIDS\Lams\E-LAM-012.dwg
    Source: DraftSightHelper.cs -> OpenTemplate() [Line 87]

[2026-01-19 14:51:11.463] [INFO   ] Performance: Opening document E-LAM-012.dwg completed in 526ms
    Source: DraftSightHelper.cs -> OpenTemplate() [Line 108]

[2026-01-19 14:51:11.463] [INFO   ] Successfully opened template: E-LAM-012.dwg
    Source: DraftSightHelper.cs -> OpenTemplate() [Line 109]

[2026-01-19 14:51:11.476] [DEBUG  ] Extracted properties from E-LAM-012: Contents='', Colour='GREEN WITH WHITE TEXT'
    Source: LamacoidIndex.cs -> ExtractPropertiesFromDwg() [Line 177]

[2026-01-19 14:51:11.476] [DEBUG  ] CloseDocument called for: E-LAM-012.dwg
    Source: DraftSightHelper.cs -> CloseDocument() [Line 198]

[2026-01-19 14:51:11.741] [INFO   ] Successfully closed document: E-LAM-012.dwg
    Source: DraftSightHelper.cs -> CloseDocument() [Line 205]

[2026-01-19 14:51:11.744] [DEBUG  ] Generating thumbnail for: Y:\Autocad\Template\~LAMACOIDS\Lams\E-LAM-012.pdf
    Source: ThumbnailGenerator.cs -> GenerateThumbnail() [Line 67]

[2026-01-19 14:51:11.796] [ERROR  ] Failed to generate thumbnail for Y:\Autocad\Template\~LAMACOIDS\Lams\E-LAM-012.pdf
    Source: ThumbnailGenerator.cs -> GenerateThumbnail() [Line 89]
    Exception Type: System.DllNotFoundException
    Exception Message: Unable to load DLL 'pdfium.dll': The specified module could not be found. (Exception from HRESULT: 0x8007007E)
    Stack Trace:
        at PdfiumViewer.NativeMethods.Imports.FPDF_AddRef()
        at PdfiumViewer.NativeMethods.FPDF_AddRef()
        at PdfiumViewer.PdfLibrary.EnsureLoaded()
        at PdfiumViewer.PdfFile..ctor(Stream stream, String password)
        at PdfiumViewer.PdfDocument..ctor(Stream stream, String password)
        at PdfiumViewer.PdfDocument.Load(Stream stream, String password)
        at Lamacoid_Creator.ThumbnailGenerator.GenerateThumbnail(String pdfPath, Int32 lamacoidNumber) in C:\Users\dlebel\Downloads\LamCreator-main (1)\LamCreator-main\Lamacoid Creator\Lamacoid Creator\ThumbnailGenerator.cs:line 69

[2026-01-19 14:51:11.813] [DEBUG  ] OpenTemplate called for: Y:\Autocad\Template\~LAMACOIDS\Lams\E-LAM-013.dwg
    Source: DraftSightHelper.cs -> OpenTemplate() [Line 87]

[2026-01-19 14:51:12.283] [INFO   ] Performance: Opening document E-LAM-013.dwg completed in 460ms
    Source: DraftSightHelper.cs -> OpenTemplate() [Line 108]

[2026-01-19 14:51:12.283] [INFO   ] Successfully opened template: E-LAM-013.dwg
    Source: DraftSightHelper.cs -> OpenTemplate() [Line 109]

[2026-01-19 14:51:12.295] [DEBUG  ] Extracted properties from E-LAM-013: Contents='', Colour='GREEN WITH WHITE TEXT'
    Source: LamacoidIndex.cs -> ExtractPropertiesFromDwg() [Line 177]

[2026-01-19 14:51:12.296] [DEBUG  ] CloseDocument called for: E-LAM-013.dwg
    Source: DraftSightHelper.cs -> CloseDocument() [Line 198]

[2026-01-19 14:51:12.560] [INFO   ] Successfully closed document: E-LAM-013.dwg
    Source: DraftSightHelper.cs -> CloseDocument() [Line 205]

[2026-01-19 14:51:12.567] [DEBUG  ] Generating thumbnail for: Y:\Autocad\Template\~LAMACOIDS\Lams\E-LAM-013.pdf
    Source: ThumbnailGenerator.cs -> GenerateThumbnail() [Line 67]

[2026-01-19 14:51:12.615] [ERROR  ] Failed to generate thumbnail for Y:\Autocad\Template\~LAMACOIDS\Lams\E-LAM-013.pdf
    Source: ThumbnailGenerator.cs -> GenerateThumbnail() [Line 89]
    Exception Type: System.DllNotFoundException
    Exception Message: Unable to load DLL 'pdfium.dll': The specified module could not be found. (Exception from HRESULT: 0x8007007E)
    Stack Trace:
        at PdfiumViewer.NativeMethods.Imports.FPDF_AddRef()
        at PdfiumViewer.NativeMethods.FPDF_AddRef()
        at PdfiumViewer.PdfLibrary.EnsureLoaded()
        at PdfiumViewer.PdfFile..ctor(Stream stream, String password)
        at PdfiumViewer.PdfDocument..ctor(Stream stream, String password)
        at PdfiumViewer.PdfDocument.Load(Stream stream, String password)
        at Lamacoid_Creator.ThumbnailGenerator.GenerateThumbnail(String pdfPath, Int32 lamacoidNumber) in C:\Users\dlebel\Downloads\LamCreator-main (1)\LamCreator-main\Lamacoid Creator\Lamacoid Creator\ThumbnailGenerator.cs:line 69

[2026-01-19 14:51:12.631] [DEBUG  ] OpenTemplate called for: Y:\Autocad\Template\~LAMACOIDS\Lams\E-LAM-014.dwg
    Source: DraftSightHelper.cs -> OpenTemplate() [Line 87]

[2026-01-19 14:51:13.114] [INFO   ] Performance: Opening document E-LAM-014.dwg completed in 473ms
    Source: DraftSightHelper.cs -> OpenTemplate() [Line 108]

[2026-01-19 14:51:13.114] [INFO   ] Successfully opened template: E-LAM-014.dwg
    Source: DraftSightHelper.cs -> OpenTemplate() [Line 109]

[2026-01-19 14:51:13.133] [DEBUG  ] Extracted properties from E-LAM-014: Contents='', Colour='GREEN WITH WHITE TEXT'
    Source: LamacoidIndex.cs -> ExtractPropertiesFromDwg() [Line 177]

[2026-01-19 14:51:13.134] [DEBUG  ] CloseDocument called for: E-LAM-014.dwg
    Source: DraftSightHelper.cs -> CloseDocument() [Line 198]

[2026-01-19 14:51:13.416] [INFO   ] Successfully closed document: E-LAM-014.dwg
    Source: DraftSightHelper.cs -> CloseDocument() [Line 205]

[2026-01-19 14:51:13.420] [DEBUG  ] Generating thumbnail for: Y:\Autocad\Template\~LAMACOIDS\Lams\E-LAM-014.pdf
    Source: ThumbnailGenerator.cs -> GenerateThumbnail() [Line 67]

[2026-01-19 14:51:13.475] [ERROR  ] Failed to generate thumbnail for Y:\Autocad\Template\~LAMACOIDS\Lams\E-LAM-014.pdf
    Source: ThumbnailGenerator.cs -> GenerateThumbnail() [Line 89]
    Exception Type: System.DllNotFoundException
    Exception Message: Unable to load DLL 'pdfium.dll': The specified module could not be found. (Exception from HRESULT: 0x8007007E)
    Stack Trace:
        at PdfiumViewer.NativeMethods.Imports.FPDF_AddRef()
        at PdfiumViewer.NativeMethods.FPDF_AddRef()
        at PdfiumViewer.PdfLibrary.EnsureLoaded()
        at PdfiumViewer.PdfFile..ctor(Stream stream, String password)
        at PdfiumViewer.PdfDocument..ctor(Stream stream, String password)
        at PdfiumViewer.PdfDocument.Load(Stream stream, String password)
        at Lamacoid_Creator.ThumbnailGenerator.GenerateThumbnail(String pdfPath, Int32 lamacoidNumber) in C:\Users\dlebel\Downloads\LamCreator-main (1)\LamCreator-main\Lamacoid Creator\Lamacoid Creator\ThumbnailGenerator.cs:line 69

[2026-01-19 14:51:13.493] [DEBUG  ] OpenTemplate called for: Y:\Autocad\Template\~LAMACOIDS\Lams\E-LAM-015.dwg
    Source: DraftSightHelper.cs -> OpenTemplate() [Line 87]

[2026-01-19 14:51:13.989] [INFO   ] Performance: Opening document E-LAM-015.dwg completed in 494ms
    Source: DraftSightHelper.cs -> OpenTemplate() [Line 108]

[2026-01-19 14:51:13.989] [INFO   ] Successfully opened template: E-LAM-015.dwg
    Source: DraftSightHelper.cs -> OpenTemplate() [Line 109]

[2026-01-19 14:51:13.997] [DEBUG  ] Extracted properties from E-LAM-015: Contents='', Colour='GREEN WITH WHITE TEXT'
    Source: LamacoidIndex.cs -> ExtractPropertiesFromDwg() [Line 177]

[2026-01-19 14:51:13.997] [DEBUG  ] CloseDocument called for: E-LAM-015.dwg
    Source: DraftSightHelper.cs -> CloseDocument() [Line 198]

[2026-01-19 14:51:14.266] [INFO   ] Successfully closed document: E-LAM-015.dwg
    Source: DraftSightHelper.cs -> CloseDocument() [Line 205]

[2026-01-19 14:51:14.269] [DEBUG  ] Generating thumbnail for: Y:\Autocad\Template\~LAMACOIDS\Lams\E-LAM-015.pdf
    Source: ThumbnailGenerator.cs -> GenerateThumbnail() [Line 67]

[2026-01-19 14:51:14.316] [ERROR  ] Failed to generate thumbnail for Y:\Autocad\Template\~LAMACOIDS\Lams\E-LAM-015.pdf
    Source: ThumbnailGenerator.cs -> GenerateThumbnail() [Line 89]
    Exception Type: System.DllNotFoundException
    Exception Message: Unable to load DLL 'pdfium.dll': The specified module could not be found. (Exception from HRESULT: 0x8007007E)
    Stack Trace:
        at PdfiumViewer.NativeMethods.Imports.FPDF_AddRef()
        at PdfiumViewer.NativeMethods.FPDF_AddRef()
        at PdfiumViewer.PdfLibrary.EnsureLoaded()
        at PdfiumViewer.PdfFile..ctor(Stream stream, String password)
        at PdfiumViewer.PdfDocument..ctor(Stream stream, String password)
        at PdfiumViewer.PdfDocument.Load(Stream stream, String password)
        at Lamacoid_Creator.ThumbnailGenerator.GenerateThumbnail(String pdfPath, Int32 lamacoidNumber) in C:\Users\dlebel\Downloads\LamCreator-main (1)\LamCreator-main\Lamacoid Creator\Lamacoid Creator\ThumbnailGenerator.cs:line 69

[2026-01-19 14:51:14.336] [DEBUG  ] OpenTemplate called for: Y:\Autocad\Template\~LAMACOIDS\Lams\E-LAM-016.dwg
    Source: DraftSightHelper.cs -> OpenTemplate() [Line 87]

[2026-01-19 14:51:14.842] [INFO   ] Performance: Opening document E-LAM-016.dwg completed in 501ms
    Source: DraftSightHelper.cs -> OpenTemplate() [Line 108]

[2026-01-19 14:51:14.842] [INFO   ] Successfully opened template: E-LAM-016.dwg
    Source: DraftSightHelper.cs -> OpenTemplate() [Line 109]

[2026-01-19 14:51:14.850] [DEBUG  ] Extracted properties from E-LAM-016: Contents='', Colour='GREEN WITH WHITE TEXT'
    Source: LamacoidIndex.cs -> ExtractPropertiesFromDwg() [Line 177]

[2026-01-19 14:51:14.850] [DEBUG  ] CloseDocument called for: E-LAM-016.dwg
    Source: DraftSightHelper.cs -> CloseDocument() [Line 198]

[2026-01-19 14:51:15.122] [INFO   ] Successfully closed document: E-LAM-016.dwg
    Source: DraftSightHelper.cs -> CloseDocument() [Line 205]

[2026-01-19 14:51:15.125] [DEBUG  ] Generating thumbnail for: Y:\Autocad\Template\~LAMACOIDS\Lams\E-LAM-016.pdf
    Source: ThumbnailGenerator.cs -> GenerateThumbnail() [Line 67]

[2026-01-19 14:51:15.193] [ERROR  ] Failed to generate thumbnail for Y:\Autocad\Template\~LAMACOIDS\Lams\E-LAM-016.pdf
    Source: ThumbnailGenerator.cs -> GenerateThumbnail() [Line 89]
    Exception Type: System.DllNotFoundException
    Exception Message: Unable to load DLL 'pdfium.dll': The specified module could not be found. (Exception from HRESULT: 0x8007007E)
    Stack Trace:
        at PdfiumViewer.NativeMethods.Imports.FPDF_AddRef()
        at PdfiumViewer.NativeMethods.FPDF_AddRef()
        at PdfiumViewer.PdfLibrary.EnsureLoaded()
        at PdfiumViewer.PdfFile..ctor(Stream stream, String password)
        at PdfiumViewer.PdfDocument..ctor(Stream stream, String password)
        at PdfiumViewer.PdfDocument.Load(Stream stream, String password)
        at Lamacoid_Creator.ThumbnailGenerator.GenerateThumbnail(String pdfPath, Int32 lamacoidNumber) in C:\Users\dlebel\Downloads\LamCreator-main (1)\LamCreator-main\Lamacoid Creator\Lamacoid Creator\ThumbnailGenerator.cs:line 69

[2026-01-19 14:51:15.209] [DEBUG  ] OpenTemplate called for: Y:\Autocad\Template\~LAMACOIDS\Lams\E-LAM-017.dwg
    Source: DraftSightHelper.cs -> OpenTemplate() [Line 87]

[2026-01-19 14:51:15.672] [INFO   ] Performance: Opening document E-LAM-017.dwg completed in 463ms
    Source: DraftSightHelper.cs -> OpenTemplate() [Line 108]

[2026-01-19 14:51:15.672] [INFO   ] Successfully opened template: E-LAM-017.dwg
    Source: DraftSightHelper.cs -> OpenTemplate() [Line 109]

[2026-01-19 14:51:15.681] [DEBUG  ] Extracted properties from E-LAM-017: Contents='', Colour='GREEN WITH WHITE TEXT'
    Source: LamacoidIndex.cs -> ExtractPropertiesFromDwg() [Line 177]

[2026-01-19 14:51:15.681] [DEBUG  ] CloseDocument called for: E-LAM-017.dwg
    Source: DraftSightHelper.cs -> CloseDocument() [Line 198]

[2026-01-19 14:51:15.942] [INFO   ] Successfully closed document: E-LAM-017.dwg
    Source: DraftSightHelper.cs -> CloseDocument() [Line 205]

[2026-01-19 14:51:15.958] [DEBUG  ] Generating thumbnail for: Y:\Autocad\Template\~LAMACOIDS\Lams\E-LAM-017.pdf
    Source: ThumbnailGenerator.cs -> GenerateThumbnail() [Line 67]

[2026-01-19 14:51:16.016] [ERROR  ] Failed to generate thumbnail for Y:\Autocad\Template\~LAMACOIDS\Lams\E-LAM-017.pdf
    Source: ThumbnailGenerator.cs -> GenerateThumbnail() [Line 89]
    Exception Type: System.DllNotFoundException
    Exception Message: Unable to load DLL 'pdfium.dll': The specified module could not be found. (Exception from HRESULT: 0x8007007E)
    Stack Trace:
        at PdfiumViewer.NativeMethods.Imports.FPDF_AddRef()
        at PdfiumViewer.NativeMethods.FPDF_AddRef()
        at PdfiumViewer.PdfLibrary.EnsureLoaded()
        at PdfiumViewer.PdfFile..ctor(Stream stream, String password)
        at PdfiumViewer.PdfDocument..ctor(Stream stream, String password)
        at PdfiumViewer.PdfDocument.Load(Stream stream, String password)
        at Lamacoid_Creator.ThumbnailGenerator.GenerateThumbnail(String pdfPath, Int32 lamacoidNumber) in C:\Users\dlebel\Downloads\LamCreator-main (1)\LamCreator-main\Lamacoid Creator\Lamacoid Creator\ThumbnailGenerator.cs:line 69

[2026-01-19 14:51:16.032] [DEBUG  ] OpenTemplate called for: Y:\Autocad\Template\~LAMACOIDS\Lams\E-LAM-018.dwg
    Source: DraftSightHelper.cs -> OpenTemplate() [Line 87]

[2026-01-19 14:51:16.532] [INFO   ] Performance: Opening document E-LAM-018.dwg completed in 505ms
    Source: DraftSightHelper.cs -> OpenTemplate() [Line 108]

[2026-01-19 14:51:16.532] [INFO   ] Successfully opened template: E-LAM-018.dwg
    Source: DraftSightHelper.cs -> OpenTemplate() [Line 109]

[2026-01-19 14:51:16.532] [DEBUG  ] Extracted properties from E-LAM-018: Contents='', Colour='GREEN WITH WHITE TEXT'
    Source: LamacoidIndex.cs -> ExtractPropertiesFromDwg() [Line 177]

[2026-01-19 14:51:16.532] [DEBUG  ] CloseDocument called for: E-LAM-018.dwg
    Source: DraftSightHelper.cs -> CloseDocument() [Line 198]

[2026-01-19 14:51:16.821] [INFO   ] Successfully closed document: E-LAM-018.dwg
    Source: DraftSightHelper.cs -> CloseDocument() [Line 205]

[2026-01-19 14:51:16.825] [DEBUG  ] Generating thumbnail for: Y:\Autocad\Template\~LAMACOIDS\Lams\E-LAM-018.pdf
    Source: ThumbnailGenerator.cs -> GenerateThumbnail() [Line 67]

[2026-01-19 14:51:16.884] [ERROR  ] Failed to generate thumbnail for Y:\Autocad\Template\~LAMACOIDS\Lams\E-LAM-018.pdf
    Source: ThumbnailGenerator.cs -> GenerateThumbnail() [Line 89]
    Exception Type: System.DllNotFoundException
    Exception Message: Unable to load DLL 'pdfium.dll': The specified module could not be found. (Exception from HRESULT: 0x8007007E)
    Stack Trace:
        at PdfiumViewer.NativeMethods.Imports.FPDF_AddRef()
        at PdfiumViewer.NativeMethods.FPDF_AddRef()
        at PdfiumViewer.PdfLibrary.EnsureLoaded()
        at PdfiumViewer.PdfFile..ctor(Stream stream, String password)
        at PdfiumViewer.PdfDocument..ctor(Stream stream, String password)
        at PdfiumViewer.PdfDocument.Load(Stream stream, String password)
        at Lamacoid_Creator.ThumbnailGenerator.GenerateThumbnail(String pdfPath, Int32 lamacoidNumber) in C:\Users\dlebel\Downloads\LamCreator-main (1)\LamCreator-main\Lamacoid Creator\Lamacoid Creator\ThumbnailGenerator.cs:line 69

[2026-01-19 14:51:16.911] [DEBUG  ] OpenTemplate called for: Y:\Autocad\Template\~LAMACOIDS\Lams\E-LAM-019.dwg
    Source: DraftSightHelper.cs -> OpenTemplate() [Line 87]

[2026-01-19 14:51:17.398] [INFO   ] Performance: Opening document E-LAM-019.dwg completed in 491ms
    Source: DraftSightHelper.cs -> OpenTemplate() [Line 108]

[2026-01-19 14:51:17.398] [INFO   ] Successfully opened template: E-LAM-019.dwg
    Source: DraftSightHelper.cs -> OpenTemplate() [Line 109]

[2026-01-19 14:51:17.413] [DEBUG  ] Extracted properties from E-LAM-019: Contents='', Colour='GREEN WITH WHITE TEXT'
    Source: LamacoidIndex.cs -> ExtractPropertiesFromDwg() [Line 177]

[2026-01-19 14:51:17.413] [DEBUG  ] CloseDocument called for: E-LAM-019.dwg
    Source: DraftSightHelper.cs -> CloseDocument() [Line 198]

[2026-01-19 14:51:17.684] [INFO   ] Successfully closed document: E-LAM-019.dwg
    Source: DraftSightHelper.cs -> CloseDocument() [Line 205]

[2026-01-19 14:51:17.689] [DEBUG  ] Generating thumbnail for: Y:\Autocad\Template\~LAMACOIDS\Lams\E-LAM-019.pdf
    Source: ThumbnailGenerator.cs -> GenerateThumbnail() [Line 67]

[2026-01-19 14:51:17.748] [ERROR  ] Failed to generate thumbnail for Y:\Autocad\Template\~LAMACOIDS\Lams\E-LAM-019.pdf
    Source: ThumbnailGenerator.cs -> GenerateThumbnail() [Line 89]
    Exception Type: System.DllNotFoundException
    Exception Message: Unable to load DLL 'pdfium.dll': The specified module could not be found. (Exception from HRESULT: 0x8007007E)
    Stack Trace:
        at PdfiumViewer.NativeMethods.Imports.FPDF_AddRef()
        at PdfiumViewer.NativeMethods.FPDF_AddRef()
        at PdfiumViewer.PdfLibrary.EnsureLoaded()
        at PdfiumViewer.PdfFile..ctor(Stream stream, String password)
        at PdfiumViewer.PdfDocument..ctor(Stream stream, String password)
        at PdfiumViewer.PdfDocument.Load(Stream stream, String password)
        at Lamacoid_Creator.ThumbnailGenerator.GenerateThumbnail(String pdfPath, Int32 lamacoidNumber) in C:\Users\dlebel\Downloads\LamCreator-main (1)\LamCreator-main\Lamacoid Creator\Lamacoid Creator\ThumbnailGenerator.cs:line 69

[2026-01-19 14:51:17.765] [DEBUG  ] OpenTemplate called for: Y:\Autocad\Template\~LAMACOIDS\Lams\E-LAM-020.dwg
    Source: DraftSightHelper.cs -> OpenTemplate() [Line 87]

[2026-01-19 14:51:18.232] [INFO   ] Performance: Opening document E-LAM-020.dwg completed in 466ms
    Source: DraftSightHelper.cs -> OpenTemplate() [Line 108]

[2026-01-19 14:51:18.233] [INFO   ] Successfully opened template: E-LAM-020.dwg
    Source: DraftSightHelper.cs -> OpenTemplate() [Line 109]

[2026-01-19 14:51:18.248] [DEBUG  ] Extracted properties from E-LAM-020: Contents='', Colour='GREEN WITH WHITE TEXT'
    Source: LamacoidIndex.cs -> ExtractPropertiesFromDwg() [Line 177]

[2026-01-19 14:51:18.248] [DEBUG  ] CloseDocument called for: E-LAM-020.dwg
    Source: DraftSightHelper.cs -> CloseDocument() [Line 198]

[2026-01-19 14:51:18.515] [INFO   ] Successfully closed document: E-LAM-020.dwg
    Source: DraftSightHelper.cs -> CloseDocument() [Line 205]

[2026-01-19 14:51:18.515] [DEBUG  ] Generating thumbnail for: Y:\Autocad\Template\~LAMACOIDS\Lams\E-LAM-020.pdf
    Source: ThumbnailGenerator.cs -> GenerateThumbnail() [Line 67]

[2026-01-19 14:51:18.573] [ERROR  ] Failed to generate thumbnail for Y:\Autocad\Template\~LAMACOIDS\Lams\E-LAM-020.pdf
    Source: ThumbnailGenerator.cs -> GenerateThumbnail() [Line 89]
    Exception Type: System.DllNotFoundException
    Exception Message: Unable to load DLL 'pdfium.dll': The specified module could not be found. (Exception from HRESULT: 0x8007007E)
    Stack Trace:
        at PdfiumViewer.NativeMethods.Imports.FPDF_AddRef()
        at PdfiumViewer.NativeMethods.FPDF_AddRef()
        at PdfiumViewer.PdfLibrary.EnsureLoaded()
        at PdfiumViewer.PdfFile..ctor(Stream stream, String password)
        at PdfiumViewer.PdfDocument..ctor(Stream stream, String password)
        at PdfiumViewer.PdfDocument.Load(Stream stream, String password)
        at Lamacoid_Creator.ThumbnailGenerator.GenerateThumbnail(String pdfPath, Int32 lamacoidNumber) in C:\Users\dlebel\Downloads\LamCreator-main (1)\LamCreator-main\Lamacoid Creator\Lamacoid Creator\ThumbnailGenerator.cs:line 69

[2026-01-19 14:51:18.595] [DEBUG  ] OpenTemplate called for: Y:\Autocad\Template\~LAMACOIDS\Lams\E-LAM-021.dwg
    Source: DraftSightHelper.cs -> OpenTemplate() [Line 87]

[2026-01-19 14:51:19.058] [INFO   ] Performance: Opening document E-LAM-021.dwg completed in 462ms
    Source: DraftSightHelper.cs -> OpenTemplate() [Line 108]

[2026-01-19 14:51:19.058] [INFO   ] Successfully opened template: E-LAM-021.dwg
    Source: DraftSightHelper.cs -> OpenTemplate() [Line 109]

[2026-01-19 14:51:19.074] [DEBUG  ] Extracted properties from E-LAM-021: Contents='', Colour='GREEN WITH WHITE TEXT'
    Source: LamacoidIndex.cs -> ExtractPropertiesFromDwg() [Line 177]

[2026-01-19 14:51:19.074] [DEBUG  ] CloseDocument called for: E-LAM-021.dwg
    Source: DraftSightHelper.cs -> CloseDocument() [Line 198]

[2026-01-19 14:51:19.345] [INFO   ] Successfully closed document: E-LAM-021.dwg
    Source: DraftSightHelper.cs -> CloseDocument() [Line 205]

[2026-01-19 14:51:19.349] [DEBUG  ] Generating thumbnail for: Y:\Autocad\Template\~LAMACOIDS\Lams\E-LAM-021.pdf
    Source: ThumbnailGenerator.cs -> GenerateThumbnail() [Line 67]

[2026-01-19 14:51:19.408] [ERROR  ] Failed to generate thumbnail for Y:\Autocad\Template\~LAMACOIDS\Lams\E-LAM-021.pdf
    Source: ThumbnailGenerator.cs -> GenerateThumbnail() [Line 89]
    Exception Type: System.DllNotFoundException
    Exception Message: Unable to load DLL 'pdfium.dll': The specified module could not be found. (Exception from HRESULT: 0x8007007E)
    Stack Trace:
        at PdfiumViewer.NativeMethods.Imports.FPDF_AddRef()
        at PdfiumViewer.NativeMethods.FPDF_AddRef()
        at PdfiumViewer.PdfLibrary.EnsureLoaded()
        at PdfiumViewer.PdfFile..ctor(Stream stream, String password)
        at PdfiumViewer.PdfDocument..ctor(Stream stream, String password)
        at PdfiumViewer.PdfDocument.Load(Stream stream, String password)
        at Lamacoid_Creator.ThumbnailGenerator.GenerateThumbnail(String pdfPath, Int32 lamacoidNumber) in C:\Users\dlebel\Downloads\LamCreator-main (1)\LamCreator-main\Lamacoid Creator\Lamacoid Creator\ThumbnailGenerator.cs:line 69

[2026-01-19 14:51:19.426] [DEBUG  ] OpenTemplate called for: Y:\Autocad\Template\~LAMACOIDS\Lams\E-LAM-022.dwg
    Source: DraftSightHelper.cs -> OpenTemplate() [Line 87]

[2026-01-19 14:51:19.886] [INFO   ] Performance: Opening document E-LAM-022.dwg completed in 464ms
    Source: DraftSightHelper.cs -> OpenTemplate() [Line 108]

[2026-01-19 14:51:19.886] [INFO   ] Successfully opened template: E-LAM-022.dwg
    Source: DraftSightHelper.cs -> OpenTemplate() [Line 109]

[2026-01-19 14:51:19.901] [DEBUG  ] Extracted properties from E-LAM-022: Contents='', Colour='GREEN WITH WHITE TEXT'
    Source: LamacoidIndex.cs -> ExtractPropertiesFromDwg() [Line 177]

[2026-01-19 14:51:19.901] [DEBUG  ] CloseDocument called for: E-LAM-022.dwg
    Source: DraftSightHelper.cs -> CloseDocument() [Line 198]

[2026-01-19 14:51:20.169] [INFO   ] Successfully closed document: E-LAM-022.dwg
    Source: DraftSightHelper.cs -> CloseDocument() [Line 205]

[2026-01-19 14:51:20.172] [DEBUG  ] Generating thumbnail for: Y:\Autocad\Template\~LAMACOIDS\Lams\E-LAM-022.pdf
    Source: ThumbnailGenerator.cs -> GenerateThumbnail() [Line 67]

[2026-01-19 14:51:20.231] [ERROR  ] Failed to generate thumbnail for Y:\Autocad\Template\~LAMACOIDS\Lams\E-LAM-022.pdf
    Source: ThumbnailGenerator.cs -> GenerateThumbnail() [Line 89]
    Exception Type: System.DllNotFoundException
    Exception Message: Unable to load DLL 'pdfium.dll': The specified module could not be found. (Exception from HRESULT: 0x8007007E)
    Stack Trace:
        at PdfiumViewer.NativeMethods.Imports.FPDF_AddRef()
        at PdfiumViewer.NativeMethods.FPDF_AddRef()
        at PdfiumViewer.PdfLibrary.EnsureLoaded()
        at PdfiumViewer.PdfFile..ctor(Stream stream, String password)
        at PdfiumViewer.PdfDocument..ctor(Stream stream, String password)
        at PdfiumViewer.PdfDocument.Load(Stream stream, String password)
        at Lamacoid_Creator.ThumbnailGenerator.GenerateThumbnail(String pdfPath, Int32 lamacoidNumber) in C:\Users\dlebel\Downloads\LamCreator-main (1)\LamCreator-main\Lamacoid Creator\Lamacoid Creator\ThumbnailGenerator.cs:line 69

[2026-01-19 14:51:20.246] [DEBUG  ] OpenTemplate called for: Y:\Autocad\Template\~LAMACOIDS\Lams\E-LAM-023.dwg
    Source: DraftSightHelper.cs -> OpenTemplate() [Line 87]

[2026-01-19 14:51:20.780] [INFO   ] Performance: Opening document E-LAM-023.dwg completed in 530ms
    Source: DraftSightHelper.cs -> OpenTemplate() [Line 108]

[2026-01-19 14:51:20.780] [INFO   ] Successfully opened template: E-LAM-023.dwg
    Source: DraftSightHelper.cs -> OpenTemplate() [Line 109]

[2026-01-19 14:51:20.806] [DEBUG  ] Extracted properties from E-LAM-023: Contents='', Colour='GREEN WITH WHITE TEXT'
    Source: LamacoidIndex.cs -> ExtractPropertiesFromDwg() [Line 177]

[2026-01-19 14:51:20.806] [DEBUG  ] CloseDocument called for: E-LAM-023.dwg
    Source: DraftSightHelper.cs -> CloseDocument() [Line 198]

[2026-01-19 14:51:21.069] [INFO   ] Successfully closed document: E-LAM-023.dwg
    Source: DraftSightHelper.cs -> CloseDocument() [Line 205]

[2026-01-19 14:51:21.069] [DEBUG  ] Generating thumbnail for: Y:\Autocad\Template\~LAMACOIDS\Lams\E-LAM-023.pdf
    Source: ThumbnailGenerator.cs -> GenerateThumbnail() [Line 67]

[2026-01-19 14:51:21.135] [ERROR  ] Failed to generate thumbnail for Y:\Autocad\Template\~LAMACOIDS\Lams\E-LAM-023.pdf
    Source: ThumbnailGenerator.cs -> GenerateThumbnail() [Line 89]
    Exception Type: System.DllNotFoundException
    Exception Message: Unable to load DLL 'pdfium.dll': The specified module could not be found. (Exception from HRESULT: 0x8007007E)
    Stack Trace:
        at PdfiumViewer.NativeMethods.Imports.FPDF_AddRef()
        at PdfiumViewer.NativeMethods.FPDF_AddRef()
        at PdfiumViewer.PdfLibrary.EnsureLoaded()
        at PdfiumViewer.PdfFile..ctor(Stream stream, String password)
        at PdfiumViewer.PdfDocument..ctor(Stream stream, String password)
        at PdfiumViewer.PdfDocument.Load(Stream stream, String password)
        at Lamacoid_Creator.ThumbnailGenerator.GenerateThumbnail(String pdfPath, Int32 lamacoidNumber) in C:\Users\dlebel\Downloads\LamCreator-main (1)\LamCreator-main\Lamacoid Creator\Lamacoid Creator\ThumbnailGenerator.cs:line 69

[2026-01-19 14:51:21.148] [DEBUG  ] OpenTemplate called for: Y:\Autocad\Template\~LAMACOIDS\Lams\E-LAM-024.dwg
    Source: DraftSightHelper.cs -> OpenTemplate() [Line 87]

[2026-01-19 14:51:21.663] [INFO   ] Performance: Opening document E-LAM-024.dwg completed in 510ms
    Source: DraftSightHelper.cs -> OpenTemplate() [Line 108]

[2026-01-19 14:51:21.663] [INFO   ] Successfully opened template: E-LAM-024.dwg
    Source: DraftSightHelper.cs -> OpenTemplate() [Line 109]

[2026-01-19 14:51:21.680] [DEBUG  ] Extracted properties from E-LAM-024: Contents='', Colour='GREEN WITH WHITE TEXT'
    Source: LamacoidIndex.cs -> ExtractPropertiesFromDwg() [Line 177]

[2026-01-19 14:51:21.680] [DEBUG  ] CloseDocument called for: E-LAM-024.dwg
    Source: DraftSightHelper.cs -> CloseDocument() [Line 198]

[2026-01-19 14:51:21.932] [INFO   ] Successfully closed document: E-LAM-024.dwg
    Source: DraftSightHelper.cs -> CloseDocument() [Line 205]

[2026-01-19 14:51:21.932] [DEBUG  ] Generating thumbnail for: Y:\Autocad\Template\~LAMACOIDS\Lams\E-LAM-024.pdf
    Source: ThumbnailGenerator.cs -> GenerateThumbnail() [Line 67]

[2026-01-19 14:51:22.009] [ERROR  ] Failed to generate thumbnail for Y:\Autocad\Template\~LAMACOIDS\Lams\E-LAM-024.pdf
    Source: ThumbnailGenerator.cs -> GenerateThumbnail() [Line 89]
    Exception Type: System.DllNotFoundException
    Exception Message: Unable to load DLL 'pdfium.dll': The specified module could not be found. (Exception from HRESULT: 0x8007007E)
    Stack Trace:
        at PdfiumViewer.NativeMethods.Imports.FPDF_AddRef()
        at PdfiumViewer.NativeMethods.FPDF_AddRef()
        at PdfiumViewer.PdfLibrary.EnsureLoaded()
        at PdfiumViewer.PdfFile..ctor(Stream stream, String password)
        at PdfiumViewer.PdfDocument..ctor(Stream stream, String password)
        at PdfiumViewer.PdfDocument.Load(Stream stream, String password)
        at Lamacoid_Creator.ThumbnailGenerator.GenerateThumbnail(String pdfPath, Int32 lamacoidNumber) in C:\Users\dlebel\Downloads\LamCreator-main (1)\LamCreator-main\Lamacoid Creator\Lamacoid Creator\ThumbnailGenerator.cs:line 69

[2026-01-19 14:51:22.025] [DEBUG  ] OpenTemplate called for: Y:\Autocad\Template\~LAMACOIDS\Lams\E-LAM-025.dwg
    Source: DraftSightHelper.cs -> OpenTemplate() [Line 87]

[2026-01-19 14:51:22.481] [INFO   ] Performance: Opening document E-LAM-025.dwg completed in 466ms
    Source: DraftSightHelper.cs -> OpenTemplate() [Line 108]

[2026-01-19 14:51:22.481] [INFO   ] Successfully opened template: E-LAM-025.dwg
    Source: DraftSightHelper.cs -> OpenTemplate() [Line 109]

[2026-01-19 14:51:22.497] [DEBUG  ] Extracted properties from E-LAM-025: Contents='', Colour='GREEN WITH WHITE TEXT'
    Source: LamacoidIndex.cs -> ExtractPropertiesFromDwg() [Line 177]

[2026-01-19 14:51:22.497] [DEBUG  ] CloseDocument called for: E-LAM-025.dwg
    Source: DraftSightHelper.cs -> CloseDocument() [Line 198]

[2026-01-19 14:51:22.775] [INFO   ] Successfully closed document: E-LAM-025.dwg
    Source: DraftSightHelper.cs -> CloseDocument() [Line 205]

[2026-01-19 14:51:22.782] [DEBUG  ] OpenTemplate called for: Y:\Autocad\Template\~LAMACOIDS\Lams\E-LAM-026.dwg
    Source: DraftSightHelper.cs -> OpenTemplate() [Line 87]

[2026-01-19 14:51:23.249] [INFO   ] Performance: Opening document E-LAM-026.dwg completed in 460ms
    Source: DraftSightHelper.cs -> OpenTemplate() [Line 108]

[2026-01-19 14:51:23.249] [INFO   ] Successfully opened template: E-LAM-026.dwg
    Source: DraftSightHelper.cs -> OpenTemplate() [Line 109]

[2026-01-19 14:51:23.264] [DEBUG  ] Extracted properties from E-LAM-026: Contents='', Colour='ORANGE WITH BLACK TEXT'
    Source: LamacoidIndex.cs -> ExtractPropertiesFromDwg() [Line 177]

[2026-01-19 14:51:23.264] [DEBUG  ] CloseDocument called for: E-LAM-026.dwg
    Source: DraftSightHelper.cs -> CloseDocument() [Line 198]

[2026-01-19 14:51:23.528] [INFO   ] Successfully closed document: E-LAM-026.dwg
    Source: DraftSightHelper.cs -> CloseDocument() [Line 205]

[2026-01-19 14:51:23.532] [DEBUG  ] Generating thumbnail for: Y:\Autocad\Template\~LAMACOIDS\Lams\E-LAM-026.pdf
    Source: ThumbnailGenerator.cs -> GenerateThumbnail() [Line 67]

[2026-01-19 14:51:23.579] [ERROR  ] Failed to generate thumbnail for Y:\Autocad\Template\~LAMACOIDS\Lams\E-LAM-026.pdf
    Source: ThumbnailGenerator.cs -> GenerateThumbnail() [Line 89]
    Exception Type: System.DllNotFoundException
    Exception Message: Unable to load DLL 'pdfium.dll': The specified module could not be found. (Exception from HRESULT: 0x8007007E)
    Stack Trace:
        at PdfiumViewer.NativeMethods.Imports.FPDF_AddRef()
        at PdfiumViewer.NativeMethods.FPDF_AddRef()
        at PdfiumViewer.PdfLibrary.EnsureLoaded()
        at PdfiumViewer.PdfFile..ctor(Stream stream, String password)
        at PdfiumViewer.PdfDocument..ctor(Stream stream, String password)
        at PdfiumViewer.PdfDocument.Load(Stream stream, String password)
        at Lamacoid_Creator.ThumbnailGenerator.GenerateThumbnail(String pdfPath, Int32 lamacoidNumber) in C:\Users\dlebel\Downloads\LamCreator-main (1)\LamCreator-main\Lamacoid Creator\Lamacoid Creator\ThumbnailGenerator.cs:line 69

[2026-01-19 14:51:23.605] [DEBUG  ] OpenTemplate called for: Y:\Autocad\Template\~LAMACOIDS\Lams\E-LAM-027.dwg
    Source: DraftSightHelper.cs -> OpenTemplate() [Line 87]

[2026-01-19 14:51:24.098] [INFO   ] Performance: Opening document E-LAM-027.dwg completed in 495ms
    Source: DraftSightHelper.cs -> OpenTemplate() [Line 108]

[2026-01-19 14:51:24.098] [INFO   ] Successfully opened template: E-LAM-027.dwg
    Source: DraftSightHelper.cs -> OpenTemplate() [Line 109]

[2026-01-19 14:51:24.117] [DEBUG  ] Extracted properties from E-LAM-027: Contents='', Colour='ORANGE WITH BLACK TEXT'
    Source: LamacoidIndex.cs -> ExtractPropertiesFromDwg() [Line 177]

[2026-01-19 14:51:24.117] [DEBUG  ] CloseDocument called for: E-LAM-027.dwg
    Source: DraftSightHelper.cs -> CloseDocument() [Line 198]

[2026-01-19 14:51:24.384] [INFO   ] Successfully closed document: E-LAM-027.dwg
    Source: DraftSightHelper.cs -> CloseDocument() [Line 205]

[2026-01-19 14:51:24.387] [DEBUG  ] Generating thumbnail for: Y:\Autocad\Template\~LAMACOIDS\Lams\E-LAM-027.pdf
    Source: ThumbnailGenerator.cs -> GenerateThumbnail() [Line 67]

[2026-01-19 14:51:24.448] [ERROR  ] Failed to generate thumbnail for Y:\Autocad\Template\~LAMACOIDS\Lams\E-LAM-027.pdf
    Source: ThumbnailGenerator.cs -> GenerateThumbnail() [Line 89]
    Exception Type: System.DllNotFoundException
    Exception Message: Unable to load DLL 'pdfium.dll': The specified module could not be found. (Exception from HRESULT: 0x8007007E)
    Stack Trace:
        at PdfiumViewer.NativeMethods.Imports.FPDF_AddRef()
        at PdfiumViewer.NativeMethods.FPDF_AddRef()
        at PdfiumViewer.PdfLibrary.EnsureLoaded()
        at PdfiumViewer.PdfFile..ctor(Stream stream, String password)
        at PdfiumViewer.PdfDocument..ctor(Stream stream, String password)
        at PdfiumViewer.PdfDocument.Load(Stream stream, String password)
        at Lamacoid_Creator.ThumbnailGenerator.GenerateThumbnail(String pdfPath, Int32 lamacoidNumber) in C:\Users\dlebel\Downloads\LamCreator-main (1)\LamCreator-main\Lamacoid Creator\Lamacoid Creator\ThumbnailGenerator.cs:line 69

[2026-01-19 14:51:24.467] [DEBUG  ] OpenTemplate called for: Y:\Autocad\Template\~LAMACOIDS\Lams\E-LAM-028.dwg
    Source: DraftSightHelper.cs -> OpenTemplate() [Line 87]

[2026-01-19 14:51:24.949] [INFO   ] Performance: Opening document E-LAM-028.dwg completed in 488ms
    Source: DraftSightHelper.cs -> OpenTemplate() [Line 108]

[2026-01-19 14:51:24.949] [INFO   ] Successfully opened template: E-LAM-028.dwg
    Source: DraftSightHelper.cs -> OpenTemplate() [Line 109]

[2026-01-19 14:51:24.969] [DEBUG  ] Extracted properties from E-LAM-028: Contents='', Colour='ORANGE WITH BLACK TEXT'
    Source: LamacoidIndex.cs -> ExtractPropertiesFromDwg() [Line 177]

[2026-01-19 14:51:24.969] [DEBUG  ] CloseDocument called for: E-LAM-028.dwg
    Source: DraftSightHelper.cs -> CloseDocument() [Line 198]

[2026-01-19 14:51:25.231] [INFO   ] Successfully closed document: E-LAM-028.dwg
    Source: DraftSightHelper.cs -> CloseDocument() [Line 205]

[2026-01-19 14:51:25.231] [DEBUG  ] Generating thumbnail for: Y:\Autocad\Template\~LAMACOIDS\Lams\E-LAM-028.pdf
    Source: ThumbnailGenerator.cs -> GenerateThumbnail() [Line 67]

[2026-01-19 14:51:25.298] [ERROR  ] Failed to generate thumbnail for Y:\Autocad\Template\~LAMACOIDS\Lams\E-LAM-028.pdf
    Source: ThumbnailGenerator.cs -> GenerateThumbnail() [Line 89]
    Exception Type: System.DllNotFoundException
    Exception Message: Unable to load DLL 'pdfium.dll': The specified module could not be found. (Exception from HRESULT: 0x8007007E)
    Stack Trace:
        at PdfiumViewer.NativeMethods.Imports.FPDF_AddRef()
        at PdfiumViewer.NativeMethods.FPDF_AddRef()
        at PdfiumViewer.PdfLibrary.EnsureLoaded()
        at PdfiumViewer.PdfFile..ctor(Stream stream, String password)
        at PdfiumViewer.PdfDocument..ctor(Stream stream, String password)
        at PdfiumViewer.PdfDocument.Load(Stream stream, String password)
        at Lamacoid_Creator.ThumbnailGenerator.GenerateThumbnail(String pdfPath, Int32 lamacoidNumber) in C:\Users\dlebel\Downloads\LamCreator-main (1)\LamCreator-main\Lamacoid Creator\Lamacoid Creator\ThumbnailGenerator.cs:line 69

[2026-01-19 14:51:25.315] [DEBUG  ] OpenTemplate called for: Y:\Autocad\Template\~LAMACOIDS\Lams\E-LAM-029.dwg
    Source: DraftSightHelper.cs -> OpenTemplate() [Line 87]

[2026-01-19 14:51:25.771] [INFO   ] Performance: Opening document E-LAM-029.dwg completed in 459ms
    Source: DraftSightHelper.cs -> OpenTemplate() [Line 108]

[2026-01-19 14:51:25.771] [INFO   ] Successfully opened template: E-LAM-029.dwg
    Source: DraftSightHelper.cs -> OpenTemplate() [Line 109]

[2026-01-19 14:51:25.790] [DEBUG  ] Extracted properties from E-LAM-029: Contents='', Colour='ORANGE WITH BLACK TEXT'
    Source: LamacoidIndex.cs -> ExtractPropertiesFromDwg() [Line 177]

[2026-01-19 14:51:25.790] [DEBUG  ] CloseDocument called for: E-LAM-029.dwg
    Source: DraftSightHelper.cs -> CloseDocument() [Line 198]

[2026-01-19 14:51:26.056] [INFO   ] Successfully closed document: E-LAM-029.dwg
    Source: DraftSightHelper.cs -> CloseDocument() [Line 205]

[2026-01-19 14:51:26.060] [DEBUG  ] Generating thumbnail for: Y:\Autocad\Template\~LAMACOIDS\Lams\E-LAM-029.pdf
    Source: ThumbnailGenerator.cs -> GenerateThumbnail() [Line 67]

[2026-01-19 14:51:26.113] [ERROR  ] Failed to generate thumbnail for Y:\Autocad\Template\~LAMACOIDS\Lams\E-LAM-029.pdf
    Source: ThumbnailGenerator.cs -> GenerateThumbnail() [Line 89]
    Exception Type: System.DllNotFoundException
    Exception Message: Unable to load DLL 'pdfium.dll': The specified module could not be found. (Exception from HRESULT: 0x8007007E)
    Stack Trace:
        at PdfiumViewer.NativeMethods.Imports.FPDF_AddRef()
        at PdfiumViewer.NativeMethods.FPDF_AddRef()
        at PdfiumViewer.PdfLibrary.EnsureLoaded()
        at PdfiumViewer.PdfFile..ctor(Stream stream, String password)
        at PdfiumViewer.PdfDocument..ctor(Stream stream, String password)
        at PdfiumViewer.PdfDocument.Load(Stream stream, String password)
        at Lamacoid_Creator.ThumbnailGenerator.GenerateThumbnail(String pdfPath, Int32 lamacoidNumber) in C:\Users\dlebel\Downloads\LamCreator-main (1)\LamCreator-main\Lamacoid Creator\Lamacoid Creator\ThumbnailGenerator.cs:line 69

[2026-01-19 14:51:26.129] [DEBUG  ] OpenTemplate called for: Y:\Autocad\Template\~LAMACOIDS\Lams\E-LAM-030.dwg
    Source: DraftSightHelper.cs -> OpenTemplate() [Line 87]

[2026-01-19 14:51:26.643] [INFO   ] Performance: Opening document E-LAM-030.dwg completed in 503ms
    Source: DraftSightHelper.cs -> OpenTemplate() [Line 108]

[2026-01-19 14:51:26.644] [INFO   ] Successfully opened template: E-LAM-030.dwg
    Source: DraftSightHelper.cs -> OpenTemplate() [Line 109]

[2026-01-19 14:51:26.645] [DEBUG  ] Extracted properties from E-LAM-030: Contents='', Colour='ORANGE WITH BLACK TEXT'
    Source: LamacoidIndex.cs -> ExtractPropertiesFromDwg() [Line 177]

[2026-01-19 14:51:26.645] [DEBUG  ] CloseDocument called for: E-LAM-030.dwg
    Source: DraftSightHelper.cs -> CloseDocument() [Line 198]

[2026-01-19 14:51:26.922] [INFO   ] Successfully closed document: E-LAM-030.dwg
    Source: DraftSightHelper.cs -> CloseDocument() [Line 205]

[2026-01-19 14:51:26.926] [DEBUG  ] Generating thumbnail for: Y:\Autocad\Template\~LAMACOIDS\Lams\E-LAM-030.pdf
    Source: ThumbnailGenerator.cs -> GenerateThumbnail() [Line 67]

[2026-01-19 14:51:26.981] [ERROR  ] Failed to generate thumbnail for Y:\Autocad\Template\~LAMACOIDS\Lams\E-LAM-030.pdf
    Source: ThumbnailGenerator.cs -> GenerateThumbnail() [Line 89]
    Exception Type: System.DllNotFoundException
    Exception Message: Unable to load DLL 'pdfium.dll': The specified module could not be found. (Exception from HRESULT: 0x8007007E)
    Stack Trace:
        at PdfiumViewer.NativeMethods.Imports.FPDF_AddRef()
        at PdfiumViewer.NativeMethods.FPDF_AddRef()
        at PdfiumViewer.PdfLibrary.EnsureLoaded()
        at PdfiumViewer.PdfFile..ctor(Stream stream, String password)
        at PdfiumViewer.PdfDocument..ctor(Stream stream, String password)
        at PdfiumViewer.PdfDocument.Load(Stream stream, String password)
        at Lamacoid_Creator.ThumbnailGenerator.GenerateThumbnail(String pdfPath, Int32 lamacoidNumber) in C:\Users\dlebel\Downloads\LamCreator-main (1)\LamCreator-main\Lamacoid Creator\Lamacoid Creator\ThumbnailGenerator.cs:line 69

[2026-01-19 14:51:27.002] [DEBUG  ] OpenTemplate called for: Y:\Autocad\Template\~LAMACOIDS\Lams\E-LAM-031.dwg
    Source: DraftSightHelper.cs -> OpenTemplate() [Line 87]

[2026-01-19 14:51:27.468] [INFO   ] Performance: Opening document E-LAM-031.dwg completed in 470ms
    Source: DraftSightHelper.cs -> OpenTemplate() [Line 108]

[2026-01-19 14:51:27.468] [INFO   ] Successfully opened template: E-LAM-031.dwg
    Source: DraftSightHelper.cs -> OpenTemplate() [Line 109]

[2026-01-19 14:51:27.489] [DEBUG  ] Extracted properties from E-LAM-031: Contents='', Colour='ORANGE WITH BLACK TEXT'
    Source: LamacoidIndex.cs -> ExtractPropertiesFromDwg() [Line 177]

[2026-01-19 14:51:27.489] [DEBUG  ] CloseDocument called for: E-LAM-031.dwg
    Source: DraftSightHelper.cs -> CloseDocument() [Line 198]

[2026-01-19 14:51:27.750] [INFO   ] Successfully closed document: E-LAM-031.dwg
    Source: DraftSightHelper.cs -> CloseDocument() [Line 205]

[2026-01-19 14:51:27.754] [DEBUG  ] Generating thumbnail for: Y:\Autocad\Template\~LAMACOIDS\Lams\E-LAM-031.pdf
    Source: ThumbnailGenerator.cs -> GenerateThumbnail() [Line 67]

[2026-01-19 14:51:27.817] [ERROR  ] Failed to generate thumbnail for Y:\Autocad\Template\~LAMACOIDS\Lams\E-LAM-031.pdf
    Source: ThumbnailGenerator.cs -> GenerateThumbnail() [Line 89]
    Exception Type: System.DllNotFoundException
    Exception Message: Unable to load DLL 'pdfium.dll': The specified module could not be found. (Exception from HRESULT: 0x8007007E)
    Stack Trace:
        at PdfiumViewer.NativeMethods.Imports.FPDF_AddRef()
        at PdfiumViewer.NativeMethods.FPDF_AddRef()
        at PdfiumViewer.PdfLibrary.EnsureLoaded()
        at PdfiumViewer.PdfFile..ctor(Stream stream, String password)
        at PdfiumViewer.PdfDocument..ctor(Stream stream, String password)
        at PdfiumViewer.PdfDocument.Load(Stream stream, String password)
        at Lamacoid_Creator.ThumbnailGenerator.GenerateThumbnail(String pdfPath, Int32 lamacoidNumber) in C:\Users\dlebel\Downloads\LamCreator-main (1)\LamCreator-main\Lamacoid Creator\Lamacoid Creator\ThumbnailGenerator.cs:line 69

[2026-01-19 14:51:27.834] [DEBUG  ] OpenTemplate called for: Y:\Autocad\Template\~LAMACOIDS\Lams\E-LAM-032.dwg
    Source: DraftSightHelper.cs -> OpenTemplate() [Line 87]

[2026-01-19 14:51:28.282] [INFO   ] Performance: Opening document E-LAM-032.dwg completed in 460ms
    Source: DraftSightHelper.cs -> OpenTemplate() [Line 108]

[2026-01-19 14:51:28.282] [INFO   ] Successfully opened template: E-LAM-032.dwg
    Source: DraftSightHelper.cs -> OpenTemplate() [Line 109]

[2026-01-19 14:51:28.309] [DEBUG  ] Extracted properties from E-LAM-032: Contents='', Colour='ORANGE WITH BLACK TEXT'
    Source: LamacoidIndex.cs -> ExtractPropertiesFromDwg() [Line 177]

[2026-01-19 14:51:28.309] [DEBUG  ] CloseDocument called for: E-LAM-032.dwg
    Source: DraftSightHelper.cs -> CloseDocument() [Line 198]

[2026-01-19 14:51:28.571] [INFO   ] Successfully closed document: E-LAM-032.dwg
    Source: DraftSightHelper.cs -> CloseDocument() [Line 205]

[2026-01-19 14:51:28.575] [DEBUG  ] Generating thumbnail for: Y:\Autocad\Template\~LAMACOIDS\Lams\E-LAM-032.pdf
    Source: ThumbnailGenerator.cs -> GenerateThumbnail() [Line 67]

[2026-01-19 14:51:28.631] [ERROR  ] Failed to generate thumbnail for Y:\Autocad\Template\~LAMACOIDS\Lams\E-LAM-032.pdf
    Source: ThumbnailGenerator.cs -> GenerateThumbnail() [Line 89]
    Exception Type: System.DllNotFoundException
    Exception Message: Unable to load DLL 'pdfium.dll': The specified module could not be found. (Exception from HRESULT: 0x8007007E)
    Stack Trace:
        at PdfiumViewer.NativeMethods.Imports.FPDF_AddRef()
        at PdfiumViewer.NativeMethods.FPDF_AddRef()
        at PdfiumViewer.PdfLibrary.EnsureLoaded()
        at PdfiumViewer.PdfFile..ctor(Stream stream, String password)
        at PdfiumViewer.PdfDocument..ctor(Stream stream, String password)
        at PdfiumViewer.PdfDocument.Load(Stream stream, String password)
        at Lamacoid_Creator.ThumbnailGenerator.GenerateThumbnail(String pdfPath, Int32 lamacoidNumber) in C:\Users\dlebel\Downloads\LamCreator-main (1)\LamCreator-main\Lamacoid Creator\Lamacoid Creator\ThumbnailGenerator.cs:line 69

[2026-01-19 14:51:28.646] [DEBUG  ] OpenTemplate called for: Y:\Autocad\Template\~LAMACOIDS\Lams\E-LAM-033.dwg
    Source: DraftSightHelper.cs -> OpenTemplate() [Line 87]

[2026-01-19 14:51:29.114] [INFO   ] Performance: Opening document E-LAM-033.dwg completed in 462ms
    Source: DraftSightHelper.cs -> OpenTemplate() [Line 108]

[2026-01-19 14:51:29.114] [INFO   ] Successfully opened template: E-LAM-033.dwg
    Source: DraftSightHelper.cs -> OpenTemplate() [Line 109]

[2026-01-19 14:51:29.129] [DEBUG  ] Extracted properties from E-LAM-033: Contents='', Colour='ORANGE WITH BLACK TEXT'
    Source: LamacoidIndex.cs -> ExtractPropertiesFromDwg() [Line 177]

[2026-01-19 14:51:29.129] [DEBUG  ] CloseDocument called for: E-LAM-033.dwg
    Source: DraftSightHelper.cs -> CloseDocument() [Line 198]

[2026-01-19 14:51:29.396] [INFO   ] Successfully closed document: E-LAM-033.dwg
    Source: DraftSightHelper.cs -> CloseDocument() [Line 205]

[2026-01-19 14:51:29.396] [DEBUG  ] Generating thumbnail for: Y:\Autocad\Template\~LAMACOIDS\Lams\E-LAM-033.pdf
    Source: ThumbnailGenerator.cs -> GenerateThumbnail() [Line 67]

[2026-01-19 14:51:29.463] [ERROR  ] Failed to generate thumbnail for Y:\Autocad\Template\~LAMACOIDS\Lams\E-LAM-033.pdf
    Source: ThumbnailGenerator.cs -> GenerateThumbnail() [Line 89]
    Exception Type: System.DllNotFoundException
    Exception Message: Unable to load DLL 'pdfium.dll': The specified module could not be found. (Exception from HRESULT: 0x8007007E)
    Stack Trace:
        at PdfiumViewer.NativeMethods.Imports.FPDF_AddRef()
        at PdfiumViewer.NativeMethods.FPDF_AddRef()
        at PdfiumViewer.PdfLibrary.EnsureLoaded()
        at PdfiumViewer.PdfFile..ctor(Stream stream, String password)
        at PdfiumViewer.PdfDocument..ctor(Stream stream, String password)
        at PdfiumViewer.PdfDocument.Load(Stream stream, String password)
        at Lamacoid_Creator.ThumbnailGenerator.GenerateThumbnail(String pdfPath, Int32 lamacoidNumber) in C:\Users\dlebel\Downloads\LamCreator-main (1)\LamCreator-main\Lamacoid Creator\Lamacoid Creator\ThumbnailGenerator.cs:line 69

[2026-01-19 14:51:29.476] [DEBUG  ] OpenTemplate called for: Y:\Autocad\Template\~LAMACOIDS\Lams\E-LAM-034.dwg
    Source: DraftSightHelper.cs -> OpenTemplate() [Line 87]

[2026-01-19 14:51:29.968] [INFO   ] Performance: Opening document E-LAM-034.dwg completed in 491ms
    Source: DraftSightHelper.cs -> OpenTemplate() [Line 108]

[2026-01-19 14:51:29.968] [INFO   ] Successfully opened template: E-LAM-034.dwg
    Source: DraftSightHelper.cs -> OpenTemplate() [Line 109]

[2026-01-19 14:51:29.984] [DEBUG  ] Extracted properties from E-LAM-034: Contents='', Colour='ORANGE WITH BLACK TEXT'
    Source: LamacoidIndex.cs -> ExtractPropertiesFromDwg() [Line 177]

[2026-01-19 14:51:29.984] [DEBUG  ] CloseDocument called for: E-LAM-034.dwg
    Source: DraftSightHelper.cs -> CloseDocument() [Line 198]

[2026-01-19 14:51:30.234] [INFO   ] Successfully closed document: E-LAM-034.dwg
    Source: DraftSightHelper.cs -> CloseDocument() [Line 205]

[2026-01-19 14:51:30.246] [DEBUG  ] Generating thumbnail for: Y:\Autocad\Template\~LAMACOIDS\Lams\E-LAM-034.pdf
    Source: ThumbnailGenerator.cs -> GenerateThumbnail() [Line 67]

[2026-01-19 14:51:30.308] [ERROR  ] Failed to generate thumbnail for Y:\Autocad\Template\~LAMACOIDS\Lams\E-LAM-034.pdf
    Source: ThumbnailGenerator.cs -> GenerateThumbnail() [Line 89]
    Exception Type: System.DllNotFoundException
    Exception Message: Unable to load DLL 'pdfium.dll': The specified module could not be found. (Exception from HRESULT: 0x8007007E)
    Stack Trace:
        at PdfiumViewer.NativeMethods.Imports.FPDF_AddRef()
        at PdfiumViewer.NativeMethods.FPDF_AddRef()
        at PdfiumViewer.PdfLibrary.EnsureLoaded()
        at PdfiumViewer.PdfFile..ctor(Stream stream, String password)
        at PdfiumViewer.PdfDocument..ctor(Stream stream, String password)
        at PdfiumViewer.PdfDocument.Load(Stream stream, String password)
        at Lamacoid_Creator.ThumbnailGenerator.GenerateThumbnail(String pdfPath, Int32 lamacoidNumber) in C:\Users\dlebel\Downloads\LamCreator-main (1)\LamCreator-main\Lamacoid Creator\Lamacoid Creator\ThumbnailGenerator.cs:line 69

[2026-01-19 14:51:30.325] [DEBUG  ] OpenTemplate called for: Y:\Autocad\Template\~LAMACOIDS\Lams\E-LAM-035.dwg
    Source: DraftSightHelper.cs -> OpenTemplate() [Line 87]

[2026-01-19 14:51:30.784] [INFO   ] Performance: Opening document E-LAM-035.dwg completed in 461ms
    Source: DraftSightHelper.cs -> OpenTemplate() [Line 108]

[2026-01-19 14:51:30.784] [INFO   ] Successfully opened template: E-LAM-035.dwg
    Source: DraftSightHelper.cs -> OpenTemplate() [Line 109]

[2026-01-19 14:51:30.799] [DEBUG  ] Extracted properties from E-LAM-035: Contents='', Colour='ORANGE WITH BLACK TEXT'
    Source: LamacoidIndex.cs -> ExtractPropertiesFromDwg() [Line 177]

[2026-01-19 14:51:30.799] [DEBUG  ] CloseDocument called for: E-LAM-035.dwg
    Source: DraftSightHelper.cs -> CloseDocument() [Line 198]

[2026-01-19 14:51:31.063] [INFO   ] Successfully closed document: E-LAM-035.dwg
    Source: DraftSightHelper.cs -> CloseDocument() [Line 205]

[2026-01-19 14:51:31.065] [DEBUG  ] Generating thumbnail for: Y:\Autocad\Template\~LAMACOIDS\Lams\E-LAM-035.pdf
    Source: ThumbnailGenerator.cs -> GenerateThumbnail() [Line 67]

[2026-01-19 14:51:31.116] [ERROR  ] Failed to generate thumbnail for Y:\Autocad\Template\~LAMACOIDS\Lams\E-LAM-035.pdf
    Source: ThumbnailGenerator.cs -> GenerateThumbnail() [Line 89]
    Exception Type: System.DllNotFoundException
    Exception Message: Unable to load DLL 'pdfium.dll': The specified module could not be found. (Exception from HRESULT: 0x8007007E)
    Stack Trace:
        at PdfiumViewer.NativeMethods.Imports.FPDF_AddRef()
        at PdfiumViewer.NativeMethods.FPDF_AddRef()
        at PdfiumViewer.PdfLibrary.EnsureLoaded()
        at PdfiumViewer.PdfFile..ctor(Stream stream, String password)
        at PdfiumViewer.PdfDocument..ctor(Stream stream, String password)
        at PdfiumViewer.PdfDocument.Load(Stream stream, String password)
        at Lamacoid_Creator.ThumbnailGenerator.GenerateThumbnail(String pdfPath, Int32 lamacoidNumber) in C:\Users\dlebel\Downloads\LamCreator-main (1)\LamCreator-main\Lamacoid Creator\Lamacoid Creator\ThumbnailGenerator.cs:line 69

[2026-01-19 14:51:31.141] [DEBUG  ] OpenTemplate called for: Y:\Autocad\Template\~LAMACOIDS\Lams\E-LAM-036.dwg
    Source: DraftSightHelper.cs -> OpenTemplate() [Line 87]

[2026-01-19 14:51:31.631] [INFO   ] Performance: Opening document E-LAM-036.dwg completed in 499ms
    Source: DraftSightHelper.cs -> OpenTemplate() [Line 108]

[2026-01-19 14:51:31.631] [INFO   ] Successfully opened template: E-LAM-036.dwg
    Source: DraftSightHelper.cs -> OpenTemplate() [Line 109]

[2026-01-19 14:51:31.646] [DEBUG  ] Extracted properties from E-LAM-036: Contents='', Colour='ORANGE WITH BLACK TEXT'
    Source: LamacoidIndex.cs -> ExtractPropertiesFromDwg() [Line 177]

[2026-01-19 14:51:31.646] [DEBUG  ] CloseDocument called for: E-LAM-036.dwg
    Source: DraftSightHelper.cs -> CloseDocument() [Line 198]

[2026-01-19 14:51:31.923] [INFO   ] Successfully closed document: E-LAM-036.dwg
    Source: DraftSightHelper.cs -> CloseDocument() [Line 205]

[2026-01-19 14:51:31.926] [DEBUG  ] Generating thumbnail for: Y:\Autocad\Template\~LAMACOIDS\Lams\E-LAM-036.pdf
    Source: ThumbnailGenerator.cs -> GenerateThumbnail() [Line 67]

[2026-01-19 14:51:31.985] [ERROR  ] Failed to generate thumbnail for Y:\Autocad\Template\~LAMACOIDS\Lams\E-LAM-036.pdf
    Source: ThumbnailGenerator.cs -> GenerateThumbnail() [Line 89]
    Exception Type: System.DllNotFoundException
    Exception Message: Unable to load DLL 'pdfium.dll': The specified module could not be found. (Exception from HRESULT: 0x8007007E)
    Stack Trace:
        at PdfiumViewer.NativeMethods.Imports.FPDF_AddRef()
        at PdfiumViewer.NativeMethods.FPDF_AddRef()
        at PdfiumViewer.PdfLibrary.EnsureLoaded()
        at PdfiumViewer.PdfFile..ctor(Stream stream, String password)
        at PdfiumViewer.PdfDocument..ctor(Stream stream, String password)
        at PdfiumViewer.PdfDocument.Load(Stream stream, String password)
        at Lamacoid_Creator.ThumbnailGenerator.GenerateThumbnail(String pdfPath, Int32 lamacoidNumber) in C:\Users\dlebel\Downloads\LamCreator-main (1)\LamCreator-main\Lamacoid Creator\Lamacoid Creator\ThumbnailGenerator.cs:line 69

[2026-01-19 14:51:32.001] [DEBUG  ] OpenTemplate called for: Y:\Autocad\Template\~LAMACOIDS\Lams\E-LAM-037.dwg
    Source: DraftSightHelper.cs -> OpenTemplate() [Line 87]

[2026-01-19 14:51:32.489] [INFO   ] Performance: Opening document E-LAM-037.dwg completed in 497ms
    Source: DraftSightHelper.cs -> OpenTemplate() [Line 108]

[2026-01-19 14:51:32.489] [INFO   ] Successfully opened template: E-LAM-037.dwg
    Source: DraftSightHelper.cs -> OpenTemplate() [Line 109]

[2026-01-19 14:51:32.516] [DEBUG  ] Extracted properties from E-LAM-037: Contents='', Colour='ORANGE WITH BLACK TEXT'
    Source: LamacoidIndex.cs -> ExtractPropertiesFromDwg() [Line 177]

[2026-01-19 14:51:32.516] [DEBUG  ] CloseDocument called for: E-LAM-037.dwg
    Source: DraftSightHelper.cs -> CloseDocument() [Line 198]

[2026-01-19 14:51:32.780] [INFO   ] Successfully closed document: E-LAM-037.dwg
    Source: DraftSightHelper.cs -> CloseDocument() [Line 205]

[2026-01-19 14:51:32.780] [DEBUG  ] Generating thumbnail for: Y:\Autocad\Template\~LAMACOIDS\Lams\E-LAM-037.pdf
    Source: ThumbnailGenerator.cs -> GenerateThumbnail() [Line 67]

[2026-01-19 14:51:32.845] [ERROR  ] Failed to generate thumbnail for Y:\Autocad\Template\~LAMACOIDS\Lams\E-LAM-037.pdf
    Source: ThumbnailGenerator.cs -> GenerateThumbnail() [Line 89]
    Exception Type: System.DllNotFoundException
    Exception Message: Unable to load DLL 'pdfium.dll': The specified module could not be found. (Exception from HRESULT: 0x8007007E)
    Stack Trace:
        at PdfiumViewer.NativeMethods.Imports.FPDF_AddRef()
        at PdfiumViewer.NativeMethods.FPDF_AddRef()
        at PdfiumViewer.PdfLibrary.EnsureLoaded()
        at PdfiumViewer.PdfFile..ctor(Stream stream, String password)
        at PdfiumViewer.PdfDocument..ctor(Stream stream, String password)
        at PdfiumViewer.PdfDocument.Load(Stream stream, String password)
        at Lamacoid_Creator.ThumbnailGenerator.GenerateThumbnail(String pdfPath, Int32 lamacoidNumber) in C:\Users\dlebel\Downloads\LamCreator-main (1)\LamCreator-main\Lamacoid Creator\Lamacoid Creator\ThumbnailGenerator.cs:line 69

[2026-01-19 14:52:38.618] [INFO   ] === Visual Lamacoid Library Started ===
    Source: VisualLibraryForm.cs -> InitializeLogging() [Line 47]

[2026-01-19 14:52:38.618] [INFO   ] === System Information ===
    Source: Logger.cs -> LogSystemInfo() [Line 276]

[2026-01-19 14:52:38.619] [INFO   ] Operating System: Microsoft Windows NT 6.2.9200.0
    Source: Logger.cs -> LogSystemInfo() [Line 277]

[2026-01-19 14:52:38.619] [INFO   ] OS Version: 6.2.9200.0
    Source: Logger.cs -> LogSystemInfo() [Line 278]

[2026-01-19 14:52:38.619] [INFO   ] 64-bit OS: True
    Source: Logger.cs -> LogSystemInfo() [Line 279]

[2026-01-19 14:52:38.619] [INFO   ] 64-bit Process: True
    Source: Logger.cs -> LogSystemInfo() [Line 280]

[2026-01-19 14:52:38.619] [INFO   ] Machine Name: D-1077
    Source: Logger.cs -> LogSystemInfo() [Line 281]

[2026-01-19 14:52:38.619] [INFO   ] User Name: dlebel
    Source: Logger.cs -> LogSystemInfo() [Line 282]

[2026-01-19 14:52:38.619] [INFO   ] CLR Version: 4.0.30319.42000
    Source: Logger.cs -> LogSystemInfo() [Line 283]

[2026-01-19 14:52:38.619] [INFO   ] Working Directory: C:\Users\dlebel\Downloads\LamCreator-main (1)\LamCreator-main\Lamacoid Creator\Lamacoid Creator\bin\Debug
    Source: Logger.cs -> LogSystemInfo() [Line 284]

[2026-01-19 14:52:38.619] [INFO   ] System Directory: C:\WINDOWS\system32
    Source: Logger.cs -> LogSystemInfo() [Line 285]

[2026-01-19 14:52:38.619] [INFO   ] =========================
    Source: Logger.cs -> LogSystemInfo() [Line 286]

[2026-01-19 14:52:38.655] [INFO   ] === Starting Lamacoid Index Build ===
    Source: LamacoidIndex.cs -> BuildIndex() [Line 43]

[2026-01-19 14:52:38.678] [INFO   ] Found 331 DWG files to index
    Source: LamacoidIndex.cs -> BuildIndex() [Line 58]

[2026-01-19 14:52:38.694] [DEBUG  ] OpenTemplate called for: Y:\Autocad\Template\~LAMACOIDS\Lams\E-LAM-001.dwg
    Source: DraftSightHelper.cs -> OpenTemplate() [Line 87]

[2026-01-19 14:52:38.694] [WARNING] DraftSight application reference is null, initializing...
    Source: DraftSightHelper.cs -> OpenTemplate() [Line 91]

[2026-01-19 14:52:38.694] [INFO   ] Attempting to connect to DraftSight application...
    Source: DraftSightHelper.cs -> InitializeDraftSight() [Line 63]

[2026-01-19 14:52:38.706] [INFO   ] Successfully connected to DraftSight application
    Source: DraftSightHelper.cs -> InitializeDraftSight() [Line 67]

[2026-01-19 14:52:39.349] [INFO   ] Performance: Opening document E-LAM-001.dwg completed in 642ms
    Source: DraftSightHelper.cs -> OpenTemplate() [Line 108]

[2026-01-19 14:52:39.349] [INFO   ] Successfully opened template: E-LAM-001.dwg
    Source: DraftSightHelper.cs -> OpenTemplate() [Line 109]

[2026-01-19 14:52:39.366] [DEBUG  ] Extracted properties from E-LAM-001: Contents='', Colour='RED WITH WHITE TEXT'
    Source: LamacoidIndex.cs -> ExtractPropertiesFromDwg() [Line 177]

[2026-01-19 14:52:39.366] [DEBUG  ] CloseDocument called for: E-LAM-001.dwg
    Source: DraftSightHelper.cs -> CloseDocument() [Line 198]

[2026-01-19 14:52:39.681] [INFO   ] Successfully closed document: E-LAM-001.dwg
    Source: DraftSightHelper.cs -> CloseDocument() [Line 205]

[2026-01-19 14:52:39.700] [DEBUG  ] OpenTemplate called for: Y:\Autocad\Template\~LAMACOIDS\Lams\E-LAM-002.dwg
    Source: DraftSightHelper.cs -> OpenTemplate() [Line 87]

[2026-01-19 14:52:40.179] [INFO   ] Performance: Opening document E-LAM-002.dwg completed in 476ms
    Source: DraftSightHelper.cs -> OpenTemplate() [Line 108]

[2026-01-19 14:52:40.179] [INFO   ] Successfully opened template: E-LAM-002.dwg
    Source: DraftSightHelper.cs -> OpenTemplate() [Line 109]

[2026-01-19 14:52:40.186] [DEBUG  ] Extracted properties from E-LAM-002: Contents='', Colour='RED WITH WHITE TEXT'
    Source: LamacoidIndex.cs -> ExtractPropertiesFromDwg() [Line 177]

[2026-01-19 14:52:40.186] [DEBUG  ] CloseDocument called for: E-LAM-002.dwg
    Source: DraftSightHelper.cs -> CloseDocument() [Line 198]

[2026-01-19 14:52:40.460] [INFO   ] Successfully closed document: E-LAM-002.dwg
    Source: DraftSightHelper.cs -> CloseDocument() [Line 205]

[2026-01-19 14:52:40.482] [DEBUG  ] OpenTemplate called for: Y:\Autocad\Template\~LAMACOIDS\Lams\E-LAM-003.dwg
    Source: DraftSightHelper.cs -> OpenTemplate() [Line 87]

[2026-01-19 14:52:41.001] [INFO   ] Performance: Opening document E-LAM-003.dwg completed in 524ms
    Source: DraftSightHelper.cs -> OpenTemplate() [Line 108]

[2026-01-19 14:52:41.001] [INFO   ] Successfully opened template: E-LAM-003.dwg
    Source: DraftSightHelper.cs -> OpenTemplate() [Line 109]

[2026-01-19 14:52:41.017] [DEBUG  ] Extracted properties from E-LAM-003: Contents='', Colour='BRUSHED STAINLESS WITH BLACK TEXT'
    Source: LamacoidIndex.cs -> ExtractPropertiesFromDwg() [Line 177]

[2026-01-19 14:52:41.017] [DEBUG  ] CloseDocument called for: E-LAM-003.dwg
    Source: DraftSightHelper.cs -> CloseDocument() [Line 198]

[2026-01-19 14:52:41.287] [INFO   ] Successfully closed document: E-LAM-003.dwg
    Source: DraftSightHelper.cs -> CloseDocument() [Line 205]

[2026-01-19 14:52:41.301] [DEBUG  ] OpenTemplate called for: Y:\Autocad\Template\~LAMACOIDS\Lams\E-LAM-004.dwg
    Source: DraftSightHelper.cs -> OpenTemplate() [Line 87]

[2026-01-19 14:52:41.776] [INFO   ] Performance: Opening document E-LAM-004.dwg completed in 473ms
    Source: DraftSightHelper.cs -> OpenTemplate() [Line 108]

[2026-01-19 14:52:41.776] [INFO   ] Successfully opened template: E-LAM-004.dwg
    Source: DraftSightHelper.cs -> OpenTemplate() [Line 109]

[2026-01-19 14:52:41.786] [DEBUG  ] Extracted properties from E-LAM-004: Contents='', Colour='BRUSHED STAINLESS WITH BLACK TEXT'
    Source: LamacoidIndex.cs -> ExtractPropertiesFromDwg() [Line 177]

[2026-01-19 14:52:41.786] [DEBUG  ] CloseDocument called for: E-LAM-004.dwg
    Source: DraftSightHelper.cs -> CloseDocument() [Line 198]

[2026-01-19 14:52:42.048] [INFO   ] Successfully closed document: E-LAM-004.dwg
    Source: DraftSightHelper.cs -> CloseDocument() [Line 205]

[2026-01-19 14:52:42.063] [DEBUG  ] OpenTemplate called for: Y:\Autocad\Template\~LAMACOIDS\Lams\E-LAM-005.dwg
    Source: DraftSightHelper.cs -> OpenTemplate() [Line 87]

[2026-01-19 14:52:42.578] [INFO   ] Performance: Opening document E-LAM-005.dwg completed in 515ms
    Source: DraftSightHelper.cs -> OpenTemplate() [Line 108]

[2026-01-19 14:52:42.578] [INFO   ] Successfully opened template: E-LAM-005.dwg
    Source: DraftSightHelper.cs -> OpenTemplate() [Line 109]

[2026-01-19 14:52:42.584] [DEBUG  ] Extracted properties from E-LAM-005: Contents='', Colour='BRUSHED STAINLESS WITH BLACK TEXT'
    Source: LamacoidIndex.cs -> ExtractPropertiesFromDwg() [Line 177]

[2026-01-19 14:52:42.584] [DEBUG  ] CloseDocument called for: E-LAM-005.dwg
    Source: DraftSightHelper.cs -> CloseDocument() [Line 198]

[2026-01-19 14:52:42.857] [INFO   ] Successfully closed document: E-LAM-005.dwg
    Source: DraftSightHelper.cs -> CloseDocument() [Line 205]

[2026-01-19 14:52:42.879] [DEBUG  ] OpenTemplate called for: Y:\Autocad\Template\~LAMACOIDS\Lams\E-LAM-006.dwg
    Source: DraftSightHelper.cs -> OpenTemplate() [Line 87]

[2026-01-19 14:52:43.410] [INFO   ] Performance: Opening document E-LAM-006.dwg completed in 539ms
    Source: DraftSightHelper.cs -> OpenTemplate() [Line 108]

[2026-01-19 14:52:43.410] [INFO   ] Successfully opened template: E-LAM-006.dwg
    Source: DraftSightHelper.cs -> OpenTemplate() [Line 109]

[2026-01-19 14:52:43.430] [DEBUG  ] Extracted properties from E-LAM-006: Contents='', Colour='BRUSHED STAINLESS WITH BLACK TEXT'
    Source: LamacoidIndex.cs -> ExtractPropertiesFromDwg() [Line 177]

[2026-01-19 14:52:43.430] [DEBUG  ] CloseDocument called for: E-LAM-006.dwg
    Source: DraftSightHelper.cs -> CloseDocument() [Line 198]

[2026-01-19 14:52:43.695] [INFO   ] Successfully closed document: E-LAM-006.dwg
    Source: DraftSightHelper.cs -> CloseDocument() [Line 205]

[2026-01-19 14:52:43.704] [DEBUG  ] Generating thumbnail for: Y:\Autocad\Template\~LAMACOIDS\Lams\E-LAM-006.pdf
    Source: ThumbnailGenerator.cs -> GenerateThumbnail() [Line 67]

[2026-01-19 14:52:43.745] [ERROR  ] Failed to generate thumbnail for Y:\Autocad\Template\~LAMACOIDS\Lams\E-LAM-006.pdf
    Source: ThumbnailGenerator.cs -> GenerateThumbnail() [Line 89]
    Exception Type: System.DllNotFoundException
    Exception Message: Unable to load DLL 'pdfium.dll': The specified module could not be found. (Exception from HRESULT: 0x8007007E)
    Stack Trace:
        at PdfiumViewer.NativeMethods.Imports.FPDF_AddRef()
        at PdfiumViewer.NativeMethods.FPDF_AddRef()
        at PdfiumViewer.PdfLibrary.EnsureLoaded()
        at PdfiumViewer.PdfFile..ctor(Stream stream, String password)
        at PdfiumViewer.PdfDocument..ctor(Stream stream, String password)
        at PdfiumViewer.PdfDocument.Load(Stream stream, String password)
        at Lamacoid_Creator.ThumbnailGenerator.GenerateThumbnail(String pdfPath, Int32 lamacoidNumber) in C:\Users\dlebel\Downloads\LamCreator-main (1)\LamCreator-main\Lamacoid Creator\Lamacoid Creator\ThumbnailGenerator.cs:line 69

[2026-01-19 14:52:43.767] [DEBUG  ] OpenTemplate called for: Y:\Autocad\Template\~LAMACOIDS\Lams\E-LAM-007.dwg
    Source: DraftSightHelper.cs -> OpenTemplate() [Line 87]

[2026-01-19 14:52:44.272] [INFO   ] Performance: Opening document E-LAM-007.dwg completed in 512ms
    Source: DraftSightHelper.cs -> OpenTemplate() [Line 108]

[2026-01-19 14:52:44.272] [INFO   ] Successfully opened template: E-LAM-007.dwg
    Source: DraftSightHelper.cs -> OpenTemplate() [Line 109]

[2026-01-19 14:52:44.288] [DEBUG  ] Extracted properties from E-LAM-007: Contents='', Colour='YELLOW WITH BLACK TEXT'
    Source: LamacoidIndex.cs -> ExtractPropertiesFromDwg() [Line 177]

[2026-01-19 14:52:44.288] [DEBUG  ] CloseDocument called for: E-LAM-007.dwg
    Source: DraftSightHelper.cs -> CloseDocument() [Line 198]

[2026-01-19 14:52:44.562] [INFO   ] Successfully closed document: E-LAM-007.dwg
    Source: DraftSightHelper.cs -> CloseDocument() [Line 205]

[2026-01-19 14:52:44.565] [DEBUG  ] Generating thumbnail for: Y:\Autocad\Template\~LAMACOIDS\Lams\E-LAM-007.pdf
    Source: ThumbnailGenerator.cs -> GenerateThumbnail() [Line 67]

[2026-01-19 14:52:44.585] [ERROR  ] Failed to generate thumbnail for Y:\Autocad\Template\~LAMACOIDS\Lams\E-LAM-007.pdf
    Source: ThumbnailGenerator.cs -> GenerateThumbnail() [Line 89]
    Exception Type: System.DllNotFoundException
    Exception Message: Unable to load DLL 'pdfium.dll': The specified module could not be found. (Exception from HRESULT: 0x8007007E)
    Stack Trace:
        at PdfiumViewer.NativeMethods.Imports.FPDF_AddRef()
        at PdfiumViewer.NativeMethods.FPDF_AddRef()
        at PdfiumViewer.PdfLibrary.EnsureLoaded()
        at PdfiumViewer.PdfFile..ctor(Stream stream, String password)
        at PdfiumViewer.PdfDocument..ctor(Stream stream, String password)
        at PdfiumViewer.PdfDocument.Load(Stream stream, String password)
        at Lamacoid_Creator.ThumbnailGenerator.GenerateThumbnail(String pdfPath, Int32 lamacoidNumber) in C:\Users\dlebel\Downloads\LamCreator-main (1)\LamCreator-main\Lamacoid Creator\Lamacoid Creator\ThumbnailGenerator.cs:line 69

[2026-01-19 14:52:44.590] [DEBUG  ] OpenTemplate called for: Y:\Autocad\Template\~LAMACOIDS\Lams\E-LAM-008.dwg
    Source: DraftSightHelper.cs -> OpenTemplate() [Line 87]

[2026-01-19 14:52:45.119] [INFO   ] Performance: Opening document E-LAM-008.dwg completed in 519ms
    Source: DraftSightHelper.cs -> OpenTemplate() [Line 108]

[2026-01-19 14:52:45.119] [INFO   ] Successfully opened template: E-LAM-008.dwg
    Source: DraftSightHelper.cs -> OpenTemplate() [Line 109]

[2026-01-19 14:52:45.126] [DEBUG  ] Extracted properties from E-LAM-008: Contents='', Colour='YELLOW WITH BLACK TEXT'
    Source: LamacoidIndex.cs -> ExtractPropertiesFromDwg() [Line 177]

[2026-01-19 14:52:45.126] [DEBUG  ] CloseDocument called for: E-LAM-008.dwg
    Source: DraftSightHelper.cs -> CloseDocument() [Line 198]

[2026-01-19 14:52:45.404] [INFO   ] Successfully closed document: E-LAM-008.dwg
    Source: DraftSightHelper.cs -> CloseDocument() [Line 205]

[2026-01-19 14:52:45.407] [DEBUG  ] Generating thumbnail for: Y:\Autocad\Template\~LAMACOIDS\Lams\E-LAM-008.pdf
    Source: ThumbnailGenerator.cs -> GenerateThumbnail() [Line 67]

[2026-01-19 14:52:45.430] [ERROR  ] Failed to generate thumbnail for Y:\Autocad\Template\~LAMACOIDS\Lams\E-LAM-008.pdf
    Source: ThumbnailGenerator.cs -> GenerateThumbnail() [Line 89]
    Exception Type: System.DllNotFoundException
    Exception Message: Unable to load DLL 'pdfium.dll': The specified module could not be found. (Exception from HRESULT: 0x8007007E)
    Stack Trace:
        at PdfiumViewer.NativeMethods.Imports.FPDF_AddRef()
        at PdfiumViewer.NativeMethods.FPDF_AddRef()
        at PdfiumViewer.PdfLibrary.EnsureLoaded()
        at PdfiumViewer.PdfFile..ctor(Stream stream, String password)
        at PdfiumViewer.PdfDocument..ctor(Stream stream, String password)
        at PdfiumViewer.PdfDocument.Load(Stream stream, String password)
        at Lamacoid_Creator.ThumbnailGenerator.GenerateThumbnail(String pdfPath, Int32 lamacoidNumber) in C:\Users\dlebel\Downloads\LamCreator-main (1)\LamCreator-main\Lamacoid Creator\Lamacoid Creator\ThumbnailGenerator.cs:line 69

[2026-01-19 14:52:45.448] [DEBUG  ] OpenTemplate called for: Y:\Autocad\Template\~LAMACOIDS\Lams\E-LAM-009.dwg
    Source: DraftSightHelper.cs -> OpenTemplate() [Line 87]

[2026-01-19 14:52:45.950] [INFO   ] Performance: Opening document E-LAM-009.dwg completed in 502ms
    Source: DraftSightHelper.cs -> OpenTemplate() [Line 108]

[2026-01-19 14:52:45.950] [INFO   ] Successfully opened template: E-LAM-009.dwg
    Source: DraftSightHelper.cs -> OpenTemplate() [Line 109]

[2026-01-19 14:52:45.959] [DEBUG  ] Extracted properties from E-LAM-009: Contents='', Colour='YELLOW WITH BLACK TEXT'
    Source: LamacoidIndex.cs -> ExtractPropertiesFromDwg() [Line 177]

[2026-01-19 14:52:45.959] [DEBUG  ] CloseDocument called for: E-LAM-009.dwg
    Source: DraftSightHelper.cs -> CloseDocument() [Line 198]

[2026-01-19 14:52:46.226] [INFO   ] Successfully closed document: E-LAM-009.dwg
    Source: DraftSightHelper.cs -> CloseDocument() [Line 205]

[2026-01-19 14:52:46.230] [DEBUG  ] Generating thumbnail for: Y:\Autocad\Template\~LAMACOIDS\Lams\E-LAM-009.pdf
    Source: ThumbnailGenerator.cs -> GenerateThumbnail() [Line 67]

[2026-01-19 14:52:46.247] [ERROR  ] Failed to generate thumbnail for Y:\Autocad\Template\~LAMACOIDS\Lams\E-LAM-009.pdf
    Source: ThumbnailGenerator.cs -> GenerateThumbnail() [Line 89]
    Exception Type: System.DllNotFoundException
    Exception Message: Unable to load DLL 'pdfium.dll': The specified module could not be found. (Exception from HRESULT: 0x8007007E)
    Stack Trace:
        at PdfiumViewer.NativeMethods.Imports.FPDF_AddRef()
        at PdfiumViewer.NativeMethods.FPDF_AddRef()
        at PdfiumViewer.PdfLibrary.EnsureLoaded()
        at PdfiumViewer.PdfFile..ctor(Stream stream, String password)
        at PdfiumViewer.PdfDocument..ctor(Stream stream, String password)
        at PdfiumViewer.PdfDocument.Load(Stream stream, String password)
        at Lamacoid_Creator.ThumbnailGenerator.GenerateThumbnail(String pdfPath, Int32 lamacoidNumber) in C:\Users\dlebel\Downloads\LamCreator-main (1)\LamCreator-main\Lamacoid Creator\Lamacoid Creator\ThumbnailGenerator.cs:line 69

[2026-01-19 14:52:46.269] [DEBUG  ] OpenTemplate called for: Y:\Autocad\Template\~LAMACOIDS\Lams\E-LAM-010.dwg
    Source: DraftSightHelper.cs -> OpenTemplate() [Line 87]

[2026-01-19 14:52:46.741] [INFO   ] Performance: Opening document E-LAM-010.dwg completed in 472ms
    Source: DraftSightHelper.cs -> OpenTemplate() [Line 108]

[2026-01-19 14:52:46.742] [INFO   ] Successfully opened template: E-LAM-010.dwg
    Source: DraftSightHelper.cs -> OpenTemplate() [Line 109]

[2026-01-19 14:52:46.745] [DEBUG  ] Extracted properties from E-LAM-010: Contents='', Colour='YELLOW WITH BLACK TEXT'
    Source: LamacoidIndex.cs -> ExtractPropertiesFromDwg() [Line 177]

[2026-01-19 14:52:46.745] [DEBUG  ] CloseDocument called for: E-LAM-010.dwg
    Source: DraftSightHelper.cs -> CloseDocument() [Line 198]

[2026-01-19 14:52:47.011] [INFO   ] Successfully closed document: E-LAM-010.dwg
    Source: DraftSightHelper.cs -> CloseDocument() [Line 205]

[2026-01-19 14:52:47.011] [DEBUG  ] Generating thumbnail for: Y:\Autocad\Template\~LAMACOIDS\Lams\E-LAM-010.pdf
    Source: ThumbnailGenerator.cs -> GenerateThumbnail() [Line 67]

[2026-01-19 14:52:47.043] [ERROR  ] Failed to generate thumbnail for Y:\Autocad\Template\~LAMACOIDS\Lams\E-LAM-010.pdf
    Source: ThumbnailGenerator.cs -> GenerateThumbnail() [Line 89]
    Exception Type: System.DllNotFoundException
    Exception Message: Unable to load DLL 'pdfium.dll': The specified module could not be found. (Exception from HRESULT: 0x8007007E)
    Stack Trace:
        at PdfiumViewer.NativeMethods.Imports.FPDF_AddRef()
        at PdfiumViewer.NativeMethods.FPDF_AddRef()
        at PdfiumViewer.PdfLibrary.EnsureLoaded()
        at PdfiumViewer.PdfFile..ctor(Stream stream, String password)
        at PdfiumViewer.PdfDocument..ctor(Stream stream, String password)
        at PdfiumViewer.PdfDocument.Load(Stream stream, String password)
        at Lamacoid_Creator.ThumbnailGenerator.GenerateThumbnail(String pdfPath, Int32 lamacoidNumber) in C:\Users\dlebel\Downloads\LamCreator-main (1)\LamCreator-main\Lamacoid Creator\Lamacoid Creator\ThumbnailGenerator.cs:line 69

[2026-01-19 14:52:47.060] [DEBUG  ] OpenTemplate called for: Y:\Autocad\Template\~LAMACOIDS\Lams\E-LAM-011.dwg
    Source: DraftSightHelper.cs -> OpenTemplate() [Line 87]

[2026-01-19 14:52:47.522] [INFO   ] Performance: Opening document E-LAM-011.dwg completed in 466ms
    Source: DraftSightHelper.cs -> OpenTemplate() [Line 108]

[2026-01-19 14:52:47.522] [INFO   ] Successfully opened template: E-LAM-011.dwg
    Source: DraftSightHelper.cs -> OpenTemplate() [Line 109]

[2026-01-19 14:52:47.534] [DEBUG  ] Extracted properties from E-LAM-011: Contents='', Colour='GREEN WITH WHITE TEXT'
    Source: LamacoidIndex.cs -> ExtractPropertiesFromDwg() [Line 177]

[2026-01-19 14:52:47.534] [DEBUG  ] CloseDocument called for: E-LAM-011.dwg
    Source: DraftSightHelper.cs -> CloseDocument() [Line 198]

[2026-01-19 14:52:47.795] [INFO   ] Successfully closed document: E-LAM-011.dwg
    Source: DraftSightHelper.cs -> CloseDocument() [Line 205]

[2026-01-19 14:52:47.795] [DEBUG  ] Generating thumbnail for: Y:\Autocad\Template\~LAMACOIDS\Lams\E-LAM-011.pdf
    Source: ThumbnailGenerator.cs -> GenerateThumbnail() [Line 67]

[2026-01-19 14:52:47.823] [ERROR  ] Failed to generate thumbnail for Y:\Autocad\Template\~LAMACOIDS\Lams\E-LAM-011.pdf
    Source: ThumbnailGenerator.cs -> GenerateThumbnail() [Line 89]
    Exception Type: System.DllNotFoundException
    Exception Message: Unable to load DLL 'pdfium.dll': The specified module could not be found. (Exception from HRESULT: 0x8007007E)
    Stack Trace:
        at PdfiumViewer.NativeMethods.Imports.FPDF_AddRef()
        at PdfiumViewer.NativeMethods.FPDF_AddRef()
        at PdfiumViewer.PdfLibrary.EnsureLoaded()
        at PdfiumViewer.PdfFile..ctor(Stream stream, String password)
        at PdfiumViewer.PdfDocument..ctor(Stream stream, String password)
        at PdfiumViewer.PdfDocument.Load(Stream stream, String password)
        at Lamacoid_Creator.ThumbnailGenerator.GenerateThumbnail(String pdfPath, Int32 lamacoidNumber) in C:\Users\dlebel\Downloads\LamCreator-main (1)\LamCreator-main\Lamacoid Creator\Lamacoid Creator\ThumbnailGenerator.cs:line 69

[2026-01-19 14:52:47.839] [DEBUG  ] OpenTemplate called for: Y:\Autocad\Template\~LAMACOIDS\Lams\E-LAM-012.dwg
    Source: DraftSightHelper.cs -> OpenTemplate() [Line 87]

[2026-01-19 14:52:48.311] [INFO   ] Performance: Opening document E-LAM-012.dwg completed in 472ms
    Source: DraftSightHelper.cs -> OpenTemplate() [Line 108]

[2026-01-19 14:52:48.311] [INFO   ] Successfully opened template: E-LAM-012.dwg
    Source: DraftSightHelper.cs -> OpenTemplate() [Line 109]

[2026-01-19 14:52:48.316] [DEBUG  ] Extracted properties from E-LAM-012: Contents='', Colour='GREEN WITH WHITE TEXT'
    Source: LamacoidIndex.cs -> ExtractPropertiesFromDwg() [Line 177]

[2026-01-19 14:52:48.316] [DEBUG  ] CloseDocument called for: E-LAM-012.dwg
    Source: DraftSightHelper.cs -> CloseDocument() [Line 198]

[2026-01-19 14:52:48.591] [INFO   ] Successfully closed document: E-LAM-012.dwg
    Source: DraftSightHelper.cs -> CloseDocument() [Line 205]

[2026-01-19 14:52:48.595] [DEBUG  ] Generating thumbnail for: Y:\Autocad\Template\~LAMACOIDS\Lams\E-LAM-012.pdf
    Source: ThumbnailGenerator.cs -> GenerateThumbnail() [Line 67]

[2026-01-19 14:52:48.621] [ERROR  ] Failed to generate thumbnail for Y:\Autocad\Template\~LAMACOIDS\Lams\E-LAM-012.pdf
    Source: ThumbnailGenerator.cs -> GenerateThumbnail() [Line 89]
    Exception Type: System.DllNotFoundException
    Exception Message: Unable to load DLL 'pdfium.dll': The specified module could not be found. (Exception from HRESULT: 0x8007007E)
    Stack Trace:
        at PdfiumViewer.NativeMethods.Imports.FPDF_AddRef()
        at PdfiumViewer.NativeMethods.FPDF_AddRef()
        at PdfiumViewer.PdfLibrary.EnsureLoaded()
        at PdfiumViewer.PdfFile..ctor(Stream stream, String password)
        at PdfiumViewer.PdfDocument..ctor(Stream stream, String password)
        at PdfiumViewer.PdfDocument.Load(Stream stream, String password)
        at Lamacoid_Creator.ThumbnailGenerator.GenerateThumbnail(String pdfPath, Int32 lamacoidNumber) in C:\Users\dlebel\Downloads\LamCreator-main (1)\LamCreator-main\Lamacoid Creator\Lamacoid Creator\ThumbnailGenerator.cs:line 69

[2026-01-19 14:52:48.637] [DEBUG  ] OpenTemplate called for: Y:\Autocad\Template\~LAMACOIDS\Lams\E-LAM-013.dwg
    Source: DraftSightHelper.cs -> OpenTemplate() [Line 87]

[2026-01-19 14:52:49.145] [INFO   ] Performance: Opening document E-LAM-013.dwg completed in 512ms
    Source: DraftSightHelper.cs -> OpenTemplate() [Line 108]

[2026-01-19 14:52:49.145] [INFO   ] Successfully opened template: E-LAM-013.dwg
    Source: DraftSightHelper.cs -> OpenTemplate() [Line 109]

[2026-01-19 14:52:49.162] [DEBUG  ] Extracted properties from E-LAM-013: Contents='', Colour='GREEN WITH WHITE TEXT'
    Source: LamacoidIndex.cs -> ExtractPropertiesFromDwg() [Line 177]

[2026-01-19 14:52:49.162] [DEBUG  ] CloseDocument called for: E-LAM-013.dwg
    Source: DraftSightHelper.cs -> CloseDocument() [Line 198]

[2026-01-19 14:52:49.429] [INFO   ] Successfully closed document: E-LAM-013.dwg
    Source: DraftSightHelper.cs -> CloseDocument() [Line 205]

[2026-01-19 14:52:49.432] [DEBUG  ] Generating thumbnail for: Y:\Autocad\Template\~LAMACOIDS\Lams\E-LAM-013.pdf
    Source: ThumbnailGenerator.cs -> GenerateThumbnail() [Line 67]

[2026-01-19 14:52:49.456] [ERROR  ] Failed to generate thumbnail for Y:\Autocad\Template\~LAMACOIDS\Lams\E-LAM-013.pdf
    Source: ThumbnailGenerator.cs -> GenerateThumbnail() [Line 89]
    Exception Type: System.DllNotFoundException
    Exception Message: Unable to load DLL 'pdfium.dll': The specified module could not be found. (Exception from HRESULT: 0x8007007E)
    Stack Trace:
        at PdfiumViewer.NativeMethods.Imports.FPDF_AddRef()
        at PdfiumViewer.NativeMethods.FPDF_AddRef()
        at PdfiumViewer.PdfLibrary.EnsureLoaded()
        at PdfiumViewer.PdfFile..ctor(Stream stream, String password)
        at PdfiumViewer.PdfDocument..ctor(Stream stream, String password)
        at PdfiumViewer.PdfDocument.Load(Stream stream, String password)
        at Lamacoid_Creator.ThumbnailGenerator.GenerateThumbnail(String pdfPath, Int32 lamacoidNumber) in C:\Users\dlebel\Downloads\LamCreator-main (1)\LamCreator-main\Lamacoid Creator\Lamacoid Creator\ThumbnailGenerator.cs:line 69

[2026-01-19 14:52:49.463] [DEBUG  ] OpenTemplate called for: Y:\Autocad\Template\~LAMACOIDS\Lams\E-LAM-014.dwg
    Source: DraftSightHelper.cs -> OpenTemplate() [Line 87]

[2026-01-19 14:52:49.946] [INFO   ] Performance: Opening document E-LAM-014.dwg completed in 473ms
    Source: DraftSightHelper.cs -> OpenTemplate() [Line 108]

[2026-01-19 14:52:49.946] [INFO   ] Successfully opened template: E-LAM-014.dwg
    Source: DraftSightHelper.cs -> OpenTemplate() [Line 109]

[2026-01-19 14:52:49.955] [DEBUG  ] Extracted properties from E-LAM-014: Contents='', Colour='GREEN WITH WHITE TEXT'
    Source: LamacoidIndex.cs -> ExtractPropertiesFromDwg() [Line 177]

[2026-01-19 14:52:49.956] [DEBUG  ] CloseDocument called for: E-LAM-014.dwg
    Source: DraftSightHelper.cs -> CloseDocument() [Line 198]

[2026-01-19 14:52:50.223] [INFO   ] Successfully closed document: E-LAM-014.dwg
    Source: DraftSightHelper.cs -> CloseDocument() [Line 205]

[2026-01-19 14:52:50.226] [DEBUG  ] Generating thumbnail for: Y:\Autocad\Template\~LAMACOIDS\Lams\E-LAM-014.pdf
    Source: ThumbnailGenerator.cs -> GenerateThumbnail() [Line 67]

[2026-01-19 14:52:50.252] [ERROR  ] Failed to generate thumbnail for Y:\Autocad\Template\~LAMACOIDS\Lams\E-LAM-014.pdf
    Source: ThumbnailGenerator.cs -> GenerateThumbnail() [Line 89]
    Exception Type: System.DllNotFoundException
    Exception Message: Unable to load DLL 'pdfium.dll': The specified module could not be found. (Exception from HRESULT: 0x8007007E)
    Stack Trace:
        at PdfiumViewer.NativeMethods.Imports.FPDF_AddRef()
        at PdfiumViewer.NativeMethods.FPDF_AddRef()
        at PdfiumViewer.PdfLibrary.EnsureLoaded()
        at PdfiumViewer.PdfFile..ctor(Stream stream, String password)
        at PdfiumViewer.PdfDocument..ctor(Stream stream, String password)
        at PdfiumViewer.PdfDocument.Load(Stream stream, String password)
        at Lamacoid_Creator.ThumbnailGenerator.GenerateThumbnail(String pdfPath, Int32 lamacoidNumber) in C:\Users\dlebel\Downloads\LamCreator-main (1)\LamCreator-main\Lamacoid Creator\Lamacoid Creator\ThumbnailGenerator.cs:line 69

[2026-01-19 14:52:50.267] [DEBUG  ] OpenTemplate called for: Y:\Autocad\Template\~LAMACOIDS\Lams\E-LAM-015.dwg
    Source: DraftSightHelper.cs -> OpenTemplate() [Line 87]

[2026-01-19 14:52:50.745] [INFO   ] Performance: Opening document E-LAM-015.dwg completed in 476ms
    Source: DraftSightHelper.cs -> OpenTemplate() [Line 108]

[2026-01-19 14:52:50.745] [INFO   ] Successfully opened template: E-LAM-015.dwg
    Source: DraftSightHelper.cs -> OpenTemplate() [Line 109]

[2026-01-19 14:52:50.759] [DEBUG  ] Extracted properties from E-LAM-015: Contents='', Colour='GREEN WITH WHITE TEXT'
    Source: LamacoidIndex.cs -> ExtractPropertiesFromDwg() [Line 177]

[2026-01-19 14:52:50.759] [DEBUG  ] CloseDocument called for: E-LAM-015.dwg
    Source: DraftSightHelper.cs -> CloseDocument() [Line 198]

[2026-01-19 14:52:51.013] [INFO   ] Successfully closed document: E-LAM-015.dwg
    Source: DraftSightHelper.cs -> CloseDocument() [Line 205]

[2026-01-19 14:52:51.013] [DEBUG  ] Generating thumbnail for: Y:\Autocad\Template\~LAMACOIDS\Lams\E-LAM-015.pdf
    Source: ThumbnailGenerator.cs -> GenerateThumbnail() [Line 67]

[2026-01-19 14:52:51.044] [ERROR  ] Failed to generate thumbnail for Y:\Autocad\Template\~LAMACOIDS\Lams\E-LAM-015.pdf
    Source: ThumbnailGenerator.cs -> GenerateThumbnail() [Line 89]
    Exception Type: System.DllNotFoundException
    Exception Message: Unable to load DLL 'pdfium.dll': The specified module could not be found. (Exception from HRESULT: 0x8007007E)
    Stack Trace:
        at PdfiumViewer.NativeMethods.Imports.FPDF_AddRef()
        at PdfiumViewer.NativeMethods.FPDF_AddRef()
        at PdfiumViewer.PdfLibrary.EnsureLoaded()
        at PdfiumViewer.PdfFile..ctor(Stream stream, String password)
        at PdfiumViewer.PdfDocument..ctor(Stream stream, String password)
        at PdfiumViewer.PdfDocument.Load(Stream stream, String password)
        at Lamacoid_Creator.ThumbnailGenerator.GenerateThumbnail(String pdfPath, Int32 lamacoidNumber) in C:\Users\dlebel\Downloads\LamCreator-main (1)\LamCreator-main\Lamacoid Creator\Lamacoid Creator\ThumbnailGenerator.cs:line 69

[2026-01-19 14:52:51.060] [DEBUG  ] OpenTemplate called for: Y:\Autocad\Template\~LAMACOIDS\Lams\E-LAM-016.dwg
    Source: DraftSightHelper.cs -> OpenTemplate() [Line 87]

[2026-01-19 14:52:51.563] [INFO   ] Performance: Opening document E-LAM-016.dwg completed in 499ms
    Source: DraftSightHelper.cs -> OpenTemplate() [Line 108]

[2026-01-19 14:52:51.563] [INFO   ] Successfully opened template: E-LAM-016.dwg
    Source: DraftSightHelper.cs -> OpenTemplate() [Line 109]

[2026-01-19 14:52:51.569] [DEBUG  ] Extracted properties from E-LAM-016: Contents='', Colour='GREEN WITH WHITE TEXT'
    Source: LamacoidIndex.cs -> ExtractPropertiesFromDwg() [Line 177]

[2026-01-19 14:52:51.569] [DEBUG  ] CloseDocument called for: E-LAM-016.dwg
    Source: DraftSightHelper.cs -> CloseDocument() [Line 198]

[2026-01-19 14:52:51.841] [INFO   ] Successfully closed document: E-LAM-016.dwg
    Source: DraftSightHelper.cs -> CloseDocument() [Line 205]

[2026-01-19 14:52:51.847] [DEBUG  ] Generating thumbnail for: Y:\Autocad\Template\~LAMACOIDS\Lams\E-LAM-016.pdf
    Source: ThumbnailGenerator.cs -> GenerateThumbnail() [Line 67]

[2026-01-19 14:52:51.862] [ERROR  ] Failed to generate thumbnail for Y:\Autocad\Template\~LAMACOIDS\Lams\E-LAM-016.pdf
    Source: ThumbnailGenerator.cs -> GenerateThumbnail() [Line 89]
    Exception Type: System.DllNotFoundException
    Exception Message: Unable to load DLL 'pdfium.dll': The specified module could not be found. (Exception from HRESULT: 0x8007007E)
    Stack Trace:
        at PdfiumViewer.NativeMethods.Imports.FPDF_AddRef()
        at PdfiumViewer.NativeMethods.FPDF_AddRef()
        at PdfiumViewer.PdfLibrary.EnsureLoaded()
        at PdfiumViewer.PdfFile..ctor(Stream stream, String password)
        at PdfiumViewer.PdfDocument..ctor(Stream stream, String password)
        at PdfiumViewer.PdfDocument.Load(Stream stream, String password)
        at Lamacoid_Creator.ThumbnailGenerator.GenerateThumbnail(String pdfPath, Int32 lamacoidNumber) in C:\Users\dlebel\Downloads\LamCreator-main (1)\LamCreator-main\Lamacoid Creator\Lamacoid Creator\ThumbnailGenerator.cs:line 69

[2026-01-19 14:52:51.878] [DEBUG  ] OpenTemplate called for: Y:\Autocad\Template\~LAMACOIDS\Lams\E-LAM-017.dwg
    Source: DraftSightHelper.cs -> OpenTemplate() [Line 87]

[2026-01-19 14:52:52.360] [INFO   ] Performance: Opening document E-LAM-017.dwg completed in 469ms
    Source: DraftSightHelper.cs -> OpenTemplate() [Line 108]

[2026-01-19 14:52:52.361] [INFO   ] Successfully opened template: E-LAM-017.dwg
    Source: DraftSightHelper.cs -> OpenTemplate() [Line 109]

[2026-01-19 14:52:52.365] [DEBUG  ] Extracted properties from E-LAM-017: Contents='', Colour='GREEN WITH WHITE TEXT'
    Source: LamacoidIndex.cs -> ExtractPropertiesFromDwg() [Line 177]

[2026-01-19 14:52:52.365] [DEBUG  ] CloseDocument called for: E-LAM-017.dwg
    Source: DraftSightHelper.cs -> CloseDocument() [Line 198]

[2026-01-19 14:52:52.625] [INFO   ] Successfully closed document: E-LAM-017.dwg
    Source: DraftSightHelper.cs -> CloseDocument() [Line 205]

[2026-01-19 14:52:52.641] [DEBUG  ] Generating thumbnail for: Y:\Autocad\Template\~LAMACOIDS\Lams\E-LAM-017.pdf
    Source: ThumbnailGenerator.cs -> GenerateThumbnail() [Line 67]

[2026-01-19 14:52:52.668] [ERROR  ] Failed to generate thumbnail for Y:\Autocad\Template\~LAMACOIDS\Lams\E-LAM-017.pdf
    Source: ThumbnailGenerator.cs -> GenerateThumbnail() [Line 89]
    Exception Type: System.DllNotFoundException
    Exception Message: Unable to load DLL 'pdfium.dll': The specified module could not be found. (Exception from HRESULT: 0x8007007E)
    Stack Trace:
        at PdfiumViewer.NativeMethods.Imports.FPDF_AddRef()
        at PdfiumViewer.NativeMethods.FPDF_AddRef()
        at PdfiumViewer.PdfLibrary.EnsureLoaded()
        at PdfiumViewer.PdfFile..ctor(Stream stream, String password)
        at PdfiumViewer.PdfDocument..ctor(Stream stream, String password)
        at PdfiumViewer.PdfDocument.Load(Stream stream, String password)
        at Lamacoid_Creator.ThumbnailGenerator.GenerateThumbnail(String pdfPath, Int32 lamacoidNumber) in C:\Users\dlebel\Downloads\LamCreator-main (1)\LamCreator-main\Lamacoid Creator\Lamacoid Creator\ThumbnailGenerator.cs:line 69

[2026-01-19 14:52:52.682] [DEBUG  ] OpenTemplate called for: Y:\Autocad\Template\~LAMACOIDS\Lams\E-LAM-018.dwg
    Source: DraftSightHelper.cs -> OpenTemplate() [Line 87]

[2026-01-19 14:52:53.144] [INFO   ] Performance: Opening document E-LAM-018.dwg completed in 467ms
    Source: DraftSightHelper.cs -> OpenTemplate() [Line 108]

[2026-01-19 14:52:53.144] [INFO   ] Successfully opened template: E-LAM-018.dwg
    Source: DraftSightHelper.cs -> OpenTemplate() [Line 109]

[2026-01-19 14:52:53.154] [DEBUG  ] Extracted properties from E-LAM-018: Contents='', Colour='GREEN WITH WHITE TEXT'
    Source: LamacoidIndex.cs -> ExtractPropertiesFromDwg() [Line 177]

[2026-01-19 14:52:53.160] [DEBUG  ] CloseDocument called for: E-LAM-018.dwg
    Source: DraftSightHelper.cs -> CloseDocument() [Line 198]

[2026-01-19 14:52:53.429] [INFO   ] Successfully closed document: E-LAM-018.dwg
    Source: DraftSightHelper.cs -> CloseDocument() [Line 205]

[2026-01-19 14:52:53.433] [DEBUG  ] Generating thumbnail for: Y:\Autocad\Template\~LAMACOIDS\Lams\E-LAM-018.pdf
    Source: ThumbnailGenerator.cs -> GenerateThumbnail() [Line 67]

[2026-01-19 14:52:53.446] [ERROR  ] Failed to generate thumbnail for Y:\Autocad\Template\~LAMACOIDS\Lams\E-LAM-018.pdf
    Source: ThumbnailGenerator.cs -> GenerateThumbnail() [Line 89]
    Exception Type: System.DllNotFoundException
    Exception Message: Unable to load DLL 'pdfium.dll': The specified module could not be found. (Exception from HRESULT: 0x8007007E)
    Stack Trace:
        at PdfiumViewer.NativeMethods.Imports.FPDF_AddRef()
        at PdfiumViewer.NativeMethods.FPDF_AddRef()
        at PdfiumViewer.PdfLibrary.EnsureLoaded()
        at PdfiumViewer.PdfFile..ctor(Stream stream, String password)
        at PdfiumViewer.PdfDocument..ctor(Stream stream, String password)
        at PdfiumViewer.PdfDocument.Load(Stream stream, String password)
        at Lamacoid_Creator.ThumbnailGenerator.GenerateThumbnail(String pdfPath, Int32 lamacoidNumber) in C:\Users\dlebel\Downloads\LamCreator-main (1)\LamCreator-main\Lamacoid Creator\Lamacoid Creator\ThumbnailGenerator.cs:line 69

[2026-01-19 14:52:53.478] [DEBUG  ] OpenTemplate called for: Y:\Autocad\Template\~LAMACOIDS\Lams\E-LAM-019.dwg
    Source: DraftSightHelper.cs -> OpenTemplate() [Line 87]

[2026-01-19 14:52:53.986] [INFO   ] Performance: Opening document E-LAM-019.dwg completed in 511ms
    Source: DraftSightHelper.cs -> OpenTemplate() [Line 108]

[2026-01-19 14:52:53.986] [INFO   ] Successfully opened template: E-LAM-019.dwg
    Source: DraftSightHelper.cs -> OpenTemplate() [Line 109]

[2026-01-19 14:52:53.999] [DEBUG  ] Extracted properties from E-LAM-019: Contents='', Colour='GREEN WITH WHITE TEXT'
    Source: LamacoidIndex.cs -> ExtractPropertiesFromDwg() [Line 177]

[2026-01-19 14:52:53.999] [DEBUG  ] CloseDocument called for: E-LAM-019.dwg
    Source: DraftSightHelper.cs -> CloseDocument() [Line 198]

[2026-01-19 14:52:54.269] [INFO   ] Successfully closed document: E-LAM-019.dwg
    Source: DraftSightHelper.cs -> CloseDocument() [Line 205]

[2026-01-19 14:52:54.273] [DEBUG  ] Generating thumbnail for: Y:\Autocad\Template\~LAMACOIDS\Lams\E-LAM-019.pdf
    Source: ThumbnailGenerator.cs -> GenerateThumbnail() [Line 67]

[2026-01-19 14:52:54.300] [ERROR  ] Failed to generate thumbnail for Y:\Autocad\Template\~LAMACOIDS\Lams\E-LAM-019.pdf
    Source: ThumbnailGenerator.cs -> GenerateThumbnail() [Line 89]
    Exception Type: System.DllNotFoundException
    Exception Message: Unable to load DLL 'pdfium.dll': The specified module could not be found. (Exception from HRESULT: 0x8007007E)
    Stack Trace:
        at PdfiumViewer.NativeMethods.Imports.FPDF_AddRef()
        at PdfiumViewer.NativeMethods.FPDF_AddRef()
        at PdfiumViewer.PdfLibrary.EnsureLoaded()
        at PdfiumViewer.PdfFile..ctor(Stream stream, String password)
        at PdfiumViewer.PdfDocument..ctor(Stream stream, String password)
        at PdfiumViewer.PdfDocument.Load(Stream stream, String password)
        at Lamacoid_Creator.ThumbnailGenerator.GenerateThumbnail(String pdfPath, Int32 lamacoidNumber) in C:\Users\dlebel\Downloads\LamCreator-main (1)\LamCreator-main\Lamacoid Creator\Lamacoid Creator\ThumbnailGenerator.cs:line 69

[2026-01-19 14:52:54.315] [DEBUG  ] OpenTemplate called for: Y:\Autocad\Template\~LAMACOIDS\Lams\E-LAM-020.dwg
    Source: DraftSightHelper.cs -> OpenTemplate() [Line 87]

[2026-01-19 14:52:54.799] [INFO   ] Performance: Opening document E-LAM-020.dwg completed in 484ms
    Source: DraftSightHelper.cs -> OpenTemplate() [Line 108]

[2026-01-19 14:52:54.799] [INFO   ] Successfully opened template: E-LAM-020.dwg
    Source: DraftSightHelper.cs -> OpenTemplate() [Line 109]

[2026-01-19 14:52:54.803] [DEBUG  ] Extracted properties from E-LAM-020: Contents='', Colour='GREEN WITH WHITE TEXT'
    Source: LamacoidIndex.cs -> ExtractPropertiesFromDwg() [Line 177]

[2026-01-19 14:52:54.803] [DEBUG  ] CloseDocument called for: E-LAM-020.dwg
    Source: DraftSightHelper.cs -> CloseDocument() [Line 198]

[2026-01-19 14:52:55.078] [INFO   ] Successfully closed document: E-LAM-020.dwg
    Source: DraftSightHelper.cs -> CloseDocument() [Line 205]

[2026-01-19 14:52:55.081] [DEBUG  ] Generating thumbnail for: Y:\Autocad\Template\~LAMACOIDS\Lams\E-LAM-020.pdf
    Source: ThumbnailGenerator.cs -> GenerateThumbnail() [Line 67]

[2026-01-19 14:52:55.107] [ERROR  ] Failed to generate thumbnail for Y:\Autocad\Template\~LAMACOIDS\Lams\E-LAM-020.pdf
    Source: ThumbnailGenerator.cs -> GenerateThumbnail() [Line 89]
    Exception Type: System.DllNotFoundException
    Exception Message: Unable to load DLL 'pdfium.dll': The specified module could not be found. (Exception from HRESULT: 0x8007007E)
    Stack Trace:
        at PdfiumViewer.NativeMethods.Imports.FPDF_AddRef()
        at PdfiumViewer.NativeMethods.FPDF_AddRef()
        at PdfiumViewer.PdfLibrary.EnsureLoaded()
        at PdfiumViewer.PdfFile..ctor(Stream stream, String password)
        at PdfiumViewer.PdfDocument..ctor(Stream stream, String password)
        at PdfiumViewer.PdfDocument.Load(Stream stream, String password)
        at Lamacoid_Creator.ThumbnailGenerator.GenerateThumbnail(String pdfPath, Int32 lamacoidNumber) in C:\Users\dlebel\Downloads\LamCreator-main (1)\LamCreator-main\Lamacoid Creator\Lamacoid Creator\ThumbnailGenerator.cs:line 69

[2026-01-19 14:52:55.113] [DEBUG  ] OpenTemplate called for: Y:\Autocad\Template\~LAMACOIDS\Lams\E-LAM-021.dwg
    Source: DraftSightHelper.cs -> OpenTemplate() [Line 87]

[2026-01-19 14:52:55.603] [INFO   ] Performance: Opening document E-LAM-021.dwg completed in 481ms
    Source: DraftSightHelper.cs -> OpenTemplate() [Line 108]

[2026-01-19 14:52:55.604] [INFO   ] Successfully opened template: E-LAM-021.dwg
    Source: DraftSightHelper.cs -> OpenTemplate() [Line 109]

[2026-01-19 14:52:55.614] [DEBUG  ] Extracted properties from E-LAM-021: Contents='', Colour='GREEN WITH WHITE TEXT'
    Source: LamacoidIndex.cs -> ExtractPropertiesFromDwg() [Line 177]

[2026-01-19 14:52:55.615] [DEBUG  ] CloseDocument called for: E-LAM-021.dwg
    Source: DraftSightHelper.cs -> CloseDocument() [Line 198]

[2026-01-19 14:52:55.872] [INFO   ] Successfully closed document: E-LAM-021.dwg
    Source: DraftSightHelper.cs -> CloseDocument() [Line 205]

[2026-01-19 14:52:55.878] [DEBUG  ] Generating thumbnail for: Y:\Autocad\Template\~LAMACOIDS\Lams\E-LAM-021.pdf
    Source: ThumbnailGenerator.cs -> GenerateThumbnail() [Line 67]

[2026-01-19 14:52:55.897] [ERROR  ] Failed to generate thumbnail for Y:\Autocad\Template\~LAMACOIDS\Lams\E-LAM-021.pdf
    Source: ThumbnailGenerator.cs -> GenerateThumbnail() [Line 89]
    Exception Type: System.DllNotFoundException
    Exception Message: Unable to load DLL 'pdfium.dll': The specified module could not be found. (Exception from HRESULT: 0x8007007E)
    Stack Trace:
        at PdfiumViewer.NativeMethods.Imports.FPDF_AddRef()
        at PdfiumViewer.NativeMethods.FPDF_AddRef()
        at PdfiumViewer.PdfLibrary.EnsureLoaded()
        at PdfiumViewer.PdfFile..ctor(Stream stream, String password)
        at PdfiumViewer.PdfDocument..ctor(Stream stream, String password)
        at PdfiumViewer.PdfDocument.Load(Stream stream, String password)
        at Lamacoid_Creator.ThumbnailGenerator.GenerateThumbnail(String pdfPath, Int32 lamacoidNumber) in C:\Users\dlebel\Downloads\LamCreator-main (1)\LamCreator-main\Lamacoid Creator\Lamacoid Creator\ThumbnailGenerator.cs:line 69

[2026-01-19 14:52:55.920] [DEBUG  ] OpenTemplate called for: Y:\Autocad\Template\~LAMACOIDS\Lams\E-LAM-022.dwg
    Source: DraftSightHelper.cs -> OpenTemplate() [Line 87]

[2026-01-19 14:52:56.448] [INFO   ] Performance: Opening document E-LAM-022.dwg completed in 532ms
    Source: DraftSightHelper.cs -> OpenTemplate() [Line 108]

[2026-01-19 14:52:56.448] [INFO   ] Successfully opened template: E-LAM-022.dwg
    Source: DraftSightHelper.cs -> OpenTemplate() [Line 109]

[2026-01-19 14:52:56.463] [DEBUG  ] Extracted properties from E-LAM-022: Contents='', Colour='GREEN WITH WHITE TEXT'
    Source: LamacoidIndex.cs -> ExtractPropertiesFromDwg() [Line 177]

[2026-01-19 14:52:56.463] [DEBUG  ] CloseDocument called for: E-LAM-022.dwg
    Source: DraftSightHelper.cs -> CloseDocument() [Line 198]

[2026-01-19 14:52:56.725] [INFO   ] Successfully closed document: E-LAM-022.dwg
    Source: DraftSightHelper.cs -> CloseDocument() [Line 205]

[2026-01-19 14:52:56.728] [DEBUG  ] Generating thumbnail for: Y:\Autocad\Template\~LAMACOIDS\Lams\E-LAM-022.pdf
    Source: ThumbnailGenerator.cs -> GenerateThumbnail() [Line 67]

[2026-01-19 14:52:56.744] [ERROR  ] Failed to generate thumbnail for Y:\Autocad\Template\~LAMACOIDS\Lams\E-LAM-022.pdf
    Source: ThumbnailGenerator.cs -> GenerateThumbnail() [Line 89]
    Exception Type: System.DllNotFoundException
    Exception Message: Unable to load DLL 'pdfium.dll': The specified module could not be found. (Exception from HRESULT: 0x8007007E)
    Stack Trace:
        at PdfiumViewer.NativeMethods.Imports.FPDF_AddRef()
        at PdfiumViewer.NativeMethods.FPDF_AddRef()
        at PdfiumViewer.PdfLibrary.EnsureLoaded()
        at PdfiumViewer.PdfFile..ctor(Stream stream, String password)
        at PdfiumViewer.PdfDocument..ctor(Stream stream, String password)
        at PdfiumViewer.PdfDocument.Load(Stream stream, String password)
        at Lamacoid_Creator.ThumbnailGenerator.GenerateThumbnail(String pdfPath, Int32 lamacoidNumber) in C:\Users\dlebel\Downloads\LamCreator-main (1)\LamCreator-main\Lamacoid Creator\Lamacoid Creator\ThumbnailGenerator.cs:line 69

[2026-01-19 14:52:56.760] [DEBUG  ] OpenTemplate called for: Y:\Autocad\Template\~LAMACOIDS\Lams\E-LAM-023.dwg
    Source: DraftSightHelper.cs -> OpenTemplate() [Line 87]

[2026-01-19 14:52:57.245] [INFO   ] Performance: Opening document E-LAM-023.dwg completed in 476ms
    Source: DraftSightHelper.cs -> OpenTemplate() [Line 108]

[2026-01-19 14:52:57.245] [INFO   ] Successfully opened template: E-LAM-023.dwg
    Source: DraftSightHelper.cs -> OpenTemplate() [Line 109]

[2026-01-19 14:52:57.253] [DEBUG  ] Extracted properties from E-LAM-023: Contents='', Colour='GREEN WITH WHITE TEXT'
    Source: LamacoidIndex.cs -> ExtractPropertiesFromDwg() [Line 177]

[2026-01-19 14:52:57.253] [DEBUG  ] CloseDocument called for: E-LAM-023.dwg
    Source: DraftSightHelper.cs -> CloseDocument() [Line 198]

[2026-01-19 14:52:57.533] [INFO   ] Successfully closed document: E-LAM-023.dwg
    Source: DraftSightHelper.cs -> CloseDocument() [Line 205]

[2026-01-19 14:52:57.537] [DEBUG  ] Generating thumbnail for: Y:\Autocad\Template\~LAMACOIDS\Lams\E-LAM-023.pdf
    Source: ThumbnailGenerator.cs -> GenerateThumbnail() [Line 67]

[2026-01-19 14:52:57.563] [ERROR  ] Failed to generate thumbnail for Y:\Autocad\Template\~LAMACOIDS\Lams\E-LAM-023.pdf
    Source: ThumbnailGenerator.cs -> GenerateThumbnail() [Line 89]
    Exception Type: System.DllNotFoundException
    Exception Message: Unable to load DLL 'pdfium.dll': The specified module could not be found. (Exception from HRESULT: 0x8007007E)
    Stack Trace:
        at PdfiumViewer.NativeMethods.Imports.FPDF_AddRef()
        at PdfiumViewer.NativeMethods.FPDF_AddRef()
        at PdfiumViewer.PdfLibrary.EnsureLoaded()
        at PdfiumViewer.PdfFile..ctor(Stream stream, String password)
        at PdfiumViewer.PdfDocument..ctor(Stream stream, String password)
        at PdfiumViewer.PdfDocument.Load(Stream stream, String password)
        at Lamacoid_Creator.ThumbnailGenerator.GenerateThumbnail(String pdfPath, Int32 lamacoidNumber) in C:\Users\dlebel\Downloads\LamCreator-main (1)\LamCreator-main\Lamacoid Creator\Lamacoid Creator\ThumbnailGenerator.cs:line 69

[2026-01-19 14:52:57.582] [DEBUG  ] OpenTemplate called for: Y:\Autocad\Template\~LAMACOIDS\Lams\E-LAM-024.dwg
    Source: DraftSightHelper.cs -> OpenTemplate() [Line 87]

[2026-01-19 14:52:58.058] [INFO   ] Performance: Opening document E-LAM-024.dwg completed in 475ms
    Source: DraftSightHelper.cs -> OpenTemplate() [Line 108]

[2026-01-19 14:52:58.058] [INFO   ] Successfully opened template: E-LAM-024.dwg
    Source: DraftSightHelper.cs -> OpenTemplate() [Line 109]

[2026-01-19 14:52:58.068] [DEBUG  ] Extracted properties from E-LAM-024: Contents='', Colour='GREEN WITH WHITE TEXT'
    Source: LamacoidIndex.cs -> ExtractPropertiesFromDwg() [Line 177]

[2026-01-19 14:52:58.068] [DEBUG  ] CloseDocument called for: E-LAM-024.dwg
    Source: DraftSightHelper.cs -> CloseDocument() [Line 198]

[2026-01-19 14:52:58.333] [INFO   ] Successfully closed document: E-LAM-024.dwg
    Source: DraftSightHelper.cs -> CloseDocument() [Line 205]

[2026-01-19 14:52:58.333] [DEBUG  ] Generating thumbnail for: Y:\Autocad\Template\~LAMACOIDS\Lams\E-LAM-024.pdf
    Source: ThumbnailGenerator.cs -> GenerateThumbnail() [Line 67]

[2026-01-19 14:52:58.365] [ERROR  ] Failed to generate thumbnail for Y:\Autocad\Template\~LAMACOIDS\Lams\E-LAM-024.pdf
    Source: ThumbnailGenerator.cs -> GenerateThumbnail() [Line 89]
    Exception Type: System.DllNotFoundException
    Exception Message: Unable to load DLL 'pdfium.dll': The specified module could not be found. (Exception from HRESULT: 0x8007007E)
    Stack Trace:
        at PdfiumViewer.NativeMethods.Imports.FPDF_AddRef()
        at PdfiumViewer.NativeMethods.FPDF_AddRef()
        at PdfiumViewer.PdfLibrary.EnsureLoaded()
        at PdfiumViewer.PdfFile..ctor(Stream stream, String password)
        at PdfiumViewer.PdfDocument..ctor(Stream stream, String password)
        at PdfiumViewer.PdfDocument.Load(Stream stream, String password)
        at Lamacoid_Creator.ThumbnailGenerator.GenerateThumbnail(String pdfPath, Int32 lamacoidNumber) in C:\Users\dlebel\Downloads\LamCreator-main (1)\LamCreator-main\Lamacoid Creator\Lamacoid Creator\ThumbnailGenerator.cs:line 69

[2026-01-19 14:52:58.381] [DEBUG  ] OpenTemplate called for: Y:\Autocad\Template\~LAMACOIDS\Lams\E-LAM-025.dwg
    Source: DraftSightHelper.cs -> OpenTemplate() [Line 87]

[2026-01-19 14:52:58.892] [INFO   ] Performance: Opening document E-LAM-025.dwg completed in 512ms
    Source: DraftSightHelper.cs -> OpenTemplate() [Line 108]

[2026-01-19 14:52:58.892] [INFO   ] Successfully opened template: E-LAM-025.dwg
    Source: DraftSightHelper.cs -> OpenTemplate() [Line 109]

[2026-01-19 14:52:58.899] [DEBUG  ] Extracted properties from E-LAM-025: Contents='', Colour='GREEN WITH WHITE TEXT'
    Source: LamacoidIndex.cs -> ExtractPropertiesFromDwg() [Line 177]

[2026-01-19 14:52:58.899] [DEBUG  ] CloseDocument called for: E-LAM-025.dwg
    Source: DraftSightHelper.cs -> CloseDocument() [Line 198]

[2026-01-19 14:52:59.166] [INFO   ] Successfully closed document: E-LAM-025.dwg
    Source: DraftSightHelper.cs -> CloseDocument() [Line 205]

[2026-01-19 14:52:59.178] [DEBUG  ] OpenTemplate called for: Y:\Autocad\Template\~LAMACOIDS\Lams\E-LAM-026.dwg
    Source: DraftSightHelper.cs -> OpenTemplate() [Line 87]

[2026-01-19 14:52:59.707] [INFO   ] Performance: Opening document E-LAM-026.dwg completed in 523ms
    Source: DraftSightHelper.cs -> OpenTemplate() [Line 108]

[2026-01-19 14:52:59.707] [INFO   ] Successfully opened template: E-LAM-026.dwg
    Source: DraftSightHelper.cs -> OpenTemplate() [Line 109]

[2026-01-19 14:52:59.716] [DEBUG  ] Extracted properties from E-LAM-026: Contents='', Colour='ORANGE WITH BLACK TEXT'
    Source: LamacoidIndex.cs -> ExtractPropertiesFromDwg() [Line 177]

[2026-01-19 14:52:59.717] [DEBUG  ] CloseDocument called for: E-LAM-026.dwg
    Source: DraftSightHelper.cs -> CloseDocument() [Line 198]

[2026-01-19 14:52:59.978] [INFO   ] Successfully closed document: E-LAM-026.dwg
    Source: DraftSightHelper.cs -> CloseDocument() [Line 205]

[2026-01-19 14:52:59.978] [DEBUG  ] Generating thumbnail for: Y:\Autocad\Template\~LAMACOIDS\Lams\E-LAM-026.pdf
    Source: ThumbnailGenerator.cs -> GenerateThumbnail() [Line 67]

[2026-01-19 14:53:00.008] [ERROR  ] Failed to generate thumbnail for Y:\Autocad\Template\~LAMACOIDS\Lams\E-LAM-026.pdf
    Source: ThumbnailGenerator.cs -> GenerateThumbnail() [Line 89]
    Exception Type: System.DllNotFoundException
    Exception Message: Unable to load DLL 'pdfium.dll': The specified module could not be found. (Exception from HRESULT: 0x8007007E)
    Stack Trace:
        at PdfiumViewer.NativeMethods.Imports.FPDF_AddRef()
        at PdfiumViewer.NativeMethods.FPDF_AddRef()
        at PdfiumViewer.PdfLibrary.EnsureLoaded()
        at PdfiumViewer.PdfFile..ctor(Stream stream, String password)
        at PdfiumViewer.PdfDocument..ctor(Stream stream, String password)
        at PdfiumViewer.PdfDocument.Load(Stream stream, String password)
        at Lamacoid_Creator.ThumbnailGenerator.GenerateThumbnail(String pdfPath, Int32 lamacoidNumber) in C:\Users\dlebel\Downloads\LamCreator-main (1)\LamCreator-main\Lamacoid Creator\Lamacoid Creator\ThumbnailGenerator.cs:line 69

[2026-01-19 14:53:00.026] [DEBUG  ] OpenTemplate called for: Y:\Autocad\Template\~LAMACOIDS\Lams\E-LAM-027.dwg
    Source: DraftSightHelper.cs -> OpenTemplate() [Line 87]

[2026-01-19 14:53:00.545] [INFO   ] Performance: Opening document E-LAM-027.dwg completed in 523ms
    Source: DraftSightHelper.cs -> OpenTemplate() [Line 108]

[2026-01-19 14:53:00.545] [INFO   ] Successfully opened template: E-LAM-027.dwg
    Source: DraftSightHelper.cs -> OpenTemplate() [Line 109]

[2026-01-19 14:53:00.553] [DEBUG  ] Extracted properties from E-LAM-027: Contents='', Colour='ORANGE WITH BLACK TEXT'
    Source: LamacoidIndex.cs -> ExtractPropertiesFromDwg() [Line 177]

[2026-01-19 14:53:00.553] [DEBUG  ] CloseDocument called for: E-LAM-027.dwg
    Source: DraftSightHelper.cs -> CloseDocument() [Line 198]

[2026-01-19 14:53:00.811] [INFO   ] Successfully closed document: E-LAM-027.dwg
    Source: DraftSightHelper.cs -> CloseDocument() [Line 205]

[2026-01-19 14:53:00.827] [DEBUG  ] Generating thumbnail for: Y:\Autocad\Template\~LAMACOIDS\Lams\E-LAM-027.pdf
    Source: ThumbnailGenerator.cs -> GenerateThumbnail() [Line 67]

[2026-01-19 14:53:00.851] [ERROR  ] Failed to generate thumbnail for Y:\Autocad\Template\~LAMACOIDS\Lams\E-LAM-027.pdf
    Source: ThumbnailGenerator.cs -> GenerateThumbnail() [Line 89]
    Exception Type: System.DllNotFoundException
    Exception Message: Unable to load DLL 'pdfium.dll': The specified module could not be found. (Exception from HRESULT: 0x8007007E)
    Stack Trace:
        at PdfiumViewer.NativeMethods.Imports.FPDF_AddRef()
        at PdfiumViewer.NativeMethods.FPDF_AddRef()
        at PdfiumViewer.PdfLibrary.EnsureLoaded()
        at PdfiumViewer.PdfFile..ctor(Stream stream, String password)
        at PdfiumViewer.PdfDocument..ctor(Stream stream, String password)
        at PdfiumViewer.PdfDocument.Load(Stream stream, String password)
        at Lamacoid_Creator.ThumbnailGenerator.GenerateThumbnail(String pdfPath, Int32 lamacoidNumber) in C:\Users\dlebel\Downloads\LamCreator-main (1)\LamCreator-main\Lamacoid Creator\Lamacoid Creator\ThumbnailGenerator.cs:line 69

[2026-01-19 14:53:00.866] [DEBUG  ] OpenTemplate called for: Y:\Autocad\Template\~LAMACOIDS\Lams\E-LAM-028.dwg
    Source: DraftSightHelper.cs -> OpenTemplate() [Line 87]

[2026-01-19 14:53:01.330] [INFO   ] Performance: Opening document E-LAM-028.dwg completed in 464ms
    Source: DraftSightHelper.cs -> OpenTemplate() [Line 108]

[2026-01-19 14:53:01.330] [INFO   ] Successfully opened template: E-LAM-028.dwg
    Source: DraftSightHelper.cs -> OpenTemplate() [Line 109]

[2026-01-19 14:53:01.333] [DEBUG  ] Extracted properties from E-LAM-028: Contents='', Colour='ORANGE WITH BLACK TEXT'
    Source: LamacoidIndex.cs -> ExtractPropertiesFromDwg() [Line 177]

[2026-01-19 14:53:01.333] [DEBUG  ] CloseDocument called for: E-LAM-028.dwg
    Source: DraftSightHelper.cs -> CloseDocument() [Line 198]

[2026-01-19 14:53:01.610] [INFO   ] Successfully closed document: E-LAM-028.dwg
    Source: DraftSightHelper.cs -> CloseDocument() [Line 205]

[2026-01-19 14:53:01.610] [DEBUG  ] Generating thumbnail for: Y:\Autocad\Template\~LAMACOIDS\Lams\E-LAM-028.pdf
    Source: ThumbnailGenerator.cs -> GenerateThumbnail() [Line 67]

[2026-01-19 14:53:01.641] [ERROR  ] Failed to generate thumbnail for Y:\Autocad\Template\~LAMACOIDS\Lams\E-LAM-028.pdf
    Source: ThumbnailGenerator.cs -> GenerateThumbnail() [Line 89]
    Exception Type: System.DllNotFoundException
    Exception Message: Unable to load DLL 'pdfium.dll': The specified module could not be found. (Exception from HRESULT: 0x8007007E)
    Stack Trace:
        at PdfiumViewer.NativeMethods.Imports.FPDF_AddRef()
        at PdfiumViewer.NativeMethods.FPDF_AddRef()
        at PdfiumViewer.PdfLibrary.EnsureLoaded()
        at PdfiumViewer.PdfFile..ctor(Stream stream, String password)
        at PdfiumViewer.PdfDocument..ctor(Stream stream, String password)
        at PdfiumViewer.PdfDocument.Load(Stream stream, String password)
        at Lamacoid_Creator.ThumbnailGenerator.GenerateThumbnail(String pdfPath, Int32 lamacoidNumber) in C:\Users\dlebel\Downloads\LamCreator-main (1)\LamCreator-main\Lamacoid Creator\Lamacoid Creator\ThumbnailGenerator.cs:line 69

[2026-01-19 14:53:01.663] [DEBUG  ] OpenTemplate called for: Y:\Autocad\Template\~LAMACOIDS\Lams\E-LAM-029.dwg
    Source: DraftSightHelper.cs -> OpenTemplate() [Line 87]

[2026-01-19 14:53:02.128] [INFO   ] Performance: Opening document E-LAM-029.dwg completed in 469ms
    Source: DraftSightHelper.cs -> OpenTemplate() [Line 108]

[2026-01-19 14:53:02.128] [INFO   ] Successfully opened template: E-LAM-029.dwg
    Source: DraftSightHelper.cs -> OpenTemplate() [Line 109]

[2026-01-19 14:53:02.136] [DEBUG  ] Extracted properties from E-LAM-029: Contents='', Colour='ORANGE WITH BLACK TEXT'
    Source: LamacoidIndex.cs -> ExtractPropertiesFromDwg() [Line 177]

[2026-01-19 14:53:02.136] [DEBUG  ] CloseDocument called for: E-LAM-029.dwg
    Source: DraftSightHelper.cs -> CloseDocument() [Line 198]

[2026-01-19 14:53:02.414] [INFO   ] Successfully closed document: E-LAM-029.dwg
    Source: DraftSightHelper.cs -> CloseDocument() [Line 205]

[2026-01-19 14:53:02.419] [DEBUG  ] Generating thumbnail for: Y:\Autocad\Template\~LAMACOIDS\Lams\E-LAM-029.pdf
    Source: ThumbnailGenerator.cs -> GenerateThumbnail() [Line 67]

[2026-01-19 14:53:02.444] [ERROR  ] Failed to generate thumbnail for Y:\Autocad\Template\~LAMACOIDS\Lams\E-LAM-029.pdf
    Source: ThumbnailGenerator.cs -> GenerateThumbnail() [Line 89]
    Exception Type: System.DllNotFoundException
    Exception Message: Unable to load DLL 'pdfium.dll': The specified module could not be found. (Exception from HRESULT: 0x8007007E)
    Stack Trace:
        at PdfiumViewer.NativeMethods.Imports.FPDF_AddRef()
        at PdfiumViewer.NativeMethods.FPDF_AddRef()
        at PdfiumViewer.PdfLibrary.EnsureLoaded()
        at PdfiumViewer.PdfFile..ctor(Stream stream, String password)
        at PdfiumViewer.PdfDocument..ctor(Stream stream, String password)
        at PdfiumViewer.PdfDocument.Load(Stream stream, String password)
        at Lamacoid_Creator.ThumbnailGenerator.GenerateThumbnail(String pdfPath, Int32 lamacoidNumber) in C:\Users\dlebel\Downloads\LamCreator-main (1)\LamCreator-main\Lamacoid Creator\Lamacoid Creator\ThumbnailGenerator.cs:line 69

[2026-01-19 14:53:02.445] [DEBUG  ] OpenTemplate called for: Y:\Autocad\Template\~LAMACOIDS\Lams\E-LAM-030.dwg
    Source: DraftSightHelper.cs -> OpenTemplate() [Line 87]

[2026-01-19 14:53:02.945] [INFO   ] Performance: Opening document E-LAM-030.dwg completed in 490ms
    Source: DraftSightHelper.cs -> OpenTemplate() [Line 108]

[2026-01-19 14:53:02.945] [INFO   ] Successfully opened template: E-LAM-030.dwg
    Source: DraftSightHelper.cs -> OpenTemplate() [Line 109]

[2026-01-19 14:53:02.945] [DEBUG  ] Extracted properties from E-LAM-030: Contents='', Colour='ORANGE WITH BLACK TEXT'
    Source: LamacoidIndex.cs -> ExtractPropertiesFromDwg() [Line 177]

[2026-01-19 14:53:02.945] [DEBUG  ] CloseDocument called for: E-LAM-030.dwg
    Source: DraftSightHelper.cs -> CloseDocument() [Line 198]

[2026-01-19 14:53:03.221] [INFO   ] Successfully closed document: E-LAM-030.dwg
    Source: DraftSightHelper.cs -> CloseDocument() [Line 205]

[2026-01-19 14:53:03.230] [DEBUG  ] Generating thumbnail for: Y:\Autocad\Template\~LAMACOIDS\Lams\E-LAM-030.pdf
    Source: ThumbnailGenerator.cs -> GenerateThumbnail() [Line 67]

[2026-01-19 14:53:03.241] [ERROR  ] Failed to generate thumbnail for Y:\Autocad\Template\~LAMACOIDS\Lams\E-LAM-030.pdf
    Source: ThumbnailGenerator.cs -> GenerateThumbnail() [Line 89]
    Exception Type: System.DllNotFoundException
    Exception Message: Unable to load DLL 'pdfium.dll': The specified module could not be found. (Exception from HRESULT: 0x8007007E)
    Stack Trace:
        at PdfiumViewer.NativeMethods.Imports.FPDF_AddRef()
        at PdfiumViewer.NativeMethods.FPDF_AddRef()
        at PdfiumViewer.PdfLibrary.EnsureLoaded()
        at PdfiumViewer.PdfFile..ctor(Stream stream, String password)
        at PdfiumViewer.PdfDocument..ctor(Stream stream, String password)
        at PdfiumViewer.PdfDocument.Load(Stream stream, String password)
        at Lamacoid_Creator.ThumbnailGenerator.GenerateThumbnail(String pdfPath, Int32 lamacoidNumber) in C:\Users\dlebel\Downloads\LamCreator-main (1)\LamCreator-main\Lamacoid Creator\Lamacoid Creator\ThumbnailGenerator.cs:line 69

[2026-01-19 14:53:03.271] [DEBUG  ] OpenTemplate called for: Y:\Autocad\Template\~LAMACOIDS\Lams\E-LAM-031.dwg
    Source: DraftSightHelper.cs -> OpenTemplate() [Line 87]

[2026-01-19 14:53:03.747] [INFO   ] Performance: Opening document E-LAM-031.dwg completed in 474ms
    Source: DraftSightHelper.cs -> OpenTemplate() [Line 108]

[2026-01-19 14:53:03.747] [INFO   ] Successfully opened template: E-LAM-031.dwg
    Source: DraftSightHelper.cs -> OpenTemplate() [Line 109]

[2026-01-19 14:53:03.756] [DEBUG  ] Extracted properties from E-LAM-031: Contents='', Colour='ORANGE WITH BLACK TEXT'
    Source: LamacoidIndex.cs -> ExtractPropertiesFromDwg() [Line 177]

[2026-01-19 14:53:03.756] [DEBUG  ] CloseDocument called for: E-LAM-031.dwg
    Source: DraftSightHelper.cs -> CloseDocument() [Line 198]

[2026-01-19 14:53:04.012] [INFO   ] Successfully closed document: E-LAM-031.dwg
    Source: DraftSightHelper.cs -> CloseDocument() [Line 205]

[2026-01-19 14:53:04.028] [DEBUG  ] Generating thumbnail for: Y:\Autocad\Template\~LAMACOIDS\Lams\E-LAM-031.pdf
    Source: ThumbnailGenerator.cs -> GenerateThumbnail() [Line 67]

[2026-01-19 14:53:04.054] [ERROR  ] Failed to generate thumbnail for Y:\Autocad\Template\~LAMACOIDS\Lams\E-LAM-031.pdf
    Source: ThumbnailGenerator.cs -> GenerateThumbnail() [Line 89]
    Exception Type: System.DllNotFoundException
    Exception Message: Unable to load DLL 'pdfium.dll': The specified module could not be found. (Exception from HRESULT: 0x8007007E)
    Stack Trace:
        at PdfiumViewer.NativeMethods.Imports.FPDF_AddRef()
        at PdfiumViewer.NativeMethods.FPDF_AddRef()
        at PdfiumViewer.PdfLibrary.EnsureLoaded()
        at PdfiumViewer.PdfFile..ctor(Stream stream, String password)
        at PdfiumViewer.PdfDocument..ctor(Stream stream, String password)
        at PdfiumViewer.PdfDocument.Load(Stream stream, String password)
        at Lamacoid_Creator.ThumbnailGenerator.GenerateThumbnail(String pdfPath, Int32 lamacoidNumber) in C:\Users\dlebel\Downloads\LamCreator-main (1)\LamCreator-main\Lamacoid Creator\Lamacoid Creator\ThumbnailGenerator.cs:line 69

[2026-01-19 14:53:04.060] [DEBUG  ] OpenTemplate called for: Y:\Autocad\Template\~LAMACOIDS\Lams\E-LAM-032.dwg
    Source: DraftSightHelper.cs -> OpenTemplate() [Line 87]

[2026-01-19 14:53:04.578] [INFO   ] Performance: Opening document E-LAM-032.dwg completed in 508ms
    Source: DraftSightHelper.cs -> OpenTemplate() [Line 108]

[2026-01-19 14:53:04.578] [INFO   ] Successfully opened template: E-LAM-032.dwg
    Source: DraftSightHelper.cs -> OpenTemplate() [Line 109]

[2026-01-19 14:53:04.592] [DEBUG  ] Extracted properties from E-LAM-032: Contents='', Colour='ORANGE WITH BLACK TEXT'
    Source: LamacoidIndex.cs -> ExtractPropertiesFromDwg() [Line 177]

[2026-01-19 14:53:04.592] [DEBUG  ] CloseDocument called for: E-LAM-032.dwg
    Source: DraftSightHelper.cs -> CloseDocument() [Line 198]

[2026-01-19 14:53:04.849] [INFO   ] Successfully closed document: E-LAM-032.dwg
    Source: DraftSightHelper.cs -> CloseDocument() [Line 205]

[2026-01-19 14:53:04.849] [DEBUG  ] Generating thumbnail for: Y:\Autocad\Template\~LAMACOIDS\Lams\E-LAM-032.pdf
    Source: ThumbnailGenerator.cs -> GenerateThumbnail() [Line 67]

[2026-01-19 14:53:04.881] [ERROR  ] Failed to generate thumbnail for Y:\Autocad\Template\~LAMACOIDS\Lams\E-LAM-032.pdf
    Source: ThumbnailGenerator.cs -> GenerateThumbnail() [Line 89]
    Exception Type: System.DllNotFoundException
    Exception Message: Unable to load DLL 'pdfium.dll': The specified module could not be found. (Exception from HRESULT: 0x8007007E)
    Stack Trace:
        at PdfiumViewer.NativeMethods.Imports.FPDF_AddRef()
        at PdfiumViewer.NativeMethods.FPDF_AddRef()
        at PdfiumViewer.PdfLibrary.EnsureLoaded()
        at PdfiumViewer.PdfFile..ctor(Stream stream, String password)
        at PdfiumViewer.PdfDocument..ctor(Stream stream, String password)
        at PdfiumViewer.PdfDocument.Load(Stream stream, String password)
        at Lamacoid_Creator.ThumbnailGenerator.GenerateThumbnail(String pdfPath, Int32 lamacoidNumber) in C:\Users\dlebel\Downloads\LamCreator-main (1)\LamCreator-main\Lamacoid Creator\Lamacoid Creator\ThumbnailGenerator.cs:line 69

[2026-01-19 14:53:04.905] [DEBUG  ] OpenTemplate called for: Y:\Autocad\Template\~LAMACOIDS\Lams\E-LAM-033.dwg
    Source: DraftSightHelper.cs -> OpenTemplate() [Line 87]

[2026-01-19 14:53:05.362] [INFO   ] Performance: Opening document E-LAM-033.dwg completed in 466ms
    Source: DraftSightHelper.cs -> OpenTemplate() [Line 108]

[2026-01-19 14:53:05.362] [INFO   ] Successfully opened template: E-LAM-033.dwg
    Source: DraftSightHelper.cs -> OpenTemplate() [Line 109]

[2026-01-19 14:53:05.378] [DEBUG  ] Extracted properties from E-LAM-033: Contents='', Colour='ORANGE WITH BLACK TEXT'
    Source: LamacoidIndex.cs -> ExtractPropertiesFromDwg() [Line 177]

[2026-01-19 14:53:05.378] [DEBUG  ] CloseDocument called for: E-LAM-033.dwg
    Source: DraftSightHelper.cs -> CloseDocument() [Line 198]

[2026-01-19 14:53:05.645] [INFO   ] Successfully closed document: E-LAM-033.dwg
    Source: DraftSightHelper.cs -> CloseDocument() [Line 205]

[2026-01-19 14:53:05.645] [DEBUG  ] Generating thumbnail for: Y:\Autocad\Template\~LAMACOIDS\Lams\E-LAM-033.pdf
    Source: ThumbnailGenerator.cs -> GenerateThumbnail() [Line 67]

[2026-01-19 14:53:05.661] [ERROR  ] Failed to generate thumbnail for Y:\Autocad\Template\~LAMACOIDS\Lams\E-LAM-033.pdf
    Source: ThumbnailGenerator.cs -> GenerateThumbnail() [Line 89]
    Exception Type: System.DllNotFoundException
    Exception Message: Unable to load DLL 'pdfium.dll': The specified module could not be found. (Exception from HRESULT: 0x8007007E)
    Stack Trace:
        at PdfiumViewer.NativeMethods.Imports.FPDF_AddRef()
        at PdfiumViewer.NativeMethods.FPDF_AddRef()
        at PdfiumViewer.PdfLibrary.EnsureLoaded()
        at PdfiumViewer.PdfFile..ctor(Stream stream, String password)
        at PdfiumViewer.PdfDocument..ctor(Stream stream, String password)
        at PdfiumViewer.PdfDocument.Load(Stream stream, String password)
        at Lamacoid_Creator.ThumbnailGenerator.GenerateThumbnail(String pdfPath, Int32 lamacoidNumber) in C:\Users\dlebel\Downloads\LamCreator-main (1)\LamCreator-main\Lamacoid Creator\Lamacoid Creator\ThumbnailGenerator.cs:line 69

[2026-01-19 14:53:05.693] [DEBUG  ] OpenTemplate called for: Y:\Autocad\Template\~LAMACOIDS\Lams\E-LAM-034.dwg
    Source: DraftSightHelper.cs -> OpenTemplate() [Line 87]

[2026-01-19 14:53:06.160] [INFO   ] Performance: Opening document E-LAM-034.dwg completed in 465ms
    Source: DraftSightHelper.cs -> OpenTemplate() [Line 108]

[2026-01-19 14:53:06.161] [INFO   ] Successfully opened template: E-LAM-034.dwg
    Source: DraftSightHelper.cs -> OpenTemplate() [Line 109]

[2026-01-19 14:53:06.166] [DEBUG  ] Extracted properties from E-LAM-034: Contents='', Colour='ORANGE WITH BLACK TEXT'
    Source: LamacoidIndex.cs -> ExtractPropertiesFromDwg() [Line 177]

[2026-01-19 14:53:06.166] [DEBUG  ] CloseDocument called for: E-LAM-034.dwg
    Source: DraftSightHelper.cs -> CloseDocument() [Line 198]

[2026-01-19 14:53:06.428] [INFO   ] Successfully closed document: E-LAM-034.dwg
    Source: DraftSightHelper.cs -> CloseDocument() [Line 205]

[2026-01-19 14:53:06.444] [DEBUG  ] Generating thumbnail for: Y:\Autocad\Template\~LAMACOIDS\Lams\E-LAM-034.pdf
    Source: ThumbnailGenerator.cs -> GenerateThumbnail() [Line 67]

[2026-01-19 14:53:06.471] [ERROR  ] Failed to generate thumbnail for Y:\Autocad\Template\~LAMACOIDS\Lams\E-LAM-034.pdf
    Source: ThumbnailGenerator.cs -> GenerateThumbnail() [Line 89]
    Exception Type: System.DllNotFoundException
    Exception Message: Unable to load DLL 'pdfium.dll': The specified module could not be found. (Exception from HRESULT: 0x8007007E)
    Stack Trace:
        at PdfiumViewer.NativeMethods.Imports.FPDF_AddRef()
        at PdfiumViewer.NativeMethods.FPDF_AddRef()
        at PdfiumViewer.PdfLibrary.EnsureLoaded()
        at PdfiumViewer.PdfFile..ctor(Stream stream, String password)
        at PdfiumViewer.PdfDocument..ctor(Stream stream, String password)
        at PdfiumViewer.PdfDocument.Load(Stream stream, String password)
        at Lamacoid_Creator.ThumbnailGenerator.GenerateThumbnail(String pdfPath, Int32 lamacoidNumber) in C:\Users\dlebel\Downloads\LamCreator-main (1)\LamCreator-main\Lamacoid Creator\Lamacoid Creator\ThumbnailGenerator.cs:line 69

[2026-01-19 14:53:06.488] [DEBUG  ] OpenTemplate called for: Y:\Autocad\Template\~LAMACOIDS\Lams\E-LAM-035.dwg
    Source: DraftSightHelper.cs -> OpenTemplate() [Line 87]

[2026-01-19 14:53:06.945] [INFO   ] Performance: Opening document E-LAM-035.dwg completed in 464ms
    Source: DraftSightHelper.cs -> OpenTemplate() [Line 108]

[2026-01-19 14:53:06.945] [INFO   ] Successfully opened template: E-LAM-035.dwg
    Source: DraftSightHelper.cs -> OpenTemplate() [Line 109]

[2026-01-19 14:53:06.961] [DEBUG  ] Extracted properties from E-LAM-035: Contents='', Colour='ORANGE WITH BLACK TEXT'
    Source: LamacoidIndex.cs -> ExtractPropertiesFromDwg() [Line 177]

[2026-01-19 14:53:06.961] [DEBUG  ] CloseDocument called for: E-LAM-035.dwg
    Source: DraftSightHelper.cs -> CloseDocument() [Line 198]

[2026-01-19 14:53:07.223] [INFO   ] Successfully closed document: E-LAM-035.dwg
    Source: DraftSightHelper.cs -> CloseDocument() [Line 205]

[2026-01-19 14:53:07.226] [DEBUG  ] Generating thumbnail for: Y:\Autocad\Template\~LAMACOIDS\Lams\E-LAM-035.pdf
    Source: ThumbnailGenerator.cs -> GenerateThumbnail() [Line 67]

[2026-01-19 14:53:07.250] [ERROR  ] Failed to generate thumbnail for Y:\Autocad\Template\~LAMACOIDS\Lams\E-LAM-035.pdf
    Source: ThumbnailGenerator.cs -> GenerateThumbnail() [Line 89]
    Exception Type: System.DllNotFoundException
    Exception Message: Unable to load DLL 'pdfium.dll': The specified module could not be found. (Exception from HRESULT: 0x8007007E)
    Stack Trace:
        at PdfiumViewer.NativeMethods.Imports.FPDF_AddRef()
        at PdfiumViewer.NativeMethods.FPDF_AddRef()
        at PdfiumViewer.PdfLibrary.EnsureLoaded()
        at PdfiumViewer.PdfFile..ctor(Stream stream, String password)
        at PdfiumViewer.PdfDocument..ctor(Stream stream, String password)
        at PdfiumViewer.PdfDocument.Load(Stream stream, String password)
        at Lamacoid_Creator.ThumbnailGenerator.GenerateThumbnail(String pdfPath, Int32 lamacoidNumber) in C:\Users\dlebel\Downloads\LamCreator-main (1)\LamCreator-main\Lamacoid Creator\Lamacoid Creator\ThumbnailGenerator.cs:line 69

[2026-01-19 14:53:07.261] [DEBUG  ] OpenTemplate called for: Y:\Autocad\Template\~LAMACOIDS\Lams\E-LAM-036.dwg
    Source: DraftSightHelper.cs -> OpenTemplate() [Line 87]

[2026-01-19 14:53:07.740] [INFO   ] Performance: Opening document E-LAM-036.dwg completed in 471ms
    Source: DraftSightHelper.cs -> OpenTemplate() [Line 108]

[2026-01-19 14:53:07.740] [INFO   ] Successfully opened template: E-LAM-036.dwg
    Source: DraftSightHelper.cs -> OpenTemplate() [Line 109]

[2026-01-19 14:53:07.750] [DEBUG  ] Extracted properties from E-LAM-036: Contents='', Colour='ORANGE WITH BLACK TEXT'
    Source: LamacoidIndex.cs -> ExtractPropertiesFromDwg() [Line 177]

[2026-01-19 14:53:07.751] [DEBUG  ] CloseDocument called for: E-LAM-036.dwg
    Source: DraftSightHelper.cs -> CloseDocument() [Line 198]

[2026-01-19 14:53:08.010] [INFO   ] Successfully closed document: E-LAM-036.dwg
    Source: DraftSightHelper.cs -> CloseDocument() [Line 205]

[2026-01-19 14:53:08.010] [DEBUG  ] Generating thumbnail for: Y:\Autocad\Template\~LAMACOIDS\Lams\E-LAM-036.pdf
    Source: ThumbnailGenerator.cs -> GenerateThumbnail() [Line 67]

[2026-01-19 14:53:08.043] [ERROR  ] Failed to generate thumbnail for Y:\Autocad\Template\~LAMACOIDS\Lams\E-LAM-036.pdf
    Source: ThumbnailGenerator.cs -> GenerateThumbnail() [Line 89]
    Exception Type: System.DllNotFoundException
    Exception Message: Unable to load DLL 'pdfium.dll': The specified module could not be found. (Exception from HRESULT: 0x8007007E)
    Stack Trace:
        at PdfiumViewer.NativeMethods.Imports.FPDF_AddRef()
        at PdfiumViewer.NativeMethods.FPDF_AddRef()
        at PdfiumViewer.PdfLibrary.EnsureLoaded()
        at PdfiumViewer.PdfFile..ctor(Stream stream, String password)
        at PdfiumViewer.PdfDocument..ctor(Stream stream, String password)
        at PdfiumViewer.PdfDocument.Load(Stream stream, String password)
        at Lamacoid_Creator.ThumbnailGenerator.GenerateThumbnail(String pdfPath, Int32 lamacoidNumber) in C:\Users\dlebel\Downloads\LamCreator-main (1)\LamCreator-main\Lamacoid Creator\Lamacoid Creator\ThumbnailGenerator.cs:line 69

[2026-01-19 14:53:08.064] [DEBUG  ] OpenTemplate called for: Y:\Autocad\Template\~LAMACOIDS\Lams\E-LAM-037.dwg
    Source: DraftSightHelper.cs -> OpenTemplate() [Line 87]

[2026-01-19 14:53:08.555] [INFO   ] Performance: Opening document E-LAM-037.dwg completed in 492ms
    Source: DraftSightHelper.cs -> OpenTemplate() [Line 108]

[2026-01-19 14:53:08.555] [INFO   ] Successfully opened template: E-LAM-037.dwg
    Source: DraftSightHelper.cs -> OpenTemplate() [Line 109]

[2026-01-19 14:53:08.568] [DEBUG  ] Extracted properties from E-LAM-037: Contents='', Colour='ORANGE WITH BLACK TEXT'
    Source: LamacoidIndex.cs -> ExtractPropertiesFromDwg() [Line 177]

[2026-01-19 14:53:08.568] [DEBUG  ] CloseDocument called for: E-LAM-037.dwg
    Source: DraftSightHelper.cs -> CloseDocument() [Line 198]

[2026-01-19 14:53:08.817] [INFO   ] Successfully closed document: E-LAM-037.dwg
    Source: DraftSightHelper.cs -> CloseDocument() [Line 205]

[2026-01-19 14:53:08.833] [DEBUG  ] Generating thumbnail for: Y:\Autocad\Template\~LAMACOIDS\Lams\E-LAM-037.pdf
    Source: ThumbnailGenerator.cs -> GenerateThumbnail() [Line 67]

[2026-01-19 14:53:08.850] [ERROR  ] Failed to generate thumbnail for Y:\Autocad\Template\~LAMACOIDS\Lams\E-LAM-037.pdf
    Source: ThumbnailGenerator.cs -> GenerateThumbnail() [Line 89]
    Exception Type: System.DllNotFoundException
    Exception Message: Unable to load DLL 'pdfium.dll': The specified module could not be found. (Exception from HRESULT: 0x8007007E)
    Stack Trace:
        at PdfiumViewer.NativeMethods.Imports.FPDF_AddRef()
        at PdfiumViewer.NativeMethods.FPDF_AddRef()
        at PdfiumViewer.PdfLibrary.EnsureLoaded()
        at PdfiumViewer.PdfFile..ctor(Stream stream, String password)
        at PdfiumViewer.PdfDocument..ctor(Stream stream, String password)
        at PdfiumViewer.PdfDocument.Load(Stream stream, String password)
        at Lamacoid_Creator.ThumbnailGenerator.GenerateThumbnail(String pdfPath, Int32 lamacoidNumber) in C:\Users\dlebel\Downloads\LamCreator-main (1)\LamCreator-main\Lamacoid Creator\Lamacoid Creator\ThumbnailGenerator.cs:line 69

[2026-01-19 14:53:08.865] [DEBUG  ] OpenTemplate called for: Y:\Autocad\Template\~LAMACOIDS\Lams\E-LAM-038.dwg
    Source: DraftSightHelper.cs -> OpenTemplate() [Line 87]

[2026-01-19 14:53:09.334] [INFO   ] Performance: Opening document E-LAM-038.dwg completed in 462ms
    Source: DraftSightHelper.cs -> OpenTemplate() [Line 108]

[2026-01-19 14:53:09.334] [INFO   ] Successfully opened template: E-LAM-038.dwg
    Source: DraftSightHelper.cs -> OpenTemplate() [Line 109]

[2026-01-19 14:53:09.345] [DEBUG  ] Extracted properties from E-LAM-038: Contents='', Colour='ORANGE WITH BLACK TEXT'
    Source: LamacoidIndex.cs -> ExtractPropertiesFromDwg() [Line 177]

[2026-01-19 14:53:09.345] [DEBUG  ] CloseDocument called for: E-LAM-038.dwg
    Source: DraftSightHelper.cs -> CloseDocument() [Line 198]

[2026-01-19 14:53:09.609] [INFO   ] Successfully closed document: E-LAM-038.dwg
    Source: DraftSightHelper.cs -> CloseDocument() [Line 205]

[2026-01-19 14:53:09.615] [DEBUG  ] Generating thumbnail for: Y:\Autocad\Template\~LAMACOIDS\Lams\E-LAM-038.pdf
    Source: ThumbnailGenerator.cs -> GenerateThumbnail() [Line 67]

[2026-01-19 14:53:09.674] [ERROR  ] Failed to generate thumbnail for Y:\Autocad\Template\~LAMACOIDS\Lams\E-LAM-038.pdf
    Source: ThumbnailGenerator.cs -> GenerateThumbnail() [Line 89]
    Exception Type: System.DllNotFoundException
    Exception Message: Unable to load DLL 'pdfium.dll': The specified module could not be found. (Exception from HRESULT: 0x8007007E)
    Stack Trace:
        at PdfiumViewer.NativeMethods.Imports.FPDF_AddRef()
        at PdfiumViewer.NativeMethods.FPDF_AddRef()
        at PdfiumViewer.PdfLibrary.EnsureLoaded()
        at PdfiumViewer.PdfFile..ctor(Stream stream, String password)
        at PdfiumViewer.PdfDocument..ctor(Stream stream, String password)
        at PdfiumViewer.PdfDocument.Load(Stream stream, String password)
        at Lamacoid_Creator.ThumbnailGenerator.GenerateThumbnail(String pdfPath, Int32 lamacoidNumber) in C:\Users\dlebel\Downloads\LamCreator-main (1)\LamCreator-main\Lamacoid Creator\Lamacoid Creator\ThumbnailGenerator.cs:line 69

[2026-01-19 14:54:57.797] [INFO   ] === Visual Lamacoid Library Started ===
    Source: VisualLibraryForm.cs -> InitializeLogging() [Line 47]

[2026-01-19 14:54:57.797] [INFO   ] === System Information ===
    Source: Logger.cs -> LogSystemInfo() [Line 276]

[2026-01-19 14:54:57.798] [INFO   ] Operating System: Microsoft Windows NT 6.2.9200.0
    Source: Logger.cs -> LogSystemInfo() [Line 277]

[2026-01-19 14:54:57.798] [INFO   ] OS Version: 6.2.9200.0
    Source: Logger.cs -> LogSystemInfo() [Line 278]

[2026-01-19 14:54:57.798] [INFO   ] 64-bit OS: True
    Source: Logger.cs -> LogSystemInfo() [Line 279]

[2026-01-19 14:54:57.798] [INFO   ] 64-bit Process: True
    Source: Logger.cs -> LogSystemInfo() [Line 280]

[2026-01-19 14:54:57.798] [INFO   ] Machine Name: D-1077
    Source: Logger.cs -> LogSystemInfo() [Line 281]

[2026-01-19 14:54:57.799] [INFO   ] User Name: dlebel
    Source: Logger.cs -> LogSystemInfo() [Line 282]

[2026-01-19 14:54:57.799] [INFO   ] CLR Version: 4.0.30319.42000
    Source: Logger.cs -> LogSystemInfo() [Line 283]

[2026-01-19 14:54:57.799] [INFO   ] Working Directory: C:\Users\dlebel\Downloads\LamCreator-main (1)\LamCreator-main\Lamacoid Creator\Lamacoid Creator\bin\Debug
    Source: Logger.cs -> LogSystemInfo() [Line 284]

[2026-01-19 14:54:57.799] [INFO   ] System Directory: C:\WINDOWS\system32
    Source: Logger.cs -> LogSystemInfo() [Line 285]

[2026-01-19 14:54:57.800] [INFO   ] =========================
    Source: Logger.cs -> LogSystemInfo() [Line 286]

[2026-01-19 14:54:57.838] [INFO   ] === Starting Lamacoid Index Build ===
    Source: LamacoidIndex.cs -> BuildIndex() [Line 43]

[2026-01-19 14:54:57.853] [INFO   ] Found 331 DWG files to index
    Source: LamacoidIndex.cs -> BuildIndex() [Line 58]

[2026-01-19 14:54:57.870] [DEBUG  ] OpenTemplate called for: Y:\Autocad\Template\~LAMACOIDS\Lams\E-LAM-001.dwg
    Source: DraftSightHelper.cs -> OpenTemplate() [Line 87]

[2026-01-19 14:54:57.870] [WARNING] DraftSight application reference is null, initializing...
    Source: DraftSightHelper.cs -> OpenTemplate() [Line 91]

[2026-01-19 14:54:57.870] [INFO   ] Attempting to connect to DraftSight application...
    Source: DraftSightHelper.cs -> InitializeDraftSight() [Line 63]

[2026-01-19 14:54:57.891] [INFO   ] Successfully connected to DraftSight application
    Source: DraftSightHelper.cs -> InitializeDraftSight() [Line 67]

[2026-01-19 14:54:58.574] [INFO   ] Performance: Opening document E-LAM-001.dwg completed in 683ms
    Source: DraftSightHelper.cs -> OpenTemplate() [Line 108]

[2026-01-19 14:54:58.575] [INFO   ] Successfully opened template: E-LAM-001.dwg
    Source: DraftSightHelper.cs -> OpenTemplate() [Line 109]

[2026-01-19 14:54:58.587] [DEBUG  ] Extracted properties from E-LAM-001: Contents='', Colour='RED WITH WHITE TEXT'
    Source: LamacoidIndex.cs -> ExtractPropertiesFromDwg() [Line 177]

[2026-01-19 14:54:58.588] [DEBUG  ] CloseDocument called for: E-LAM-001.dwg
    Source: DraftSightHelper.cs -> CloseDocument() [Line 198]

[2026-01-19 14:54:58.899] [INFO   ] Successfully closed document: E-LAM-001.dwg
    Source: DraftSightHelper.cs -> CloseDocument() [Line 205]

[2026-01-19 14:54:58.914] [DEBUG  ] OpenTemplate called for: Y:\Autocad\Template\~LAMACOIDS\Lams\E-LAM-002.dwg
    Source: DraftSightHelper.cs -> OpenTemplate() [Line 87]

[2026-01-19 14:54:59.411] [INFO   ] Performance: Opening document E-LAM-002.dwg completed in 508ms
    Source: DraftSightHelper.cs -> OpenTemplate() [Line 108]

[2026-01-19 14:54:59.411] [INFO   ] Successfully opened template: E-LAM-002.dwg
    Source: DraftSightHelper.cs -> OpenTemplate() [Line 109]

[2026-01-19 14:54:59.431] [DEBUG  ] Extracted properties from E-LAM-002: Contents='', Colour='RED WITH WHITE TEXT'
    Source: LamacoidIndex.cs -> ExtractPropertiesFromDwg() [Line 177]

[2026-01-19 14:54:59.432] [DEBUG  ] CloseDocument called for: E-LAM-002.dwg
    Source: DraftSightHelper.cs -> CloseDocument() [Line 198]

[2026-01-19 14:54:59.708] [INFO   ] Successfully closed document: E-LAM-002.dwg
    Source: DraftSightHelper.cs -> CloseDocument() [Line 205]

[2026-01-19 14:54:59.708] [DEBUG  ] OpenTemplate called for: Y:\Autocad\Template\~LAMACOIDS\Lams\E-LAM-003.dwg
    Source: DraftSightHelper.cs -> OpenTemplate() [Line 87]

[2026-01-19 14:55:00.256] [INFO   ] Performance: Opening document E-LAM-003.dwg completed in 536ms
    Source: DraftSightHelper.cs -> OpenTemplate() [Line 108]

[2026-01-19 14:55:00.256] [INFO   ] Successfully opened template: E-LAM-003.dwg
    Source: DraftSightHelper.cs -> OpenTemplate() [Line 109]

[2026-01-19 14:55:00.262] [DEBUG  ] Extracted properties from E-LAM-003: Contents='', Colour='BRUSHED STAINLESS WITH BLACK TEXT'
    Source: LamacoidIndex.cs -> ExtractPropertiesFromDwg() [Line 177]

[2026-01-19 14:55:00.262] [DEBUG  ] CloseDocument called for: E-LAM-003.dwg
    Source: DraftSightHelper.cs -> CloseDocument() [Line 198]

[2026-01-19 14:55:00.549] [INFO   ] Successfully closed document: E-LAM-003.dwg
    Source: DraftSightHelper.cs -> CloseDocument() [Line 205]

[2026-01-19 14:55:00.559] [DEBUG  ] OpenTemplate called for: Y:\Autocad\Template\~LAMACOIDS\Lams\E-LAM-004.dwg
    Source: DraftSightHelper.cs -> OpenTemplate() [Line 87]

[2026-01-19 14:55:01.041] [INFO   ] Performance: Opening document E-LAM-004.dwg completed in 476ms
    Source: DraftSightHelper.cs -> OpenTemplate() [Line 108]

[2026-01-19 14:55:01.041] [INFO   ] Successfully opened template: E-LAM-004.dwg
    Source: DraftSightHelper.cs -> OpenTemplate() [Line 109]

[2026-01-19 14:55:01.052] [DEBUG  ] Extracted properties from E-LAM-004: Contents='', Colour='BRUSHED STAINLESS WITH BLACK TEXT'
    Source: LamacoidIndex.cs -> ExtractPropertiesFromDwg() [Line 177]

[2026-01-19 14:55:01.052] [DEBUG  ] CloseDocument called for: E-LAM-004.dwg
    Source: DraftSightHelper.cs -> CloseDocument() [Line 198]

[2026-01-19 14:55:01.307] [INFO   ] Successfully closed document: E-LAM-004.dwg
    Source: DraftSightHelper.cs -> CloseDocument() [Line 205]

[2026-01-19 14:55:01.323] [DEBUG  ] OpenTemplate called for: Y:\Autocad\Template\~LAMACOIDS\Lams\E-LAM-005.dwg
    Source: DraftSightHelper.cs -> OpenTemplate() [Line 87]

[2026-01-19 14:55:01.808] [INFO   ] Performance: Opening document E-LAM-005.dwg completed in 484ms
    Source: DraftSightHelper.cs -> OpenTemplate() [Line 108]

[2026-01-19 14:55:01.808] [INFO   ] Successfully opened template: E-LAM-005.dwg
    Source: DraftSightHelper.cs -> OpenTemplate() [Line 109]

[2026-01-19 14:55:01.824] [DEBUG  ] Extracted properties from E-LAM-005: Contents='', Colour='BRUSHED STAINLESS WITH BLACK TEXT'
    Source: LamacoidIndex.cs -> ExtractPropertiesFromDwg() [Line 177]

[2026-01-19 14:55:01.824] [DEBUG  ] CloseDocument called for: E-LAM-005.dwg
    Source: DraftSightHelper.cs -> CloseDocument() [Line 198]

[2026-01-19 14:55:02.096] [INFO   ] Successfully closed document: E-LAM-005.dwg
    Source: DraftSightHelper.cs -> CloseDocument() [Line 205]

[2026-01-19 14:55:02.110] [DEBUG  ] OpenTemplate called for: Y:\Autocad\Template\~LAMACOIDS\Lams\E-LAM-006.dwg
    Source: DraftSightHelper.cs -> OpenTemplate() [Line 87]

[2026-01-19 14:55:02.574] [INFO   ] Performance: Opening document E-LAM-006.dwg completed in 477ms
    Source: DraftSightHelper.cs -> OpenTemplate() [Line 108]

[2026-01-19 14:55:02.574] [INFO   ] Successfully opened template: E-LAM-006.dwg
    Source: DraftSightHelper.cs -> OpenTemplate() [Line 109]

[2026-01-19 14:55:02.595] [DEBUG  ] Extracted properties from E-LAM-006: Contents='', Colour='BRUSHED STAINLESS WITH BLACK TEXT'
    Source: LamacoidIndex.cs -> ExtractPropertiesFromDwg() [Line 177]

[2026-01-19 14:55:02.595] [DEBUG  ] CloseDocument called for: E-LAM-006.dwg
    Source: DraftSightHelper.cs -> CloseDocument() [Line 198]

[2026-01-19 14:55:02.865] [INFO   ] Successfully closed document: E-LAM-006.dwg
    Source: DraftSightHelper.cs -> CloseDocument() [Line 205]

[2026-01-19 14:55:02.869] [DEBUG  ] Generating thumbnail for: Y:\Autocad\Template\~LAMACOIDS\Lams\E-LAM-006.pdf
    Source: ThumbnailGenerator.cs -> GenerateThumbnail() [Line 68]

[2026-01-19 14:55:02.869] [INFO   ] Creating placeholder thumbnail (PDF rendering disabled): C:\Users\dlebel\Downloads\LamCreator-main (1)\LamCreator-main\Lamacoid Creator\Lamacoid Creator\bin\Debug\Thumbnails\E-LAM-006.png
    Source: ThumbnailGenerator.cs -> GenerateThumbnail() [Line 72]

[2026-01-19 14:55:02.881] [DEBUG  ] OpenTemplate called for: Y:\Autocad\Template\~LAMACOIDS\Lams\E-LAM-007.dwg
    Source: DraftSightHelper.cs -> OpenTemplate() [Line 87]

[2026-01-19 14:55:03.390] [INFO   ] Performance: Opening document E-LAM-007.dwg completed in 507ms
    Source: DraftSightHelper.cs -> OpenTemplate() [Line 108]

[2026-01-19 14:55:03.390] [INFO   ] Successfully opened template: E-LAM-007.dwg
    Source: DraftSightHelper.cs -> OpenTemplate() [Line 109]

[2026-01-19 14:55:03.390] [DEBUG  ] Extracted properties from E-LAM-007: Contents='', Colour='YELLOW WITH BLACK TEXT'
    Source: LamacoidIndex.cs -> ExtractPropertiesFromDwg() [Line 177]

[2026-01-19 14:55:03.390] [DEBUG  ] CloseDocument called for: E-LAM-007.dwg
    Source: DraftSightHelper.cs -> CloseDocument() [Line 198]

[2026-01-19 14:55:03.676] [INFO   ] Successfully closed document: E-LAM-007.dwg
    Source: DraftSightHelper.cs -> CloseDocument() [Line 205]

[2026-01-19 14:55:03.679] [DEBUG  ] Generating thumbnail for: Y:\Autocad\Template\~LAMACOIDS\Lams\E-LAM-007.pdf
    Source: ThumbnailGenerator.cs -> GenerateThumbnail() [Line 68]

[2026-01-19 14:55:03.680] [INFO   ] Creating placeholder thumbnail (PDF rendering disabled): C:\Users\dlebel\Downloads\LamCreator-main (1)\LamCreator-main\Lamacoid Creator\Lamacoid Creator\bin\Debug\Thumbnails\E-LAM-007.png
    Source: ThumbnailGenerator.cs -> GenerateThumbnail() [Line 72]

[2026-01-19 14:55:03.692] [DEBUG  ] OpenTemplate called for: Y:\Autocad\Template\~LAMACOIDS\Lams\E-LAM-008.dwg
    Source: DraftSightHelper.cs -> OpenTemplate() [Line 87]

[2026-01-19 14:55:04.164] [INFO   ] Performance: Opening document E-LAM-008.dwg completed in 472ms
    Source: DraftSightHelper.cs -> OpenTemplate() [Line 108]

[2026-01-19 14:55:04.164] [INFO   ] Successfully opened template: E-LAM-008.dwg
    Source: DraftSightHelper.cs -> OpenTemplate() [Line 109]

[2026-01-19 14:55:04.175] [DEBUG  ] Extracted properties from E-LAM-008: Contents='', Colour='YELLOW WITH BLACK TEXT'
    Source: LamacoidIndex.cs -> ExtractPropertiesFromDwg() [Line 177]

[2026-01-19 14:55:04.175] [DEBUG  ] CloseDocument called for: E-LAM-008.dwg
    Source: DraftSightHelper.cs -> CloseDocument() [Line 198]

[2026-01-19 14:55:04.441] [INFO   ] Successfully closed document: E-LAM-008.dwg
    Source: DraftSightHelper.cs -> CloseDocument() [Line 205]

[2026-01-19 14:55:04.441] [DEBUG  ] Generating thumbnail for: Y:\Autocad\Template\~LAMACOIDS\Lams\E-LAM-008.pdf
    Source: ThumbnailGenerator.cs -> GenerateThumbnail() [Line 68]

[2026-01-19 14:55:04.441] [INFO   ] Creating placeholder thumbnail (PDF rendering disabled): C:\Users\dlebel\Downloads\LamCreator-main (1)\LamCreator-main\Lamacoid Creator\Lamacoid Creator\bin\Debug\Thumbnails\E-LAM-008.png
    Source: ThumbnailGenerator.cs -> GenerateThumbnail() [Line 72]

[2026-01-19 14:55:04.458] [DEBUG  ] OpenTemplate called for: Y:\Autocad\Template\~LAMACOIDS\Lams\E-LAM-009.dwg
    Source: DraftSightHelper.cs -> OpenTemplate() [Line 87]

[2026-01-19 14:55:04.946] [INFO   ] Performance: Opening document E-LAM-009.dwg completed in 480ms
    Source: DraftSightHelper.cs -> OpenTemplate() [Line 108]

[2026-01-19 14:55:04.946] [INFO   ] Successfully opened template: E-LAM-009.dwg
    Source: DraftSightHelper.cs -> OpenTemplate() [Line 109]

[2026-01-19 14:55:04.954] [DEBUG  ] Extracted properties from E-LAM-009: Contents='', Colour='YELLOW WITH BLACK TEXT'
    Source: LamacoidIndex.cs -> ExtractPropertiesFromDwg() [Line 177]

[2026-01-19 14:55:04.954] [DEBUG  ] CloseDocument called for: E-LAM-009.dwg
    Source: DraftSightHelper.cs -> CloseDocument() [Line 198]

[2026-01-19 14:55:05.221] [INFO   ] Successfully closed document: E-LAM-009.dwg
    Source: DraftSightHelper.cs -> CloseDocument() [Line 205]

[2026-01-19 14:55:05.221] [DEBUG  ] Generating thumbnail for: Y:\Autocad\Template\~LAMACOIDS\Lams\E-LAM-009.pdf
    Source: ThumbnailGenerator.cs -> GenerateThumbnail() [Line 68]

[2026-01-19 14:55:05.221] [INFO   ] Creating placeholder thumbnail (PDF rendering disabled): C:\Users\dlebel\Downloads\LamCreator-main (1)\LamCreator-main\Lamacoid Creator\Lamacoid Creator\bin\Debug\Thumbnails\E-LAM-009.png
    Source: ThumbnailGenerator.cs -> GenerateThumbnail() [Line 72]

[2026-01-19 14:55:05.253] [DEBUG  ] OpenTemplate called for: Y:\Autocad\Template\~LAMACOIDS\Lams\E-LAM-010.dwg
    Source: DraftSightHelper.cs -> OpenTemplate() [Line 87]

[2026-01-19 14:55:05.724] [INFO   ] Performance: Opening document E-LAM-010.dwg completed in 475ms
    Source: DraftSightHelper.cs -> OpenTemplate() [Line 108]

[2026-01-19 14:55:05.724] [INFO   ] Successfully opened template: E-LAM-010.dwg
    Source: DraftSightHelper.cs -> OpenTemplate() [Line 109]

[2026-01-19 14:55:05.738] [DEBUG  ] Extracted properties from E-LAM-010: Contents='', Colour='YELLOW WITH BLACK TEXT'
    Source: LamacoidIndex.cs -> ExtractPropertiesFromDwg() [Line 177]

[2026-01-19 14:55:05.738] [DEBUG  ] CloseDocument called for: E-LAM-010.dwg
    Source: DraftSightHelper.cs -> CloseDocument() [Line 198]

[2026-01-19 14:55:06.005] [INFO   ] Successfully closed document: E-LAM-010.dwg
    Source: DraftSightHelper.cs -> CloseDocument() [Line 205]

[2026-01-19 14:55:06.009] [DEBUG  ] Generating thumbnail for: Y:\Autocad\Template\~LAMACOIDS\Lams\E-LAM-010.pdf
    Source: ThumbnailGenerator.cs -> GenerateThumbnail() [Line 68]

[2026-01-19 14:55:06.009] [INFO   ] Creating placeholder thumbnail (PDF rendering disabled): C:\Users\dlebel\Downloads\LamCreator-main (1)\LamCreator-main\Lamacoid Creator\Lamacoid Creator\bin\Debug\Thumbnails\E-LAM-010.png
    Source: ThumbnailGenerator.cs -> GenerateThumbnail() [Line 72]

[2026-01-19 14:55:06.033] [DEBUG  ] OpenTemplate called for: Y:\Autocad\Template\~LAMACOIDS\Lams\E-LAM-011.dwg
    Source: DraftSightHelper.cs -> OpenTemplate() [Line 87]

[2026-01-19 14:55:06.501] [INFO   ] Performance: Opening document E-LAM-011.dwg completed in 467ms
    Source: DraftSightHelper.cs -> OpenTemplate() [Line 108]

[2026-01-19 14:55:06.501] [INFO   ] Successfully opened template: E-LAM-011.dwg
    Source: DraftSightHelper.cs -> OpenTemplate() [Line 109]

[2026-01-19 14:55:06.509] [DEBUG  ] Extracted properties from E-LAM-011: Contents='', Colour='GREEN WITH WHITE TEXT'
    Source: LamacoidIndex.cs -> ExtractPropertiesFromDwg() [Line 177]

[2026-01-19 14:55:06.509] [DEBUG  ] CloseDocument called for: E-LAM-011.dwg
    Source: DraftSightHelper.cs -> CloseDocument() [Line 198]

[2026-01-19 14:55:06.773] [INFO   ] Successfully closed document: E-LAM-011.dwg
    Source: DraftSightHelper.cs -> CloseDocument() [Line 205]

[2026-01-19 14:55:06.775] [DEBUG  ] Generating thumbnail for: Y:\Autocad\Template\~LAMACOIDS\Lams\E-LAM-011.pdf
    Source: ThumbnailGenerator.cs -> GenerateThumbnail() [Line 68]

[2026-01-19 14:55:06.775] [INFO   ] Creating placeholder thumbnail (PDF rendering disabled): C:\Users\dlebel\Downloads\LamCreator-main (1)\LamCreator-main\Lamacoid Creator\Lamacoid Creator\bin\Debug\Thumbnails\E-LAM-011.png
    Source: ThumbnailGenerator.cs -> GenerateThumbnail() [Line 72]

[2026-01-19 14:55:06.795] [DEBUG  ] OpenTemplate called for: Y:\Autocad\Template\~LAMACOIDS\Lams\E-LAM-012.dwg
    Source: DraftSightHelper.cs -> OpenTemplate() [Line 87]

[2026-01-19 14:55:07.289] [INFO   ] Performance: Opening document E-LAM-012.dwg completed in 494ms
    Source: DraftSightHelper.cs -> OpenTemplate() [Line 108]

[2026-01-19 14:55:07.289] [INFO   ] Successfully opened template: E-LAM-012.dwg
    Source: DraftSightHelper.cs -> OpenTemplate() [Line 109]

[2026-01-19 14:55:07.295] [DEBUG  ] Extracted properties from E-LAM-012: Contents='', Colour='GREEN WITH WHITE TEXT'
    Source: LamacoidIndex.cs -> ExtractPropertiesFromDwg() [Line 177]

[2026-01-19 14:55:07.295] [DEBUG  ] CloseDocument called for: E-LAM-012.dwg
    Source: DraftSightHelper.cs -> CloseDocument() [Line 198]

[2026-01-19 14:55:07.575] [INFO   ] Successfully closed document: E-LAM-012.dwg
    Source: DraftSightHelper.cs -> CloseDocument() [Line 205]

[2026-01-19 14:55:07.575] [DEBUG  ] Generating thumbnail for: Y:\Autocad\Template\~LAMACOIDS\Lams\E-LAM-012.pdf
    Source: ThumbnailGenerator.cs -> GenerateThumbnail() [Line 68]

[2026-01-19 14:55:07.575] [INFO   ] Creating placeholder thumbnail (PDF rendering disabled): C:\Users\dlebel\Downloads\LamCreator-main (1)\LamCreator-main\Lamacoid Creator\Lamacoid Creator\bin\Debug\Thumbnails\E-LAM-012.png
    Source: ThumbnailGenerator.cs -> GenerateThumbnail() [Line 72]

[2026-01-19 14:55:07.600] [DEBUG  ] OpenTemplate called for: Y:\Autocad\Template\~LAMACOIDS\Lams\E-LAM-013.dwg
    Source: DraftSightHelper.cs -> OpenTemplate() [Line 87]

[2026-01-19 14:55:08.126] [INFO   ] Performance: Opening document E-LAM-013.dwg completed in 526ms
    Source: DraftSightHelper.cs -> OpenTemplate() [Line 108]

[2026-01-19 14:55:08.126] [INFO   ] Successfully opened template: E-LAM-013.dwg
    Source: DraftSightHelper.cs -> OpenTemplate() [Line 109]

[2026-01-19 14:55:08.132] [DEBUG  ] Extracted properties from E-LAM-013: Contents='', Colour='GREEN WITH WHITE TEXT'
    Source: LamacoidIndex.cs -> ExtractPropertiesFromDwg() [Line 177]

[2026-01-19 14:55:08.132] [DEBUG  ] CloseDocument called for: E-LAM-013.dwg
    Source: DraftSightHelper.cs -> CloseDocument() [Line 198]

[2026-01-19 14:55:08.391] [INFO   ] Successfully closed document: E-LAM-013.dwg
    Source: DraftSightHelper.cs -> CloseDocument() [Line 205]

[2026-01-19 14:55:08.391] [DEBUG  ] Generating thumbnail for: Y:\Autocad\Template\~LAMACOIDS\Lams\E-LAM-013.pdf
    Source: ThumbnailGenerator.cs -> GenerateThumbnail() [Line 68]

[2026-01-19 14:55:08.391] [INFO   ] Creating placeholder thumbnail (PDF rendering disabled): C:\Users\dlebel\Downloads\LamCreator-main (1)\LamCreator-main\Lamacoid Creator\Lamacoid Creator\bin\Debug\Thumbnails\E-LAM-013.png
    Source: ThumbnailGenerator.cs -> GenerateThumbnail() [Line 72]

[2026-01-19 14:55:08.407] [DEBUG  ] OpenTemplate called for: Y:\Autocad\Template\~LAMACOIDS\Lams\E-LAM-014.dwg
    Source: DraftSightHelper.cs -> OpenTemplate() [Line 87]

[2026-01-19 14:55:08.941] [INFO   ] Performance: Opening document E-LAM-014.dwg completed in 521ms
    Source: DraftSightHelper.cs -> OpenTemplate() [Line 108]

[2026-01-19 14:55:08.941] [INFO   ] Successfully opened template: E-LAM-014.dwg
    Source: DraftSightHelper.cs -> OpenTemplate() [Line 109]

[2026-01-19 14:55:08.945] [DEBUG  ] Extracted properties from E-LAM-014: Contents='', Colour='GREEN WITH WHITE TEXT'
    Source: LamacoidIndex.cs -> ExtractPropertiesFromDwg() [Line 177]

[2026-01-19 14:55:08.945] [DEBUG  ] CloseDocument called for: E-LAM-014.dwg
    Source: DraftSightHelper.cs -> CloseDocument() [Line 198]

[2026-01-19 14:55:09.222] [INFO   ] Successfully closed document: E-LAM-014.dwg
    Source: DraftSightHelper.cs -> CloseDocument() [Line 205]

[2026-01-19 14:55:09.222] [DEBUG  ] Generating thumbnail for: Y:\Autocad\Template\~LAMACOIDS\Lams\E-LAM-014.pdf
    Source: ThumbnailGenerator.cs -> GenerateThumbnail() [Line 68]

[2026-01-19 14:55:09.222] [INFO   ] Creating placeholder thumbnail (PDF rendering disabled): C:\Users\dlebel\Downloads\LamCreator-main (1)\LamCreator-main\Lamacoid Creator\Lamacoid Creator\bin\Debug\Thumbnails\E-LAM-014.png
    Source: ThumbnailGenerator.cs -> GenerateThumbnail() [Line 72]

[2026-01-19 14:55:09.241] [DEBUG  ] OpenTemplate called for: Y:\Autocad\Template\~LAMACOIDS\Lams\E-LAM-015.dwg
    Source: DraftSightHelper.cs -> OpenTemplate() [Line 87]

[2026-01-19 14:55:09.764] [INFO   ] Performance: Opening document E-LAM-015.dwg completed in 523ms
    Source: DraftSightHelper.cs -> OpenTemplate() [Line 108]

[2026-01-19 14:55:09.764] [INFO   ] Successfully opened template: E-LAM-015.dwg
    Source: DraftSightHelper.cs -> OpenTemplate() [Line 109]

[2026-01-19 14:55:09.776] [DEBUG  ] Extracted properties from E-LAM-015: Contents='', Colour='GREEN WITH WHITE TEXT'
    Source: LamacoidIndex.cs -> ExtractPropertiesFromDwg() [Line 177]

[2026-01-19 14:55:09.777] [DEBUG  ] CloseDocument called for: E-LAM-015.dwg
    Source: DraftSightHelper.cs -> CloseDocument() [Line 198]

[2026-01-19 14:55:10.040] [INFO   ] Successfully closed document: E-LAM-015.dwg
    Source: DraftSightHelper.cs -> CloseDocument() [Line 205]

[2026-01-19 14:55:10.040] [DEBUG  ] Generating thumbnail for: Y:\Autocad\Template\~LAMACOIDS\Lams\E-LAM-015.pdf
    Source: ThumbnailGenerator.cs -> GenerateThumbnail() [Line 68]

[2026-01-19 14:55:10.040] [INFO   ] Creating placeholder thumbnail (PDF rendering disabled): C:\Users\dlebel\Downloads\LamCreator-main (1)\LamCreator-main\Lamacoid Creator\Lamacoid Creator\bin\Debug\Thumbnails\E-LAM-015.png
    Source: ThumbnailGenerator.cs -> GenerateThumbnail() [Line 72]

[2026-01-19 14:55:10.059] [DEBUG  ] OpenTemplate called for: Y:\Autocad\Template\~LAMACOIDS\Lams\E-LAM-016.dwg
    Source: DraftSightHelper.cs -> OpenTemplate() [Line 87]

[2026-01-19 14:55:10.599] [INFO   ] Performance: Opening document E-LAM-016.dwg completed in 537ms
    Source: DraftSightHelper.cs -> OpenTemplate() [Line 108]

[2026-01-19 14:55:10.599] [INFO   ] Successfully opened template: E-LAM-016.dwg
    Source: DraftSightHelper.cs -> OpenTemplate() [Line 109]

[2026-01-19 14:55:10.606] [DEBUG  ] Extracted properties from E-LAM-016: Contents='', Colour='GREEN WITH WHITE TEXT'
    Source: LamacoidIndex.cs -> ExtractPropertiesFromDwg() [Line 177]

[2026-01-19 14:55:10.606] [DEBUG  ] CloseDocument called for: E-LAM-016.dwg
    Source: DraftSightHelper.cs -> CloseDocument() [Line 198]

[2026-01-19 14:55:10.874] [INFO   ] Successfully closed document: E-LAM-016.dwg
    Source: DraftSightHelper.cs -> CloseDocument() [Line 205]

[2026-01-19 14:55:10.874] [DEBUG  ] Generating thumbnail for: Y:\Autocad\Template\~LAMACOIDS\Lams\E-LAM-016.pdf
    Source: ThumbnailGenerator.cs -> GenerateThumbnail() [Line 68]

[2026-01-19 14:55:10.874] [INFO   ] Creating placeholder thumbnail (PDF rendering disabled): C:\Users\dlebel\Downloads\LamCreator-main (1)\LamCreator-main\Lamacoid Creator\Lamacoid Creator\bin\Debug\Thumbnails\E-LAM-016.png
    Source: ThumbnailGenerator.cs -> GenerateThumbnail() [Line 72]

[2026-01-19 14:55:10.895] [DEBUG  ] OpenTemplate called for: Y:\Autocad\Template\~LAMACOIDS\Lams\E-LAM-017.dwg
    Source: DraftSightHelper.cs -> OpenTemplate() [Line 87]

[2026-01-19 14:55:11.350] [INFO   ] Performance: Opening document E-LAM-017.dwg completed in 467ms
    Source: DraftSightHelper.cs -> OpenTemplate() [Line 108]

[2026-01-19 14:55:11.350] [INFO   ] Successfully opened template: E-LAM-017.dwg
    Source: DraftSightHelper.cs -> OpenTemplate() [Line 109]

[2026-01-19 14:55:11.366] [DEBUG  ] Extracted properties from E-LAM-017: Contents='', Colour='GREEN WITH WHITE TEXT'
    Source: LamacoidIndex.cs -> ExtractPropertiesFromDwg() [Line 177]

[2026-01-19 14:55:11.366] [DEBUG  ] CloseDocument called for: E-LAM-017.dwg
    Source: DraftSightHelper.cs -> CloseDocument() [Line 198]

[2026-01-19 14:55:11.639] [INFO   ] Successfully closed document: E-LAM-017.dwg
    Source: DraftSightHelper.cs -> CloseDocument() [Line 205]

[2026-01-19 14:55:11.639] [DEBUG  ] Generating thumbnail for: Y:\Autocad\Template\~LAMACOIDS\Lams\E-LAM-017.pdf
    Source: ThumbnailGenerator.cs -> GenerateThumbnail() [Line 68]

[2026-01-19 14:55:11.639] [INFO   ] Creating placeholder thumbnail (PDF rendering disabled): C:\Users\dlebel\Downloads\LamCreator-main (1)\LamCreator-main\Lamacoid Creator\Lamacoid Creator\bin\Debug\Thumbnails\E-LAM-017.png
    Source: ThumbnailGenerator.cs -> GenerateThumbnail() [Line 72]

[2026-01-19 14:55:11.664] [DEBUG  ] OpenTemplate called for: Y:\Autocad\Template\~LAMACOIDS\Lams\E-LAM-018.dwg
    Source: DraftSightHelper.cs -> OpenTemplate() [Line 87]

[2026-01-19 14:55:12.163] [INFO   ] Performance: Opening document E-LAM-018.dwg completed in 502ms
    Source: DraftSightHelper.cs -> OpenTemplate() [Line 108]

[2026-01-19 14:55:12.163] [INFO   ] Successfully opened template: E-LAM-018.dwg
    Source: DraftSightHelper.cs -> OpenTemplate() [Line 109]

[2026-01-19 14:55:12.173] [DEBUG  ] Extracted properties from E-LAM-018: Contents='', Colour='GREEN WITH WHITE TEXT'
    Source: LamacoidIndex.cs -> ExtractPropertiesFromDwg() [Line 177]

[2026-01-19 14:55:12.173] [DEBUG  ] CloseDocument called for: E-LAM-018.dwg
    Source: DraftSightHelper.cs -> CloseDocument() [Line 198]

[2026-01-19 14:55:12.443] [INFO   ] Successfully closed document: E-LAM-018.dwg
    Source: DraftSightHelper.cs -> CloseDocument() [Line 205]

[2026-01-19 14:55:12.447] [DEBUG  ] Generating thumbnail for: Y:\Autocad\Template\~LAMACOIDS\Lams\E-LAM-018.pdf
    Source: ThumbnailGenerator.cs -> GenerateThumbnail() [Line 68]

[2026-01-19 14:55:12.447] [INFO   ] Creating placeholder thumbnail (PDF rendering disabled): C:\Users\dlebel\Downloads\LamCreator-main (1)\LamCreator-main\Lamacoid Creator\Lamacoid Creator\bin\Debug\Thumbnails\E-LAM-018.png
    Source: ThumbnailGenerator.cs -> GenerateThumbnail() [Line 72]

[2026-01-19 14:55:12.458] [DEBUG  ] OpenTemplate called for: Y:\Autocad\Template\~LAMACOIDS\Lams\E-LAM-019.dwg
    Source: DraftSightHelper.cs -> OpenTemplate() [Line 87]

[2026-01-19 14:55:12.923] [INFO   ] Performance: Opening document E-LAM-019.dwg completed in 472ms
    Source: DraftSightHelper.cs -> OpenTemplate() [Line 108]

[2026-01-19 14:55:12.923] [INFO   ] Successfully opened template: E-LAM-019.dwg
    Source: DraftSightHelper.cs -> OpenTemplate() [Line 109]

[2026-01-19 14:55:12.938] [DEBUG  ] Extracted properties from E-LAM-019: Contents='', Colour='GREEN WITH WHITE TEXT'
    Source: LamacoidIndex.cs -> ExtractPropertiesFromDwg() [Line 177]

[2026-01-19 14:55:12.938] [DEBUG  ] CloseDocument called for: E-LAM-019.dwg
    Source: DraftSightHelper.cs -> CloseDocument() [Line 198]

[2026-01-19 14:55:13.211] [INFO   ] Successfully closed document: E-LAM-019.dwg
    Source: DraftSightHelper.cs -> CloseDocument() [Line 205]

[2026-01-19 14:55:13.214] [DEBUG  ] Generating thumbnail for: Y:\Autocad\Template\~LAMACOIDS\Lams\E-LAM-019.pdf
    Source: ThumbnailGenerator.cs -> GenerateThumbnail() [Line 68]

[2026-01-19 14:55:13.214] [INFO   ] Creating placeholder thumbnail (PDF rendering disabled): C:\Users\dlebel\Downloads\LamCreator-main (1)\LamCreator-main\Lamacoid Creator\Lamacoid Creator\bin\Debug\Thumbnails\E-LAM-019.png
    Source: ThumbnailGenerator.cs -> GenerateThumbnail() [Line 72]

[2026-01-19 14:55:13.225] [DEBUG  ] OpenTemplate called for: Y:\Autocad\Template\~LAMACOIDS\Lams\E-LAM-020.dwg
    Source: DraftSightHelper.cs -> OpenTemplate() [Line 87]

[2026-01-19 14:55:13.710] [INFO   ] Performance: Opening document E-LAM-020.dwg completed in 479ms
    Source: DraftSightHelper.cs -> OpenTemplate() [Line 108]

[2026-01-19 14:55:13.710] [INFO   ] Successfully opened template: E-LAM-020.dwg
    Source: DraftSightHelper.cs -> OpenTemplate() [Line 109]

[2026-01-19 14:55:13.710] [DEBUG  ] Extracted properties from E-LAM-020: Contents='', Colour='GREEN WITH WHITE TEXT'
    Source: LamacoidIndex.cs -> ExtractPropertiesFromDwg() [Line 177]

[2026-01-19 14:55:13.710] [DEBUG  ] CloseDocument called for: E-LAM-020.dwg
    Source: DraftSightHelper.cs -> CloseDocument() [Line 198]

[2026-01-19 14:55:13.985] [INFO   ] Successfully closed document: E-LAM-020.dwg
    Source: DraftSightHelper.cs -> CloseDocument() [Line 205]

[2026-01-19 14:55:13.990] [DEBUG  ] Generating thumbnail for: Y:\Autocad\Template\~LAMACOIDS\Lams\E-LAM-020.pdf
    Source: ThumbnailGenerator.cs -> GenerateThumbnail() [Line 68]

[2026-01-19 14:55:13.990] [INFO   ] Creating placeholder thumbnail (PDF rendering disabled): C:\Users\dlebel\Downloads\LamCreator-main (1)\LamCreator-main\Lamacoid Creator\Lamacoid Creator\bin\Debug\Thumbnails\E-LAM-020.png
    Source: ThumbnailGenerator.cs -> GenerateThumbnail() [Line 72]

[2026-01-19 14:55:14.006] [DEBUG  ] OpenTemplate called for: Y:\Autocad\Template\~LAMACOIDS\Lams\E-LAM-021.dwg
    Source: DraftSightHelper.cs -> OpenTemplate() [Line 87]

[2026-01-19 14:55:14.539] [INFO   ] Performance: Opening document E-LAM-021.dwg completed in 537ms
    Source: DraftSightHelper.cs -> OpenTemplate() [Line 108]

[2026-01-19 14:55:14.539] [INFO   ] Successfully opened template: E-LAM-021.dwg
    Source: DraftSightHelper.cs -> OpenTemplate() [Line 109]

[2026-01-19 14:55:14.555] [DEBUG  ] Extracted properties from E-LAM-021: Contents='', Colour='GREEN WITH WHITE TEXT'
    Source: LamacoidIndex.cs -> ExtractPropertiesFromDwg() [Line 177]

[2026-01-19 14:55:14.555] [DEBUG  ] CloseDocument called for: E-LAM-021.dwg
    Source: DraftSightHelper.cs -> CloseDocument() [Line 198]

[2026-01-19 14:55:14.817] [INFO   ] Successfully closed document: E-LAM-021.dwg
    Source: DraftSightHelper.cs -> CloseDocument() [Line 205]

[2026-01-19 14:55:14.821] [DEBUG  ] Generating thumbnail for: Y:\Autocad\Template\~LAMACOIDS\Lams\E-LAM-021.pdf
    Source: ThumbnailGenerator.cs -> GenerateThumbnail() [Line 68]

[2026-01-19 14:55:14.821] [INFO   ] Creating placeholder thumbnail (PDF rendering disabled): C:\Users\dlebel\Downloads\LamCreator-main (1)\LamCreator-main\Lamacoid Creator\Lamacoid Creator\bin\Debug\Thumbnails\E-LAM-021.png
    Source: ThumbnailGenerator.cs -> GenerateThumbnail() [Line 72]

[2026-01-19 14:55:14.832] [DEBUG  ] OpenTemplate called for: Y:\Autocad\Template\~LAMACOIDS\Lams\E-LAM-022.dwg
    Source: DraftSightHelper.cs -> OpenTemplate() [Line 87]

[2026-01-19 14:55:15.338] [INFO   ] Performance: Opening document E-LAM-022.dwg completed in 500ms
    Source: DraftSightHelper.cs -> OpenTemplate() [Line 108]

[2026-01-19 14:55:15.338] [INFO   ] Successfully opened template: E-LAM-022.dwg
    Source: DraftSightHelper.cs -> OpenTemplate() [Line 109]

[2026-01-19 14:55:15.349] [DEBUG  ] Extracted properties from E-LAM-022: Contents='', Colour='GREEN WITH WHITE TEXT'
    Source: LamacoidIndex.cs -> ExtractPropertiesFromDwg() [Line 177]

[2026-01-19 14:55:15.349] [DEBUG  ] CloseDocument called for: E-LAM-022.dwg
    Source: DraftSightHelper.cs -> CloseDocument() [Line 198]

[2026-01-19 14:55:15.617] [INFO   ] Successfully closed document: E-LAM-022.dwg
    Source: DraftSightHelper.cs -> CloseDocument() [Line 205]

[2026-01-19 14:55:15.617] [DEBUG  ] Generating thumbnail for: Y:\Autocad\Template\~LAMACOIDS\Lams\E-LAM-022.pdf
    Source: ThumbnailGenerator.cs -> GenerateThumbnail() [Line 68]

[2026-01-19 14:55:15.617] [INFO   ] Creating placeholder thumbnail (PDF rendering disabled): C:\Users\dlebel\Downloads\LamCreator-main (1)\LamCreator-main\Lamacoid Creator\Lamacoid Creator\bin\Debug\Thumbnails\E-LAM-022.png
    Source: ThumbnailGenerator.cs -> GenerateThumbnail() [Line 72]

[2026-01-19 14:55:15.649] [DEBUG  ] OpenTemplate called for: Y:\Autocad\Template\~LAMACOIDS\Lams\E-LAM-023.dwg
    Source: DraftSightHelper.cs -> OpenTemplate() [Line 87]

[2026-01-19 14:55:16.116] [INFO   ] Performance: Opening document E-LAM-023.dwg completed in 470ms
    Source: DraftSightHelper.cs -> OpenTemplate() [Line 108]

[2026-01-19 14:55:16.116] [INFO   ] Successfully opened template: E-LAM-023.dwg
    Source: DraftSightHelper.cs -> OpenTemplate() [Line 109]

[2026-01-19 14:55:16.116] [DEBUG  ] Extracted properties from E-LAM-023: Contents='', Colour='GREEN WITH WHITE TEXT'
    Source: LamacoidIndex.cs -> ExtractPropertiesFromDwg() [Line 177]

[2026-01-19 14:55:16.116] [DEBUG  ] CloseDocument called for: E-LAM-023.dwg
    Source: DraftSightHelper.cs -> CloseDocument() [Line 198]

[2026-01-19 14:55:16.397] [INFO   ] Successfully closed document: E-LAM-023.dwg
    Source: DraftSightHelper.cs -> CloseDocument() [Line 205]

[2026-01-19 14:55:16.400] [DEBUG  ] Generating thumbnail for: Y:\Autocad\Template\~LAMACOIDS\Lams\E-LAM-023.pdf
    Source: ThumbnailGenerator.cs -> GenerateThumbnail() [Line 68]

[2026-01-19 14:55:16.400] [INFO   ] Creating placeholder thumbnail (PDF rendering disabled): C:\Users\dlebel\Downloads\LamCreator-main (1)\LamCreator-main\Lamacoid Creator\Lamacoid Creator\bin\Debug\Thumbnails\E-LAM-023.png
    Source: ThumbnailGenerator.cs -> GenerateThumbnail() [Line 72]

[2026-01-19 14:55:16.407] [DEBUG  ] OpenTemplate called for: Y:\Autocad\Template\~LAMACOIDS\Lams\E-LAM-024.dwg
    Source: DraftSightHelper.cs -> OpenTemplate() [Line 87]

[2026-01-19 14:55:16.878] [INFO   ] Performance: Opening document E-LAM-024.dwg completed in 467ms
    Source: DraftSightHelper.cs -> OpenTemplate() [Line 108]

[2026-01-19 14:55:16.878] [INFO   ] Successfully opened template: E-LAM-024.dwg
    Source: DraftSightHelper.cs -> OpenTemplate() [Line 109]

[2026-01-19 14:55:16.893] [DEBUG  ] Extracted properties from E-LAM-024: Contents='', Colour='GREEN WITH WHITE TEXT'
    Source: LamacoidIndex.cs -> ExtractPropertiesFromDwg() [Line 177]

[2026-01-19 14:55:16.893] [DEBUG  ] CloseDocument called for: E-LAM-024.dwg
    Source: DraftSightHelper.cs -> CloseDocument() [Line 198]

[2026-01-19 14:55:17.159] [INFO   ] Successfully closed document: E-LAM-024.dwg
    Source: DraftSightHelper.cs -> CloseDocument() [Line 205]

[2026-01-19 14:55:17.160] [DEBUG  ] Generating thumbnail for: Y:\Autocad\Template\~LAMACOIDS\Lams\E-LAM-024.pdf
    Source: ThumbnailGenerator.cs -> GenerateThumbnail() [Line 68]

[2026-01-19 14:55:17.160] [INFO   ] Creating placeholder thumbnail (PDF rendering disabled): C:\Users\dlebel\Downloads\LamCreator-main (1)\LamCreator-main\Lamacoid Creator\Lamacoid Creator\bin\Debug\Thumbnails\E-LAM-024.png
    Source: ThumbnailGenerator.cs -> GenerateThumbnail() [Line 72]

[2026-01-19 14:55:17.179] [DEBUG  ] OpenTemplate called for: Y:\Autocad\Template\~LAMACOIDS\Lams\E-LAM-025.dwg
    Source: DraftSightHelper.cs -> OpenTemplate() [Line 87]

[2026-01-19 14:55:17.692] [INFO   ] Performance: Opening document E-LAM-025.dwg completed in 520ms
    Source: DraftSightHelper.cs -> OpenTemplate() [Line 108]

[2026-01-19 14:55:17.692] [INFO   ] Successfully opened template: E-LAM-025.dwg
    Source: DraftSightHelper.cs -> OpenTemplate() [Line 109]

[2026-01-19 14:55:17.707] [DEBUG  ] Extracted properties from E-LAM-025: Contents='', Colour='GREEN WITH WHITE TEXT'
    Source: LamacoidIndex.cs -> ExtractPropertiesFromDwg() [Line 177]

[2026-01-19 14:55:17.707] [DEBUG  ] CloseDocument called for: E-LAM-025.dwg
    Source: DraftSightHelper.cs -> CloseDocument() [Line 198]

[2026-01-19 14:55:17.975] [INFO   ] Successfully closed document: E-LAM-025.dwg
    Source: DraftSightHelper.cs -> CloseDocument() [Line 205]

[2026-01-19 14:55:17.997] [DEBUG  ] OpenTemplate called for: Y:\Autocad\Template\~LAMACOIDS\Lams\E-LAM-026.dwg
    Source: DraftSightHelper.cs -> OpenTemplate() [Line 87]

[2026-01-19 14:55:18.479] [INFO   ] Performance: Opening document E-LAM-026.dwg completed in 481ms
    Source: DraftSightHelper.cs -> OpenTemplate() [Line 108]

[2026-01-19 14:55:18.480] [INFO   ] Successfully opened template: E-LAM-026.dwg
    Source: DraftSightHelper.cs -> OpenTemplate() [Line 109]

[2026-01-19 14:55:18.490] [DEBUG  ] Extracted properties from E-LAM-026: Contents='', Colour='ORANGE WITH BLACK TEXT'
    Source: LamacoidIndex.cs -> ExtractPropertiesFromDwg() [Line 177]

[2026-01-19 14:55:18.490] [DEBUG  ] CloseDocument called for: E-LAM-026.dwg
    Source: DraftSightHelper.cs -> CloseDocument() [Line 198]

[2026-01-19 14:55:18.757] [INFO   ] Successfully closed document: E-LAM-026.dwg
    Source: DraftSightHelper.cs -> CloseDocument() [Line 205]

[2026-01-19 14:55:18.757] [DEBUG  ] Generating thumbnail for: Y:\Autocad\Template\~LAMACOIDS\Lams\E-LAM-026.pdf
    Source: ThumbnailGenerator.cs -> GenerateThumbnail() [Line 68]

[2026-01-19 14:55:18.757] [INFO   ] Creating placeholder thumbnail (PDF rendering disabled): C:\Users\dlebel\Downloads\LamCreator-main (1)\LamCreator-main\Lamacoid Creator\Lamacoid Creator\bin\Debug\Thumbnails\E-LAM-026.png
    Source: ThumbnailGenerator.cs -> GenerateThumbnail() [Line 72]

[2026-01-19 14:55:18.774] [DEBUG  ] OpenTemplate called for: Y:\Autocad\Template\~LAMACOIDS\Lams\E-LAM-027.dwg
    Source: DraftSightHelper.cs -> OpenTemplate() [Line 87]

[2026-01-19 14:55:19.274] [INFO   ] Performance: Opening document E-LAM-027.dwg completed in 506ms
    Source: DraftSightHelper.cs -> OpenTemplate() [Line 108]

[2026-01-19 14:55:19.274] [INFO   ] Successfully opened template: E-LAM-027.dwg
    Source: DraftSightHelper.cs -> OpenTemplate() [Line 109]

[2026-01-19 14:55:19.290] [DEBUG  ] Extracted properties from E-LAM-027: Contents='', Colour='ORANGE WITH BLACK TEXT'
    Source: LamacoidIndex.cs -> ExtractPropertiesFromDwg() [Line 177]

[2026-01-19 14:55:19.290] [DEBUG  ] CloseDocument called for: E-LAM-027.dwg
    Source: DraftSightHelper.cs -> CloseDocument() [Line 198]

[2026-01-19 14:55:19.568] [INFO   ] Successfully closed document: E-LAM-027.dwg
    Source: DraftSightHelper.cs -> CloseDocument() [Line 205]

[2026-01-19 14:55:19.571] [DEBUG  ] Generating thumbnail for: Y:\Autocad\Template\~LAMACOIDS\Lams\E-LAM-027.pdf
    Source: ThumbnailGenerator.cs -> GenerateThumbnail() [Line 68]

[2026-01-19 14:55:19.571] [INFO   ] Creating placeholder thumbnail (PDF rendering disabled): C:\Users\dlebel\Downloads\LamCreator-main (1)\LamCreator-main\Lamacoid Creator\Lamacoid Creator\bin\Debug\Thumbnails\E-LAM-027.png
    Source: ThumbnailGenerator.cs -> GenerateThumbnail() [Line 72]

[2026-01-19 14:55:19.591] [DEBUG  ] OpenTemplate called for: Y:\Autocad\Template\~LAMACOIDS\Lams\E-LAM-028.dwg
    Source: DraftSightHelper.cs -> OpenTemplate() [Line 87]

[2026-01-19 14:55:20.057] [INFO   ] Performance: Opening document E-LAM-028.dwg completed in 473ms
    Source: DraftSightHelper.cs -> OpenTemplate() [Line 108]

[2026-01-19 14:55:20.057] [INFO   ] Successfully opened template: E-LAM-028.dwg
    Source: DraftSightHelper.cs -> OpenTemplate() [Line 109]

[2026-01-19 14:55:20.073] [DEBUG  ] Extracted properties from E-LAM-028: Contents='', Colour='ORANGE WITH BLACK TEXT'
    Source: LamacoidIndex.cs -> ExtractPropertiesFromDwg() [Line 177]

[2026-01-19 14:55:20.073] [DEBUG  ] CloseDocument called for: E-LAM-028.dwg
    Source: DraftSightHelper.cs -> CloseDocument() [Line 198]

[2026-01-19 14:55:20.344] [INFO   ] Successfully closed document: E-LAM-028.dwg
    Source: DraftSightHelper.cs -> CloseDocument() [Line 205]

[2026-01-19 14:55:20.347] [DEBUG  ] Generating thumbnail for: Y:\Autocad\Template\~LAMACOIDS\Lams\E-LAM-028.pdf
    Source: ThumbnailGenerator.cs -> GenerateThumbnail() [Line 68]

[2026-01-19 14:55:20.347] [INFO   ] Creating placeholder thumbnail (PDF rendering disabled): C:\Users\dlebel\Downloads\LamCreator-main (1)\LamCreator-main\Lamacoid Creator\Lamacoid Creator\bin\Debug\Thumbnails\E-LAM-028.png
    Source: ThumbnailGenerator.cs -> GenerateThumbnail() [Line 72]

[2026-01-19 14:55:20.358] [DEBUG  ] OpenTemplate called for: Y:\Autocad\Template\~LAMACOIDS\Lams\E-LAM-029.dwg
    Source: DraftSightHelper.cs -> OpenTemplate() [Line 87]

[2026-01-19 14:55:20.891] [INFO   ] Performance: Opening document E-LAM-029.dwg completed in 531ms
    Source: DraftSightHelper.cs -> OpenTemplate() [Line 108]

[2026-01-19 14:55:20.891] [INFO   ] Successfully opened template: E-LAM-029.dwg
    Source: DraftSightHelper.cs -> OpenTemplate() [Line 109]

[2026-01-19 14:55:20.891] [DEBUG  ] Extracted properties from E-LAM-029: Contents='', Colour='ORANGE WITH BLACK TEXT'
    Source: LamacoidIndex.cs -> ExtractPropertiesFromDwg() [Line 177]

[2026-01-19 14:55:20.891] [DEBUG  ] CloseDocument called for: E-LAM-029.dwg
    Source: DraftSightHelper.cs -> CloseDocument() [Line 198]

[2026-01-19 14:55:21.175] [INFO   ] Successfully closed document: E-LAM-029.dwg
    Source: DraftSightHelper.cs -> CloseDocument() [Line 205]

[2026-01-19 14:55:21.179] [DEBUG  ] Generating thumbnail for: Y:\Autocad\Template\~LAMACOIDS\Lams\E-LAM-029.pdf
    Source: ThumbnailGenerator.cs -> GenerateThumbnail() [Line 68]

[2026-01-19 14:55:21.179] [INFO   ] Creating placeholder thumbnail (PDF rendering disabled): C:\Users\dlebel\Downloads\LamCreator-main (1)\LamCreator-main\Lamacoid Creator\Lamacoid Creator\bin\Debug\Thumbnails\E-LAM-029.png
    Source: ThumbnailGenerator.cs -> GenerateThumbnail() [Line 72]

[2026-01-19 14:55:21.199] [DEBUG  ] OpenTemplate called for: Y:\Autocad\Template\~LAMACOIDS\Lams\E-LAM-030.dwg
    Source: DraftSightHelper.cs -> OpenTemplate() [Line 87]

[2026-01-19 14:55:21.673] [INFO   ] Performance: Opening document E-LAM-030.dwg completed in 484ms
    Source: DraftSightHelper.cs -> OpenTemplate() [Line 108]

[2026-01-19 14:55:21.673] [INFO   ] Successfully opened template: E-LAM-030.dwg
    Source: DraftSightHelper.cs -> OpenTemplate() [Line 109]

[2026-01-19 14:55:21.689] [DEBUG  ] Extracted properties from E-LAM-030: Contents='', Colour='ORANGE WITH BLACK TEXT'
    Source: LamacoidIndex.cs -> ExtractPropertiesFromDwg() [Line 177]

[2026-01-19 14:55:21.689] [DEBUG  ] CloseDocument called for: E-LAM-030.dwg
    Source: DraftSightHelper.cs -> CloseDocument() [Line 198]

[2026-01-19 14:55:21.958] [INFO   ] Successfully closed document: E-LAM-030.dwg
    Source: DraftSightHelper.cs -> CloseDocument() [Line 205]

[2026-01-19 14:55:21.958] [DEBUG  ] Generating thumbnail for: Y:\Autocad\Template\~LAMACOIDS\Lams\E-LAM-030.pdf
    Source: ThumbnailGenerator.cs -> GenerateThumbnail() [Line 68]

[2026-01-19 14:55:21.958] [INFO   ] Creating placeholder thumbnail (PDF rendering disabled): C:\Users\dlebel\Downloads\LamCreator-main (1)\LamCreator-main\Lamacoid Creator\Lamacoid Creator\bin\Debug\Thumbnails\E-LAM-030.png
    Source: ThumbnailGenerator.cs -> GenerateThumbnail() [Line 72]

[2026-01-19 14:55:21.974] [DEBUG  ] OpenTemplate called for: Y:\Autocad\Template\~LAMACOIDS\Lams\E-LAM-031.dwg
    Source: DraftSightHelper.cs -> OpenTemplate() [Line 87]

[2026-01-19 14:55:22.457] [INFO   ] Performance: Opening document E-LAM-031.dwg completed in 477ms
    Source: DraftSightHelper.cs -> OpenTemplate() [Line 108]

[2026-01-19 14:55:22.457] [INFO   ] Successfully opened template: E-LAM-031.dwg
    Source: DraftSightHelper.cs -> OpenTemplate() [Line 109]

[2026-01-19 14:55:22.457] [DEBUG  ] Extracted properties from E-LAM-031: Contents='', Colour='ORANGE WITH BLACK TEXT'
    Source: LamacoidIndex.cs -> ExtractPropertiesFromDwg() [Line 177]

[2026-01-19 14:55:22.457] [DEBUG  ] CloseDocument called for: E-LAM-031.dwg
    Source: DraftSightHelper.cs -> CloseDocument() [Line 198]

[2026-01-19 14:55:22.745] [INFO   ] Successfully closed document: E-LAM-031.dwg
    Source: DraftSightHelper.cs -> CloseDocument() [Line 205]

[2026-01-19 14:55:22.748] [DEBUG  ] Generating thumbnail for: Y:\Autocad\Template\~LAMACOIDS\Lams\E-LAM-031.pdf
    Source: ThumbnailGenerator.cs -> GenerateThumbnail() [Line 68]

[2026-01-19 14:55:22.748] [INFO   ] Creating placeholder thumbnail (PDF rendering disabled): C:\Users\dlebel\Downloads\LamCreator-main (1)\LamCreator-main\Lamacoid Creator\Lamacoid Creator\bin\Debug\Thumbnails\E-LAM-031.png
    Source: ThumbnailGenerator.cs -> GenerateThumbnail() [Line 72]

[2026-01-19 14:55:22.768] [DEBUG  ] OpenTemplate called for: Y:\Autocad\Template\~LAMACOIDS\Lams\E-LAM-032.dwg
    Source: DraftSightHelper.cs -> OpenTemplate() [Line 87]

[2026-01-19 14:55:23.274] [INFO   ] Performance: Opening document E-LAM-032.dwg completed in 511ms
    Source: DraftSightHelper.cs -> OpenTemplate() [Line 108]

[2026-01-19 14:55:23.274] [INFO   ] Successfully opened template: E-LAM-032.dwg
    Source: DraftSightHelper.cs -> OpenTemplate() [Line 109]

[2026-01-19 14:55:23.274] [DEBUG  ] Extracted properties from E-LAM-032: Contents='', Colour='ORANGE WITH BLACK TEXT'
    Source: LamacoidIndex.cs -> ExtractPropertiesFromDwg() [Line 177]

[2026-01-19 14:55:23.274] [DEBUG  ] CloseDocument called for: E-LAM-032.dwg
    Source: DraftSightHelper.cs -> CloseDocument() [Line 198]

[2026-01-19 14:55:23.559] [INFO   ] Successfully closed document: E-LAM-032.dwg
    Source: DraftSightHelper.cs -> CloseDocument() [Line 205]

[2026-01-19 14:55:23.563] [DEBUG  ] Generating thumbnail for: Y:\Autocad\Template\~LAMACOIDS\Lams\E-LAM-032.pdf
    Source: ThumbnailGenerator.cs -> GenerateThumbnail() [Line 68]

[2026-01-19 14:55:23.563] [INFO   ] Creating placeholder thumbnail (PDF rendering disabled): C:\Users\dlebel\Downloads\LamCreator-main (1)\LamCreator-main\Lamacoid Creator\Lamacoid Creator\bin\Debug\Thumbnails\E-LAM-032.png
    Source: ThumbnailGenerator.cs -> GenerateThumbnail() [Line 72]

[2026-01-19 14:55:23.580] [DEBUG  ] OpenTemplate called for: Y:\Autocad\Template\~LAMACOIDS\Lams\E-LAM-033.dwg
    Source: DraftSightHelper.cs -> OpenTemplate() [Line 87]

[2026-01-19 14:55:24.053] [INFO   ] Performance: Opening document E-LAM-033.dwg completed in 473ms
    Source: DraftSightHelper.cs -> OpenTemplate() [Line 108]

[2026-01-19 14:55:24.054] [INFO   ] Successfully opened template: E-LAM-033.dwg
    Source: DraftSightHelper.cs -> OpenTemplate() [Line 109]

[2026-01-19 14:55:24.058] [DEBUG  ] Extracted properties from E-LAM-033: Contents='', Colour='ORANGE WITH BLACK TEXT'
    Source: LamacoidIndex.cs -> ExtractPropertiesFromDwg() [Line 177]

[2026-01-19 14:55:24.058] [DEBUG  ] CloseDocument called for: E-LAM-033.dwg
    Source: DraftSightHelper.cs -> CloseDocument() [Line 198]

[2026-01-19 14:55:24.319] [INFO   ] Successfully closed document: E-LAM-033.dwg
    Source: DraftSightHelper.cs -> CloseDocument() [Line 205]

[2026-01-19 14:55:24.319] [DEBUG  ] Generating thumbnail for: Y:\Autocad\Template\~LAMACOIDS\Lams\E-LAM-033.pdf
    Source: ThumbnailGenerator.cs -> GenerateThumbnail() [Line 68]

[2026-01-19 14:55:24.319] [INFO   ] Creating placeholder thumbnail (PDF rendering disabled): C:\Users\dlebel\Downloads\LamCreator-main (1)\LamCreator-main\Lamacoid Creator\Lamacoid Creator\bin\Debug\Thumbnails\E-LAM-033.png
    Source: ThumbnailGenerator.cs -> GenerateThumbnail() [Line 72]

[2026-01-19 14:55:24.345] [DEBUG  ] OpenTemplate called for: Y:\Autocad\Template\~LAMACOIDS\Lams\E-LAM-034.dwg
    Source: DraftSightHelper.cs -> OpenTemplate() [Line 87]

[2026-01-19 14:55:24.840] [INFO   ] Performance: Opening document E-LAM-034.dwg completed in 508ms
    Source: DraftSightHelper.cs -> OpenTemplate() [Line 108]

[2026-01-19 14:55:24.840] [INFO   ] Successfully opened template: E-LAM-034.dwg
    Source: DraftSightHelper.cs -> OpenTemplate() [Line 109]

[2026-01-19 14:55:24.866] [DEBUG  ] Extracted properties from E-LAM-034: Contents='', Colour='ORANGE WITH BLACK TEXT'
    Source: LamacoidIndex.cs -> ExtractPropertiesFromDwg() [Line 177]

[2026-01-19 14:55:24.866] [DEBUG  ] CloseDocument called for: E-LAM-034.dwg
    Source: DraftSightHelper.cs -> CloseDocument() [Line 198]

[2026-01-19 14:55:25.142] [INFO   ] Successfully closed document: E-LAM-034.dwg
    Source: DraftSightHelper.cs -> CloseDocument() [Line 205]

[2026-01-19 14:55:25.145] [DEBUG  ] Generating thumbnail for: Y:\Autocad\Template\~LAMACOIDS\Lams\E-LAM-034.pdf
    Source: ThumbnailGenerator.cs -> GenerateThumbnail() [Line 68]

[2026-01-19 14:55:25.146] [INFO   ] Creating placeholder thumbnail (PDF rendering disabled): C:\Users\dlebel\Downloads\LamCreator-main (1)\LamCreator-main\Lamacoid Creator\Lamacoid Creator\bin\Debug\Thumbnails\E-LAM-034.png
    Source: ThumbnailGenerator.cs -> GenerateThumbnail() [Line 72]

[2026-01-19 14:55:25.162] [DEBUG  ] OpenTemplate called for: Y:\Autocad\Template\~LAMACOIDS\Lams\E-LAM-035.dwg
    Source: DraftSightHelper.cs -> OpenTemplate() [Line 87]

[2026-01-19 14:55:25.674] [INFO   ] Performance: Opening document E-LAM-035.dwg completed in 520ms
    Source: DraftSightHelper.cs -> OpenTemplate() [Line 108]

[2026-01-19 14:55:25.674] [INFO   ] Successfully opened template: E-LAM-035.dwg
    Source: DraftSightHelper.cs -> OpenTemplate() [Line 109]

[2026-01-19 14:55:25.689] [DEBUG  ] Extracted properties from E-LAM-035: Contents='', Colour='ORANGE WITH BLACK TEXT'
    Source: LamacoidIndex.cs -> ExtractPropertiesFromDwg() [Line 177]

[2026-01-19 14:55:25.689] [DEBUG  ] CloseDocument called for: E-LAM-035.dwg
    Source: DraftSightHelper.cs -> CloseDocument() [Line 198]

[2026-01-19 14:55:25.958] [INFO   ] Successfully closed document: E-LAM-035.dwg
    Source: DraftSightHelper.cs -> CloseDocument() [Line 205]

[2026-01-19 14:55:25.958] [DEBUG  ] Generating thumbnail for: Y:\Autocad\Template\~LAMACOIDS\Lams\E-LAM-035.pdf
    Source: ThumbnailGenerator.cs -> GenerateThumbnail() [Line 68]

[2026-01-19 14:55:25.958] [INFO   ] Creating placeholder thumbnail (PDF rendering disabled): C:\Users\dlebel\Downloads\LamCreator-main (1)\LamCreator-main\Lamacoid Creator\Lamacoid Creator\bin\Debug\Thumbnails\E-LAM-035.png
    Source: ThumbnailGenerator.cs -> GenerateThumbnail() [Line 72]

[2026-01-19 14:55:25.986] [DEBUG  ] OpenTemplate called for: Y:\Autocad\Template\~LAMACOIDS\Lams\E-LAM-036.dwg
    Source: DraftSightHelper.cs -> OpenTemplate() [Line 87]

[2026-01-19 14:55:26.459] [INFO   ] Performance: Opening document E-LAM-036.dwg completed in 472ms
    Source: DraftSightHelper.cs -> OpenTemplate() [Line 108]

[2026-01-19 14:55:26.459] [INFO   ] Successfully opened template: E-LAM-036.dwg
    Source: DraftSightHelper.cs -> OpenTemplate() [Line 109]

[2026-01-19 14:55:26.459] [DEBUG  ] Extracted properties from E-LAM-036: Contents='', Colour='ORANGE WITH BLACK TEXT'
    Source: LamacoidIndex.cs -> ExtractPropertiesFromDwg() [Line 177]

[2026-01-19 14:55:26.459] [DEBUG  ] CloseDocument called for: E-LAM-036.dwg
    Source: DraftSightHelper.cs -> CloseDocument() [Line 198]

[2026-01-19 14:55:26.740] [INFO   ] Successfully closed document: E-LAM-036.dwg
    Source: DraftSightHelper.cs -> CloseDocument() [Line 205]

[2026-01-19 14:55:26.741] [DEBUG  ] Generating thumbnail for: Y:\Autocad\Template\~LAMACOIDS\Lams\E-LAM-036.pdf
    Source: ThumbnailGenerator.cs -> GenerateThumbnail() [Line 68]

[2026-01-19 14:55:26.741] [INFO   ] Creating placeholder thumbnail (PDF rendering disabled): C:\Users\dlebel\Downloads\LamCreator-main (1)\LamCreator-main\Lamacoid Creator\Lamacoid Creator\bin\Debug\Thumbnails\E-LAM-036.png
    Source: ThumbnailGenerator.cs -> GenerateThumbnail() [Line 72]

[2026-01-19 14:55:26.759] [DEBUG  ] OpenTemplate called for: Y:\Autocad\Template\~LAMACOIDS\Lams\E-LAM-037.dwg
    Source: DraftSightHelper.cs -> OpenTemplate() [Line 87]

[2026-01-19 14:55:27.291] [INFO   ] Performance: Opening document E-LAM-037.dwg completed in 542ms
    Source: DraftSightHelper.cs -> OpenTemplate() [Line 108]

[2026-01-19 14:55:27.291] [INFO   ] Successfully opened template: E-LAM-037.dwg
    Source: DraftSightHelper.cs -> OpenTemplate() [Line 109]

[2026-01-19 14:55:27.312] [DEBUG  ] Extracted properties from E-LAM-037: Contents='', Colour='ORANGE WITH BLACK TEXT'
    Source: LamacoidIndex.cs -> ExtractPropertiesFromDwg() [Line 177]

[2026-01-19 14:55:27.313] [DEBUG  ] CloseDocument called for: E-LAM-037.dwg
    Source: DraftSightHelper.cs -> CloseDocument() [Line 198]

[2026-01-19 14:55:27.591] [INFO   ] Successfully closed document: E-LAM-037.dwg
    Source: DraftSightHelper.cs -> CloseDocument() [Line 205]

[2026-01-19 14:55:27.591] [DEBUG  ] Generating thumbnail for: Y:\Autocad\Template\~LAMACOIDS\Lams\E-LAM-037.pdf
    Source: ThumbnailGenerator.cs -> GenerateThumbnail() [Line 68]

[2026-01-19 14:55:27.591] [INFO   ] Creating placeholder thumbnail (PDF rendering disabled): C:\Users\dlebel\Downloads\LamCreator-main (1)\LamCreator-main\Lamacoid Creator\Lamacoid Creator\bin\Debug\Thumbnails\E-LAM-037.png
    Source: ThumbnailGenerator.cs -> GenerateThumbnail() [Line 72]

[2026-01-19 14:55:27.607] [DEBUG  ] OpenTemplate called for: Y:\Autocad\Template\~LAMACOIDS\Lams\E-LAM-038.dwg
    Source: DraftSightHelper.cs -> OpenTemplate() [Line 87]

[2026-01-19 14:55:28.099] [INFO   ] Performance: Opening document E-LAM-038.dwg completed in 483ms
    Source: DraftSightHelper.cs -> OpenTemplate() [Line 108]

[2026-01-19 14:55:28.099] [INFO   ] Successfully opened template: E-LAM-038.dwg
    Source: DraftSightHelper.cs -> OpenTemplate() [Line 109]

[2026-01-19 14:55:28.108] [DEBUG  ] Extracted properties from E-LAM-038: Contents='', Colour='ORANGE WITH BLACK TEXT'
    Source: LamacoidIndex.cs -> ExtractPropertiesFromDwg() [Line 177]

[2026-01-19 14:55:28.108] [DEBUG  ] CloseDocument called for: E-LAM-038.dwg
    Source: DraftSightHelper.cs -> CloseDocument() [Line 198]

[2026-01-19 14:55:28.376] [INFO   ] Successfully closed document: E-LAM-038.dwg
    Source: DraftSightHelper.cs -> CloseDocument() [Line 205]

[2026-01-19 14:55:28.382] [DEBUG  ] Generating thumbnail for: Y:\Autocad\Template\~LAMACOIDS\Lams\E-LAM-038.pdf
    Source: ThumbnailGenerator.cs -> GenerateThumbnail() [Line 68]

[2026-01-19 14:55:28.383] [INFO   ] Creating placeholder thumbnail (PDF rendering disabled): C:\Users\dlebel\Downloads\LamCreator-main (1)\LamCreator-main\Lamacoid Creator\Lamacoid Creator\bin\Debug\Thumbnails\E-LAM-038.png
    Source: ThumbnailGenerator.cs -> GenerateThumbnail() [Line 72]

[2026-01-19 14:55:28.390] [DEBUG  ] OpenTemplate called for: Y:\Autocad\Template\~LAMACOIDS\Lams\E-LAM-039.dwg
    Source: DraftSightHelper.cs -> OpenTemplate() [Line 87]

[2026-01-19 14:55:28.897] [INFO   ] Performance: Opening document E-LAM-039.dwg completed in 502ms
    Source: DraftSightHelper.cs -> OpenTemplate() [Line 108]

[2026-01-19 14:55:28.897] [INFO   ] Successfully opened template: E-LAM-039.dwg
    Source: DraftSightHelper.cs -> OpenTemplate() [Line 109]

[2026-01-19 14:55:28.906] [DEBUG  ] Extracted properties from E-LAM-039: Contents='', Colour='ORANGE WITH BLACK TEXT'
    Source: LamacoidIndex.cs -> ExtractPropertiesFromDwg() [Line 177]

[2026-01-19 14:55:28.906] [DEBUG  ] CloseDocument called for: E-LAM-039.dwg
    Source: DraftSightHelper.cs -> CloseDocument() [Line 198]

[2026-01-19 14:55:29.176] [INFO   ] Successfully closed document: E-LAM-039.dwg
    Source: DraftSightHelper.cs -> CloseDocument() [Line 205]

[2026-01-19 14:55:29.180] [DEBUG  ] Generating thumbnail for: Y:\Autocad\Template\~LAMACOIDS\Lams\E-LAM-039.pdf
    Source: ThumbnailGenerator.cs -> GenerateThumbnail() [Line 68]

[2026-01-19 14:55:29.181] [INFO   ] Creating placeholder thumbnail (PDF rendering disabled): C:\Users\dlebel\Downloads\LamCreator-main (1)\LamCreator-main\Lamacoid Creator\Lamacoid Creator\bin\Debug\Thumbnails\E-LAM-039.png
    Source: ThumbnailGenerator.cs -> GenerateThumbnail() [Line 72]

[2026-01-19 14:55:29.191] [DEBUG  ] OpenTemplate called for: Y:\Autocad\Template\~LAMACOIDS\Lams\E-LAM-040.dwg
    Source: DraftSightHelper.cs -> OpenTemplate() [Line 87]

[2026-01-19 14:55:29.690] [INFO   ] Performance: Opening document E-LAM-040.dwg completed in 492ms
    Source: DraftSightHelper.cs -> OpenTemplate() [Line 108]

[2026-01-19 14:55:29.691] [INFO   ] Successfully opened template: E-LAM-040.dwg
    Source: DraftSightHelper.cs -> OpenTemplate() [Line 109]

[2026-01-19 14:55:29.699] [DEBUG  ] Extracted properties from E-LAM-040: Contents='', Colour='ORANGE WITH BLACK TEXT'
    Source: LamacoidIndex.cs -> ExtractPropertiesFromDwg() [Line 177]

[2026-01-19 14:55:29.699] [DEBUG  ] CloseDocument called for: E-LAM-040.dwg
    Source: DraftSightHelper.cs -> CloseDocument() [Line 198]

[2026-01-19 14:55:29.961] [INFO   ] Successfully closed document: E-LAM-040.dwg
    Source: DraftSightHelper.cs -> CloseDocument() [Line 205]

[2026-01-19 14:55:29.961] [DEBUG  ] Generating thumbnail for: Y:\Autocad\Template\~LAMACOIDS\Lams\E-LAM-040.pdf
    Source: ThumbnailGenerator.cs -> GenerateThumbnail() [Line 68]

[2026-01-19 14:55:29.961] [INFO   ] Creating placeholder thumbnail (PDF rendering disabled): C:\Users\dlebel\Downloads\LamCreator-main (1)\LamCreator-main\Lamacoid Creator\Lamacoid Creator\bin\Debug\Thumbnails\E-LAM-040.png
    Source: ThumbnailGenerator.cs -> GenerateThumbnail() [Line 72]

[2026-01-19 14:55:29.987] [DEBUG  ] OpenTemplate called for: Y:\Autocad\Template\~LAMACOIDS\Lams\E-LAM-041.dwg
    Source: DraftSightHelper.cs -> OpenTemplate() [Line 87]

[2026-01-19 14:55:30.462] [INFO   ] Performance: Opening document E-LAM-041.dwg completed in 474ms
    Source: DraftSightHelper.cs -> OpenTemplate() [Line 108]

[2026-01-19 14:55:30.463] [INFO   ] Successfully opened template: E-LAM-041.dwg
    Source: DraftSightHelper.cs -> OpenTemplate() [Line 109]

[2026-01-19 14:55:30.472] [DEBUG  ] Extracted properties from E-LAM-041: Contents='', Colour='ORANGE WITH BLACK TEXT'
    Source: LamacoidIndex.cs -> ExtractPropertiesFromDwg() [Line 177]

[2026-01-19 14:55:30.472] [DEBUG  ] CloseDocument called for: E-LAM-041.dwg
    Source: DraftSightHelper.cs -> CloseDocument() [Line 198]

[2026-01-19 14:55:30.740] [INFO   ] Successfully closed document: E-LAM-041.dwg
    Source: DraftSightHelper.cs -> CloseDocument() [Line 205]

[2026-01-19 14:55:30.740] [DEBUG  ] Generating thumbnail for: Y:\Autocad\Template\~LAMACOIDS\Lams\E-LAM-041.pdf
    Source: ThumbnailGenerator.cs -> GenerateThumbnail() [Line 68]

[2026-01-19 14:55:30.740] [INFO   ] Creating placeholder thumbnail (PDF rendering disabled): C:\Users\dlebel\Downloads\LamCreator-main (1)\LamCreator-main\Lamacoid Creator\Lamacoid Creator\bin\Debug\Thumbnails\E-LAM-041.png
    Source: ThumbnailGenerator.cs -> GenerateThumbnail() [Line 72]

[2026-01-19 14:55:30.756] [DEBUG  ] OpenTemplate called for: Y:\Autocad\Template\~LAMACOIDS\Lams\E-LAM-042.dwg
    Source: DraftSightHelper.cs -> OpenTemplate() [Line 87]

[2026-01-19 14:55:31.242] [INFO   ] Performance: Opening document E-LAM-042.dwg completed in 482ms
    Source: DraftSightHelper.cs -> OpenTemplate() [Line 108]

[2026-01-19 14:55:31.242] [INFO   ] Successfully opened template: E-LAM-042.dwg
    Source: DraftSightHelper.cs -> OpenTemplate() [Line 109]

[2026-01-19 14:55:31.250] [DEBUG  ] Extracted properties from E-LAM-042: Contents='', Colour='ORANGE WITH BLACK TEXT'
    Source: LamacoidIndex.cs -> ExtractPropertiesFromDwg() [Line 177]

[2026-01-19 14:55:31.251] [DEBUG  ] CloseDocument called for: E-LAM-042.dwg
    Source: DraftSightHelper.cs -> CloseDocument() [Line 198]

[2026-01-19 14:55:31.523] [INFO   ] Successfully closed document: E-LAM-042.dwg
    Source: DraftSightHelper.cs -> CloseDocument() [Line 205]

[2026-01-19 14:55:31.523] [DEBUG  ] Generating thumbnail for: Y:\Autocad\Template\~LAMACOIDS\Lams\E-LAM-042.pdf
    Source: ThumbnailGenerator.cs -> GenerateThumbnail() [Line 68]

[2026-01-19 14:55:31.523] [INFO   ] Creating placeholder thumbnail (PDF rendering disabled): C:\Users\dlebel\Downloads\LamCreator-main (1)\LamCreator-main\Lamacoid Creator\Lamacoid Creator\bin\Debug\Thumbnails\E-LAM-042.png
    Source: ThumbnailGenerator.cs -> GenerateThumbnail() [Line 72]

[2026-01-19 14:55:31.543] [DEBUG  ] OpenTemplate called for: Y:\Autocad\Template\~LAMACOIDS\Lams\E-LAM-043.dwg
    Source: DraftSightHelper.cs -> OpenTemplate() [Line 87]

[2026-01-19 14:55:32.022] [INFO   ] Performance: Opening document E-LAM-043.dwg completed in 479ms
    Source: DraftSightHelper.cs -> OpenTemplate() [Line 108]

[2026-01-19 14:55:32.022] [INFO   ] Successfully opened template: E-LAM-043.dwg
    Source: DraftSightHelper.cs -> OpenTemplate() [Line 109]

[2026-01-19 14:55:32.037] [DEBUG  ] Extracted properties from E-LAM-043: Contents='', Colour='ORANGE WITH BLACK TEXT'
    Source: LamacoidIndex.cs -> ExtractPropertiesFromDwg() [Line 177]

[2026-01-19 14:55:32.037] [DEBUG  ] CloseDocument called for: E-LAM-043.dwg
    Source: DraftSightHelper.cs -> CloseDocument() [Line 198]

[2026-01-19 14:55:32.290] [INFO   ] Successfully closed document: E-LAM-043.dwg
    Source: DraftSightHelper.cs -> CloseDocument() [Line 205]

[2026-01-19 14:55:32.290] [DEBUG  ] Generating thumbnail for: Y:\Autocad\Template\~LAMACOIDS\Lams\E-LAM-043.pdf
    Source: ThumbnailGenerator.cs -> GenerateThumbnail() [Line 68]

[2026-01-19 14:55:32.290] [INFO   ] Creating placeholder thumbnail (PDF rendering disabled): C:\Users\dlebel\Downloads\LamCreator-main (1)\LamCreator-main\Lamacoid Creator\Lamacoid Creator\bin\Debug\Thumbnails\E-LAM-043.png
    Source: ThumbnailGenerator.cs -> GenerateThumbnail() [Line 72]

[2026-01-19 14:55:32.321] [DEBUG  ] OpenTemplate called for: Y:\Autocad\Template\~LAMACOIDS\Lams\E-LAM-044.dwg
    Source: DraftSightHelper.cs -> OpenTemplate() [Line 87]

[2026-01-19 14:55:32.794] [INFO   ] Performance: Opening document E-LAM-044.dwg completed in 474ms
    Source: DraftSightHelper.cs -> OpenTemplate() [Line 108]

[2026-01-19 14:55:32.794] [INFO   ] Successfully opened template: E-LAM-044.dwg
    Source: DraftSightHelper.cs -> OpenTemplate() [Line 109]

[2026-01-19 14:55:32.807] [DEBUG  ] Extracted properties from E-LAM-044: Contents='', Colour='ORANGE WITH BLACK TEXT'
    Source: LamacoidIndex.cs -> ExtractPropertiesFromDwg() [Line 177]

[2026-01-19 14:55:32.808] [DEBUG  ] CloseDocument called for: E-LAM-044.dwg
    Source: DraftSightHelper.cs -> CloseDocument() [Line 198]

[2026-01-19 14:55:33.070] [INFO   ] Successfully closed document: E-LAM-044.dwg
    Source: DraftSightHelper.cs -> CloseDocument() [Line 205]

[2026-01-19 14:55:33.073] [DEBUG  ] Generating thumbnail for: Y:\Autocad\Template\~LAMACOIDS\Lams\E-LAM-044.pdf
    Source: ThumbnailGenerator.cs -> GenerateThumbnail() [Line 68]

[2026-01-19 14:55:33.073] [INFO   ] Creating placeholder thumbnail (PDF rendering disabled): C:\Users\dlebel\Downloads\LamCreator-main (1)\LamCreator-main\Lamacoid Creator\Lamacoid Creator\bin\Debug\Thumbnails\E-LAM-044.png
    Source: ThumbnailGenerator.cs -> GenerateThumbnail() [Line 72]

[2026-01-19 14:55:33.090] [DEBUG  ] OpenTemplate called for: Y:\Autocad\Template\~LAMACOIDS\Lams\E-LAM-045.dwg
    Source: DraftSightHelper.cs -> OpenTemplate() [Line 87]

[2026-01-19 14:55:33.562] [INFO   ] Performance: Opening document E-LAM-045.dwg completed in 471ms
    Source: DraftSightHelper.cs -> OpenTemplate() [Line 108]

[2026-01-19 14:55:33.562] [INFO   ] Successfully opened template: E-LAM-045.dwg
    Source: DraftSightHelper.cs -> OpenTemplate() [Line 109]

[2026-01-19 14:55:33.569] [DEBUG  ] Extracted properties from E-LAM-045: Contents='', Colour='ORANGE WITH BLACK TEXT'
    Source: LamacoidIndex.cs -> ExtractPropertiesFromDwg() [Line 177]

[2026-01-19 14:55:33.569] [DEBUG  ] CloseDocument called for: E-LAM-045.dwg
    Source: DraftSightHelper.cs -> CloseDocument() [Line 198]

[2026-01-19 14:55:33.841] [INFO   ] Successfully closed document: E-LAM-045.dwg
    Source: DraftSightHelper.cs -> CloseDocument() [Line 205]

[2026-01-19 14:55:33.845] [DEBUG  ] Generating thumbnail for: Y:\Autocad\Template\~LAMACOIDS\Lams\E-LAM-045.pdf
    Source: ThumbnailGenerator.cs -> GenerateThumbnail() [Line 68]

[2026-01-19 14:55:33.845] [INFO   ] Creating placeholder thumbnail (PDF rendering disabled): C:\Users\dlebel\Downloads\LamCreator-main (1)\LamCreator-main\Lamacoid Creator\Lamacoid Creator\bin\Debug\Thumbnails\E-LAM-045.png
    Source: ThumbnailGenerator.cs -> GenerateThumbnail() [Line 72]

[2026-01-19 14:55:33.860] [DEBUG  ] OpenTemplate called for: Y:\Autocad\Template\~LAMACOIDS\Lams\E-LAM-046.dwg
    Source: DraftSightHelper.cs -> OpenTemplate() [Line 87]

[2026-01-19 14:55:34.387] [INFO   ] Performance: Opening document E-LAM-046.dwg completed in 527ms
    Source: DraftSightHelper.cs -> OpenTemplate() [Line 108]

[2026-01-19 14:55:34.388] [INFO   ] Successfully opened template: E-LAM-046.dwg
    Source: DraftSightHelper.cs -> OpenTemplate() [Line 109]

[2026-01-19 14:55:34.396] [DEBUG  ] Extracted properties from E-LAM-046: Contents='', Colour='ORANGE WITH BLACK TEXT'
    Source: LamacoidIndex.cs -> ExtractPropertiesFromDwg() [Line 177]

[2026-01-19 14:55:34.397] [DEBUG  ] CloseDocument called for: E-LAM-046.dwg
    Source: DraftSightHelper.cs -> CloseDocument() [Line 198]

[2026-01-19 14:55:34.664] [INFO   ] Successfully closed document: E-LAM-046.dwg
    Source: DraftSightHelper.cs -> CloseDocument() [Line 205]

[2026-01-19 14:55:34.673] [DEBUG  ] Generating thumbnail for: Y:\Autocad\Template\~LAMACOIDS\Lams\E-LAM-046.pdf
    Source: ThumbnailGenerator.cs -> GenerateThumbnail() [Line 68]

[2026-01-19 14:55:34.673] [INFO   ] Creating placeholder thumbnail (PDF rendering disabled): C:\Users\dlebel\Downloads\LamCreator-main (1)\LamCreator-main\Lamacoid Creator\Lamacoid Creator\bin\Debug\Thumbnails\E-LAM-046.png
    Source: ThumbnailGenerator.cs -> GenerateThumbnail() [Line 72]

[2026-01-19 14:55:34.694] [DEBUG  ] OpenTemplate called for: Y:\Autocad\Template\~LAMACOIDS\Lams\E-LAM-047.dwg
    Source: DraftSightHelper.cs -> OpenTemplate() [Line 87]

[2026-01-19 14:55:35.171] [INFO   ] Performance: Opening document E-LAM-047.dwg completed in 479ms
    Source: DraftSightHelper.cs -> OpenTemplate() [Line 108]

[2026-01-19 14:55:35.171] [INFO   ] Successfully opened template: E-LAM-047.dwg
    Source: DraftSightHelper.cs -> OpenTemplate() [Line 109]

[2026-01-19 14:55:35.171] [DEBUG  ] Extracted properties from E-LAM-047: Contents='', Colour='ORANGE WITH BLACK TEXT'
    Source: LamacoidIndex.cs -> ExtractPropertiesFromDwg() [Line 177]

[2026-01-19 14:55:35.171] [DEBUG  ] CloseDocument called for: E-LAM-047.dwg
    Source: DraftSightHelper.cs -> CloseDocument() [Line 198]

[2026-01-19 14:55:35.456] [INFO   ] Successfully closed document: E-LAM-047.dwg
    Source: DraftSightHelper.cs -> CloseDocument() [Line 205]

[2026-01-19 14:55:35.460] [DEBUG  ] Generating thumbnail for: Y:\Autocad\Template\~LAMACOIDS\Lams\E-LAM-047.pdf
    Source: ThumbnailGenerator.cs -> GenerateThumbnail() [Line 68]

[2026-01-19 14:55:35.461] [INFO   ] Creating placeholder thumbnail (PDF rendering disabled): C:\Users\dlebel\Downloads\LamCreator-main (1)\LamCreator-main\Lamacoid Creator\Lamacoid Creator\bin\Debug\Thumbnails\E-LAM-047.png
    Source: ThumbnailGenerator.cs -> GenerateThumbnail() [Line 72]

[2026-01-19 14:55:35.475] [DEBUG  ] OpenTemplate called for: Y:\Autocad\Template\~LAMACOIDS\Lams\E-LAM-048.dwg
    Source: DraftSightHelper.cs -> OpenTemplate() [Line 87]

[2026-01-19 14:55:35.956] [INFO   ] Performance: Opening document E-LAM-048.dwg completed in 474ms
    Source: DraftSightHelper.cs -> OpenTemplate() [Line 108]

[2026-01-19 14:55:35.957] [INFO   ] Successfully opened template: E-LAM-048.dwg
    Source: DraftSightHelper.cs -> OpenTemplate() [Line 109]

[2026-01-19 14:55:35.965] [DEBUG  ] Extracted properties from E-LAM-048: Contents='', Colour='ORANGE WITH BLACK TEXT'
    Source: LamacoidIndex.cs -> ExtractPropertiesFromDwg() [Line 177]

[2026-01-19 14:55:35.965] [DEBUG  ] CloseDocument called for: E-LAM-048.dwg
    Source: DraftSightHelper.cs -> CloseDocument() [Line 198]

[2026-01-19 14:55:36.237] [INFO   ] Successfully closed document: E-LAM-048.dwg
    Source: DraftSightHelper.cs -> CloseDocument() [Line 205]

[2026-01-19 14:55:36.242] [DEBUG  ] Generating thumbnail for: Y:\Autocad\Template\~LAMACOIDS\Lams\E-LAM-048.pdf
    Source: ThumbnailGenerator.cs -> GenerateThumbnail() [Line 68]

[2026-01-19 14:55:36.243] [INFO   ] Creating placeholder thumbnail (PDF rendering disabled): C:\Users\dlebel\Downloads\LamCreator-main (1)\LamCreator-main\Lamacoid Creator\Lamacoid Creator\bin\Debug\Thumbnails\E-LAM-048.png
    Source: ThumbnailGenerator.cs -> GenerateThumbnail() [Line 72]

[2026-01-19 14:55:36.265] [DEBUG  ] OpenTemplate called for: Y:\Autocad\Template\~LAMACOIDS\Lams\E-LAM-049.dwg
    Source: DraftSightHelper.cs -> OpenTemplate() [Line 87]

[2026-01-19 14:55:36.785] [INFO   ] Performance: Opening document E-LAM-049.dwg completed in 523ms
    Source: DraftSightHelper.cs -> OpenTemplate() [Line 108]

[2026-01-19 14:55:36.785] [INFO   ] Successfully opened template: E-LAM-049.dwg
    Source: DraftSightHelper.cs -> OpenTemplate() [Line 109]

[2026-01-19 14:55:36.796] [DEBUG  ] Extracted properties from E-LAM-049: Contents='', Colour='ORANGE WITH BLACK TEXT'
    Source: LamacoidIndex.cs -> ExtractPropertiesFromDwg() [Line 177]

[2026-01-19 14:55:36.796] [DEBUG  ] CloseDocument called for: E-LAM-049.dwg
    Source: DraftSightHelper.cs -> CloseDocument() [Line 198]

[2026-01-19 14:55:37.072] [INFO   ] Successfully closed document: E-LAM-049.dwg
    Source: DraftSightHelper.cs -> CloseDocument() [Line 205]

[2026-01-19 14:55:37.075] [DEBUG  ] Generating thumbnail for: Y:\Autocad\Template\~LAMACOIDS\Lams\E-LAM-049.pdf
    Source: ThumbnailGenerator.cs -> GenerateThumbnail() [Line 68]

[2026-01-19 14:55:37.075] [INFO   ] Creating placeholder thumbnail (PDF rendering disabled): C:\Users\dlebel\Downloads\LamCreator-main (1)\LamCreator-main\Lamacoid Creator\Lamacoid Creator\bin\Debug\Thumbnails\E-LAM-049.png
    Source: ThumbnailGenerator.cs -> GenerateThumbnail() [Line 72]

[2026-01-19 14:55:37.093] [DEBUG  ] OpenTemplate called for: Y:\Autocad\Template\~LAMACOIDS\Lams\E-LAM-050.dwg
    Source: DraftSightHelper.cs -> OpenTemplate() [Line 87]

[2026-01-19 14:55:37.586] [INFO   ] Performance: Opening document E-LAM-050.dwg completed in 493ms
    Source: DraftSightHelper.cs -> OpenTemplate() [Line 108]

[2026-01-19 14:55:37.587] [INFO   ] Successfully opened template: E-LAM-050.dwg
    Source: DraftSightHelper.cs -> OpenTemplate() [Line 109]

[2026-01-19 14:55:37.593] [DEBUG  ] Extracted properties from E-LAM-050: Contents='', Colour='ORANGE WITH BLACK TEXT'
    Source: LamacoidIndex.cs -> ExtractPropertiesFromDwg() [Line 177]

[2026-01-19 14:55:37.593] [DEBUG  ] CloseDocument called for: E-LAM-050.dwg
    Source: DraftSightHelper.cs -> CloseDocument() [Line 198]

[2026-01-19 14:55:37.867] [INFO   ] Successfully closed document: E-LAM-050.dwg
    Source: DraftSightHelper.cs -> CloseDocument() [Line 205]

[2026-01-19 14:55:37.870] [DEBUG  ] Generating thumbnail for: Y:\Autocad\Template\~LAMACOIDS\Lams\E-LAM-050.pdf
    Source: ThumbnailGenerator.cs -> GenerateThumbnail() [Line 68]

[2026-01-19 14:55:37.870] [INFO   ] Creating placeholder thumbnail (PDF rendering disabled): C:\Users\dlebel\Downloads\LamCreator-main (1)\LamCreator-main\Lamacoid Creator\Lamacoid Creator\bin\Debug\Thumbnails\E-LAM-050.png
    Source: ThumbnailGenerator.cs -> GenerateThumbnail() [Line 72]

[2026-01-19 14:55:37.885] [DEBUG  ] OpenTemplate called for: Y:\Autocad\Template\~LAMACOIDS\Lams\E-LAM-051.dwg
    Source: DraftSightHelper.cs -> OpenTemplate() [Line 87]

[2026-01-19 14:55:38.362] [INFO   ] Performance: Opening document E-LAM-051.dwg completed in 477ms
    Source: DraftSightHelper.cs -> OpenTemplate() [Line 108]

[2026-01-19 14:55:38.363] [INFO   ] Successfully opened template: E-LAM-051.dwg
    Source: DraftSightHelper.cs -> OpenTemplate() [Line 109]

[2026-01-19 14:55:38.368] [DEBUG  ] Extracted properties from E-LAM-051: Contents='', Colour='ORANGE WITH BLACK TEXT'
    Source: LamacoidIndex.cs -> ExtractPropertiesFromDwg() [Line 177]

[2026-01-19 14:55:38.368] [DEBUG  ] CloseDocument called for: E-LAM-051.dwg
    Source: DraftSightHelper.cs -> CloseDocument() [Line 198]

[2026-01-19 14:55:38.645] [INFO   ] Successfully closed document: E-LAM-051.dwg
    Source: DraftSightHelper.cs -> CloseDocument() [Line 205]

[2026-01-19 14:55:38.651] [DEBUG  ] Generating thumbnail for: Y:\Autocad\Template\~LAMACOIDS\Lams\E-LAM-051.pdf
    Source: ThumbnailGenerator.cs -> GenerateThumbnail() [Line 68]

[2026-01-19 14:55:38.651] [INFO   ] Creating placeholder thumbnail (PDF rendering disabled): C:\Users\dlebel\Downloads\LamCreator-main (1)\LamCreator-main\Lamacoid Creator\Lamacoid Creator\bin\Debug\Thumbnails\E-LAM-051.png
    Source: ThumbnailGenerator.cs -> GenerateThumbnail() [Line 72]

[2026-01-19 14:55:38.668] [DEBUG  ] OpenTemplate called for: Y:\Autocad\Template\~LAMACOIDS\Lams\E-LAM-052.dwg
    Source: DraftSightHelper.cs -> OpenTemplate() [Line 87]

[2026-01-19 14:55:39.133] [INFO   ] Performance: Opening document E-LAM-052.dwg completed in 478ms
    Source: DraftSightHelper.cs -> OpenTemplate() [Line 108]

[2026-01-19 14:55:39.133] [INFO   ] Successfully opened template: E-LAM-052.dwg
    Source: DraftSightHelper.cs -> OpenTemplate() [Line 109]

[2026-01-19 14:55:39.157] [DEBUG  ] Extracted properties from E-LAM-052: Contents='', Colour='ORANGE WITH BLACK TEXT'
    Source: LamacoidIndex.cs -> ExtractPropertiesFromDwg() [Line 177]

[2026-01-19 14:55:39.157] [DEBUG  ] CloseDocument called for: E-LAM-052.dwg
    Source: DraftSightHelper.cs -> CloseDocument() [Line 198]

[2026-01-19 14:55:39.423] [INFO   ] Successfully closed document: E-LAM-052.dwg
    Source: DraftSightHelper.cs -> CloseDocument() [Line 205]

[2026-01-19 14:55:39.423] [DEBUG  ] Generating thumbnail for: Y:\Autocad\Template\~LAMACOIDS\Lams\E-LAM-052.pdf
    Source: ThumbnailGenerator.cs -> GenerateThumbnail() [Line 68]

[2026-01-19 14:55:39.423] [INFO   ] Creating placeholder thumbnail (PDF rendering disabled): C:\Users\dlebel\Downloads\LamCreator-main (1)\LamCreator-main\Lamacoid Creator\Lamacoid Creator\bin\Debug\Thumbnails\E-LAM-052.png
    Source: ThumbnailGenerator.cs -> GenerateThumbnail() [Line 72]

[2026-01-19 14:55:39.447] [DEBUG  ] OpenTemplate called for: Y:\Autocad\Template\~LAMACOIDS\Lams\E-LAM-053.dwg
    Source: DraftSightHelper.cs -> OpenTemplate() [Line 87]

[2026-01-19 14:55:39.925] [INFO   ] Performance: Opening document E-LAM-053.dwg completed in 477ms
    Source: DraftSightHelper.cs -> OpenTemplate() [Line 108]

[2026-01-19 14:55:39.925] [INFO   ] Successfully opened template: E-LAM-053.dwg
    Source: DraftSightHelper.cs -> OpenTemplate() [Line 109]

[2026-01-19 14:55:39.934] [DEBUG  ] Extracted properties from E-LAM-053: Contents='', Colour='ORANGE WITH BLACK TEXT'
    Source: LamacoidIndex.cs -> ExtractPropertiesFromDwg() [Line 177]

[2026-01-19 14:55:39.934] [DEBUG  ] CloseDocument called for: E-LAM-053.dwg
    Source: DraftSightHelper.cs -> CloseDocument() [Line 198]

[2026-01-19 14:55:40.206] [INFO   ] Successfully closed document: E-LAM-053.dwg
    Source: DraftSightHelper.cs -> CloseDocument() [Line 205]

[2026-01-19 14:55:40.210] [DEBUG  ] Generating thumbnail for: Y:\Autocad\Template\~LAMACOIDS\Lams\E-LAM-053.pdf
    Source: ThumbnailGenerator.cs -> GenerateThumbnail() [Line 68]

[2026-01-19 14:55:40.210] [INFO   ] Creating placeholder thumbnail (PDF rendering disabled): C:\Users\dlebel\Downloads\LamCreator-main (1)\LamCreator-main\Lamacoid Creator\Lamacoid Creator\bin\Debug\Thumbnails\E-LAM-053.png
    Source: ThumbnailGenerator.cs -> GenerateThumbnail() [Line 72]

[2026-01-19 14:55:40.228] [DEBUG  ] OpenTemplate called for: Y:\Autocad\Template\~LAMACOIDS\Lams\E-LAM-054.dwg
    Source: DraftSightHelper.cs -> OpenTemplate() [Line 87]

[2026-01-19 14:55:40.743] [INFO   ] Performance: Opening document E-LAM-054.dwg completed in 516ms
    Source: DraftSightHelper.cs -> OpenTemplate() [Line 108]

[2026-01-19 14:55:40.743] [INFO   ] Successfully opened template: E-LAM-054.dwg
    Source: DraftSightHelper.cs -> OpenTemplate() [Line 109]

[2026-01-19 14:55:40.743] [DEBUG  ] Extracted properties from E-LAM-054: Contents='', Colour='ORANGE WITH BLACK TEXT'
    Source: LamacoidIndex.cs -> ExtractPropertiesFromDwg() [Line 177]

[2026-01-19 14:55:40.743] [DEBUG  ] CloseDocument called for: E-LAM-054.dwg
    Source: DraftSightHelper.cs -> CloseDocument() [Line 198]

[2026-01-19 14:55:41.024] [INFO   ] Successfully closed document: E-LAM-054.dwg
    Source: DraftSightHelper.cs -> CloseDocument() [Line 205]

[2026-01-19 14:55:41.024] [DEBUG  ] Generating thumbnail for: Y:\Autocad\Template\~LAMACOIDS\Lams\E-LAM-054.pdf
    Source: ThumbnailGenerator.cs -> GenerateThumbnail() [Line 68]

[2026-01-19 14:55:41.024] [INFO   ] Creating placeholder thumbnail (PDF rendering disabled): C:\Users\dlebel\Downloads\LamCreator-main (1)\LamCreator-main\Lamacoid Creator\Lamacoid Creator\bin\Debug\Thumbnails\E-LAM-054.png
    Source: ThumbnailGenerator.cs -> GenerateThumbnail() [Line 72]

[2026-01-19 14:55:41.040] [DEBUG  ] OpenTemplate called for: Y:\Autocad\Template\~LAMACOIDS\Lams\E-LAM-055.dwg
    Source: DraftSightHelper.cs -> OpenTemplate() [Line 87]

[2026-01-19 14:55:41.530] [INFO   ] Performance: Opening document E-LAM-055.dwg completed in 486ms
    Source: DraftSightHelper.cs -> OpenTemplate() [Line 108]

[2026-01-19 14:55:41.530] [INFO   ] Successfully opened template: E-LAM-055.dwg
    Source: DraftSightHelper.cs -> OpenTemplate() [Line 109]

[2026-01-19 14:55:41.538] [DEBUG  ] Extracted properties from E-LAM-055: Contents='', Colour='ORANGE WITH BLACK TEXT'
    Source: LamacoidIndex.cs -> ExtractPropertiesFromDwg() [Line 177]

[2026-01-19 14:55:41.538] [DEBUG  ] CloseDocument called for: E-LAM-055.dwg
    Source: DraftSightHelper.cs -> CloseDocument() [Line 198]

[2026-01-19 14:55:41.805] [INFO   ] Successfully closed document: E-LAM-055.dwg
    Source: DraftSightHelper.cs -> CloseDocument() [Line 205]

[2026-01-19 14:55:41.805] [DEBUG  ] Generating thumbnail for: Y:\Autocad\Template\~LAMACOIDS\Lams\E-LAM-055.pdf
    Source: ThumbnailGenerator.cs -> GenerateThumbnail() [Line 68]

[2026-01-19 14:55:41.805] [INFO   ] Creating placeholder thumbnail (PDF rendering disabled): C:\Users\dlebel\Downloads\LamCreator-main (1)\LamCreator-main\Lamacoid Creator\Lamacoid Creator\bin\Debug\Thumbnails\E-LAM-055.png
    Source: ThumbnailGenerator.cs -> GenerateThumbnail() [Line 72]

[2026-01-19 14:55:41.831] [DEBUG  ] OpenTemplate called for: Y:\Autocad\Template\~LAMACOIDS\Lams\E-LAM-056.dwg
    Source: DraftSightHelper.cs -> OpenTemplate() [Line 87]

[2026-01-19 14:55:42.307] [INFO   ] Performance: Opening document E-LAM-056.dwg completed in 483ms
    Source: DraftSightHelper.cs -> OpenTemplate() [Line 108]

[2026-01-19 14:55:42.307] [INFO   ] Successfully opened template: E-LAM-056.dwg
    Source: DraftSightHelper.cs -> OpenTemplate() [Line 109]

[2026-01-19 14:55:42.322] [DEBUG  ] Extracted properties from E-LAM-056: Contents='', Colour='ORANGE WITH BLACK TEXT'
    Source: LamacoidIndex.cs -> ExtractPropertiesFromDwg() [Line 177]

[2026-01-19 14:55:42.322] [DEBUG  ] CloseDocument called for: E-LAM-056.dwg
    Source: DraftSightHelper.cs -> CloseDocument() [Line 198]

[2026-01-19 14:55:42.600] [INFO   ] Successfully closed document: E-LAM-056.dwg
    Source: DraftSightHelper.cs -> CloseDocument() [Line 205]

[2026-01-19 14:55:42.604] [DEBUG  ] Generating thumbnail for: Y:\Autocad\Template\~LAMACOIDS\Lams\E-LAM-056.pdf
    Source: ThumbnailGenerator.cs -> GenerateThumbnail() [Line 68]

[2026-01-19 14:55:42.604] [INFO   ] Creating placeholder thumbnail (PDF rendering disabled): C:\Users\dlebel\Downloads\LamCreator-main (1)\LamCreator-main\Lamacoid Creator\Lamacoid Creator\bin\Debug\Thumbnails\E-LAM-056.png
    Source: ThumbnailGenerator.cs -> GenerateThumbnail() [Line 72]

[2026-01-19 14:55:42.617] [DEBUG  ] OpenTemplate called for: Y:\Autocad\Template\~LAMACOIDS\Lams\E-LAM-057.dwg
    Source: DraftSightHelper.cs -> OpenTemplate() [Line 87]

[2026-01-19 14:55:43.086] [INFO   ] Performance: Opening document E-LAM-057.dwg completed in 474ms
    Source: DraftSightHelper.cs -> OpenTemplate() [Line 108]

[2026-01-19 14:55:43.086] [INFO   ] Successfully opened template: E-LAM-057.dwg
    Source: DraftSightHelper.cs -> OpenTemplate() [Line 109]

[2026-01-19 14:55:43.102] [DEBUG  ] Extracted properties from E-LAM-057: Contents='', Colour='ORANGE WITH BLACK TEXT'
    Source: LamacoidIndex.cs -> ExtractPropertiesFromDwg() [Line 177]

[2026-01-19 14:55:43.102] [DEBUG  ] CloseDocument called for: E-LAM-057.dwg
    Source: DraftSightHelper.cs -> CloseDocument() [Line 198]

[2026-01-19 14:55:43.370] [INFO   ] Successfully closed document: E-LAM-057.dwg
    Source: DraftSightHelper.cs -> CloseDocument() [Line 205]

[2026-01-19 14:55:43.374] [DEBUG  ] Generating thumbnail for: Y:\Autocad\Template\~LAMACOIDS\Lams\E-LAM-057.pdf
    Source: ThumbnailGenerator.cs -> GenerateThumbnail() [Line 68]

[2026-01-19 14:55:43.374] [INFO   ] Creating placeholder thumbnail (PDF rendering disabled): C:\Users\dlebel\Downloads\LamCreator-main (1)\LamCreator-main\Lamacoid Creator\Lamacoid Creator\bin\Debug\Thumbnails\E-LAM-057.png
    Source: ThumbnailGenerator.cs -> GenerateThumbnail() [Line 72]

[2026-01-19 14:55:43.383] [DEBUG  ] OpenTemplate called for: Y:\Autocad\Template\~LAMACOIDS\Lams\E-LAM-058.dwg
    Source: DraftSightHelper.cs -> OpenTemplate() [Line 87]

[2026-01-19 14:55:43.881] [INFO   ] Performance: Opening document E-LAM-058.dwg completed in 490ms
    Source: DraftSightHelper.cs -> OpenTemplate() [Line 108]

[2026-01-19 14:55:43.881] [INFO   ] Successfully opened template: E-LAM-058.dwg
    Source: DraftSightHelper.cs -> OpenTemplate() [Line 109]

[2026-01-19 14:55:43.891] [DEBUG  ] Extracted properties from E-LAM-058: Contents='', Colour='ORANGE WITH BLACK TEXT'
    Source: LamacoidIndex.cs -> ExtractPropertiesFromDwg() [Line 177]

[2026-01-19 14:55:43.891] [DEBUG  ] CloseDocument called for: E-LAM-058.dwg
    Source: DraftSightHelper.cs -> CloseDocument() [Line 198]

[2026-01-19 14:55:44.160] [INFO   ] Successfully closed document: E-LAM-058.dwg
    Source: DraftSightHelper.cs -> CloseDocument() [Line 205]

[2026-01-19 14:55:44.163] [DEBUG  ] Generating thumbnail for: Y:\Autocad\Template\~LAMACOIDS\Lams\E-LAM-058.pdf
    Source: ThumbnailGenerator.cs -> GenerateThumbnail() [Line 68]

[2026-01-19 14:55:44.164] [INFO   ] Creating placeholder thumbnail (PDF rendering disabled): C:\Users\dlebel\Downloads\LamCreator-main (1)\LamCreator-main\Lamacoid Creator\Lamacoid Creator\bin\Debug\Thumbnails\E-LAM-058.png
    Source: ThumbnailGenerator.cs -> GenerateThumbnail() [Line 72]

[2026-01-19 14:55:44.180] [DEBUG  ] OpenTemplate called for: Y:\Autocad\Template\~LAMACOIDS\Lams\E-LAM-059.dwg
    Source: DraftSightHelper.cs -> OpenTemplate() [Line 87]

[2026-01-19 14:55:44.724] [INFO   ] Performance: Opening document E-LAM-059.dwg completed in 554ms
    Source: DraftSightHelper.cs -> OpenTemplate() [Line 108]

[2026-01-19 14:55:44.724] [INFO   ] Successfully opened template: E-LAM-059.dwg
    Source: DraftSightHelper.cs -> OpenTemplate() [Line 109]

[2026-01-19 14:55:44.740] [DEBUG  ] Extracted properties from E-LAM-059: Contents='', Colour='ORANGE WITH BLACK TEXT'
    Source: LamacoidIndex.cs -> ExtractPropertiesFromDwg() [Line 177]

[2026-01-19 14:55:44.740] [DEBUG  ] CloseDocument called for: E-LAM-059.dwg
    Source: DraftSightHelper.cs -> CloseDocument() [Line 198]

[2026-01-19 14:55:45.009] [INFO   ] Successfully closed document: E-LAM-059.dwg
    Source: DraftSightHelper.cs -> CloseDocument() [Line 205]

[2026-01-19 14:55:45.013] [DEBUG  ] Generating thumbnail for: Y:\Autocad\Template\~LAMACOIDS\Lams\E-LAM-059.pdf
    Source: ThumbnailGenerator.cs -> GenerateThumbnail() [Line 68]

[2026-01-19 14:55:45.013] [INFO   ] Creating placeholder thumbnail (PDF rendering disabled): C:\Users\dlebel\Downloads\LamCreator-main (1)\LamCreator-main\Lamacoid Creator\Lamacoid Creator\bin\Debug\Thumbnails\E-LAM-059.png
    Source: ThumbnailGenerator.cs -> GenerateThumbnail() [Line 72]

[2026-01-19 14:55:45.030] [DEBUG  ] OpenTemplate called for: Y:\Autocad\Template\~LAMACOIDS\Lams\E-LAM-060.dwg
    Source: DraftSightHelper.cs -> OpenTemplate() [Line 87]

[2026-01-19 14:55:45.507] [INFO   ] Performance: Opening document E-LAM-060.dwg completed in 476ms
    Source: DraftSightHelper.cs -> OpenTemplate() [Line 108]

[2026-01-19 14:55:45.508] [INFO   ] Successfully opened template: E-LAM-060.dwg
    Source: DraftSightHelper.cs -> OpenTemplate() [Line 109]

[2026-01-19 14:55:45.517] [DEBUG  ] Extracted properties from E-LAM-060: Contents='', Colour='ORANGE WITH BLACK TEXT'
    Source: LamacoidIndex.cs -> ExtractPropertiesFromDwg() [Line 177]

[2026-01-19 14:55:45.517] [DEBUG  ] CloseDocument called for: E-LAM-060.dwg
    Source: DraftSightHelper.cs -> CloseDocument() [Line 198]

[2026-01-19 14:55:45.782] [INFO   ] Successfully closed document: E-LAM-060.dwg
    Source: DraftSightHelper.cs -> CloseDocument() [Line 205]

[2026-01-19 14:55:45.790] [DEBUG  ] Generating thumbnail for: Y:\Autocad\Template\~LAMACOIDS\Lams\E-LAM-060.pdf
    Source: ThumbnailGenerator.cs -> GenerateThumbnail() [Line 68]

[2026-01-19 14:55:45.790] [INFO   ] Creating placeholder thumbnail (PDF rendering disabled): C:\Users\dlebel\Downloads\LamCreator-main (1)\LamCreator-main\Lamacoid Creator\Lamacoid Creator\bin\Debug\Thumbnails\E-LAM-060.png
    Source: ThumbnailGenerator.cs -> GenerateThumbnail() [Line 72]

[2026-01-19 14:55:45.806] [DEBUG  ] OpenTemplate called for: Y:\Autocad\Template\~LAMACOIDS\Lams\E-LAM-061.dwg
    Source: DraftSightHelper.cs -> OpenTemplate() [Line 87]

[2026-01-19 14:55:46.284] [INFO   ] Performance: Opening document E-LAM-061.dwg completed in 475ms
    Source: DraftSightHelper.cs -> OpenTemplate() [Line 108]

[2026-01-19 14:55:46.284] [INFO   ] Successfully opened template: E-LAM-061.dwg
    Source: DraftSightHelper.cs -> OpenTemplate() [Line 109]

[2026-01-19 14:55:46.291] [DEBUG  ] Extracted properties from E-LAM-061: Contents='', Colour='ORANGE WITH BLACK TEXT'
    Source: LamacoidIndex.cs -> ExtractPropertiesFromDwg() [Line 177]

[2026-01-19 14:55:46.291] [DEBUG  ] CloseDocument called for: E-LAM-061.dwg
    Source: DraftSightHelper.cs -> CloseDocument() [Line 198]

[2026-01-19 14:55:46.560] [INFO   ] Successfully closed document: E-LAM-061.dwg
    Source: DraftSightHelper.cs -> CloseDocument() [Line 205]

[2026-01-19 14:55:46.560] [DEBUG  ] Generating thumbnail for: Y:\Autocad\Template\~LAMACOIDS\Lams\E-LAM-061.pdf
    Source: ThumbnailGenerator.cs -> GenerateThumbnail() [Line 68]

[2026-01-19 14:55:46.560] [INFO   ] Creating placeholder thumbnail (PDF rendering disabled): C:\Users\dlebel\Downloads\LamCreator-main (1)\LamCreator-main\Lamacoid Creator\Lamacoid Creator\bin\Debug\Thumbnails\E-LAM-061.png
    Source: ThumbnailGenerator.cs -> GenerateThumbnail() [Line 72]

[2026-01-19 14:55:46.585] [DEBUG  ] OpenTemplate called for: Y:\Autocad\Template\~LAMACOIDS\Lams\E-LAM-062.dwg
    Source: DraftSightHelper.cs -> OpenTemplate() [Line 87]

[2026-01-19 14:55:47.118] [INFO   ] Performance: Opening document E-LAM-062.dwg completed in 533ms
    Source: DraftSightHelper.cs -> OpenTemplate() [Line 108]

[2026-01-19 14:55:47.118] [INFO   ] Successfully opened template: E-LAM-062.dwg
    Source: DraftSightHelper.cs -> OpenTemplate() [Line 109]

[2026-01-19 14:55:47.134] [DEBUG  ] Extracted properties from E-LAM-062: Contents='', Colour='ORANGE WITH BLACK TEXT'
    Source: LamacoidIndex.cs -> ExtractPropertiesFromDwg() [Line 177]

[2026-01-19 14:55:47.134] [DEBUG  ] CloseDocument called for: E-LAM-062.dwg
    Source: DraftSightHelper.cs -> CloseDocument() [Line 198]

[2026-01-19 14:55:47.398] [INFO   ] Successfully closed document: E-LAM-062.dwg
    Source: DraftSightHelper.cs -> CloseDocument() [Line 205]

[2026-01-19 14:55:47.398] [DEBUG  ] Generating thumbnail for: Y:\Autocad\Template\~LAMACOIDS\Lams\E-LAM-062.pdf
    Source: ThumbnailGenerator.cs -> GenerateThumbnail() [Line 68]

[2026-01-19 14:55:47.398] [INFO   ] Creating placeholder thumbnail (PDF rendering disabled): C:\Users\dlebel\Downloads\LamCreator-main (1)\LamCreator-main\Lamacoid Creator\Lamacoid Creator\bin\Debug\Thumbnails\E-LAM-062.png
    Source: ThumbnailGenerator.cs -> GenerateThumbnail() [Line 72]

[2026-01-19 14:55:47.425] [DEBUG  ] OpenTemplate called for: Y:\Autocad\Template\~LAMACOIDS\Lams\E-LAM-063.dwg
    Source: DraftSightHelper.cs -> OpenTemplate() [Line 87]

[2026-01-19 14:55:47.905] [INFO   ] Performance: Opening document E-LAM-063.dwg completed in 479ms
    Source: DraftSightHelper.cs -> OpenTemplate() [Line 108]

[2026-01-19 14:55:47.905] [INFO   ] Successfully opened template: E-LAM-063.dwg
    Source: DraftSightHelper.cs -> OpenTemplate() [Line 109]

[2026-01-19 14:55:47.914] [DEBUG  ] Extracted properties from E-LAM-063: Contents='', Colour='ORANGE WITH BLACK TEXT'
    Source: LamacoidIndex.cs -> ExtractPropertiesFromDwg() [Line 177]

[2026-01-19 14:55:47.914] [DEBUG  ] CloseDocument called for: E-LAM-063.dwg
    Source: DraftSightHelper.cs -> CloseDocument() [Line 198]

[2026-01-19 14:55:48.189] [INFO   ] Successfully closed document: E-LAM-063.dwg
    Source: DraftSightHelper.cs -> CloseDocument() [Line 205]

[2026-01-19 14:55:48.192] [DEBUG  ] Generating thumbnail for: Y:\Autocad\Template\~LAMACOIDS\Lams\E-LAM-063.pdf
    Source: ThumbnailGenerator.cs -> GenerateThumbnail() [Line 68]

[2026-01-19 14:55:48.192] [INFO   ] Creating placeholder thumbnail (PDF rendering disabled): C:\Users\dlebel\Downloads\LamCreator-main (1)\LamCreator-main\Lamacoid Creator\Lamacoid Creator\bin\Debug\Thumbnails\E-LAM-063.png
    Source: ThumbnailGenerator.cs -> GenerateThumbnail() [Line 72]

[2026-01-19 14:55:48.210] [DEBUG  ] OpenTemplate called for: Y:\Autocad\Template\~LAMACOIDS\Lams\E-LAM-064.dwg
    Source: DraftSightHelper.cs -> OpenTemplate() [Line 87]

[2026-01-19 14:55:48.740] [INFO   ] Performance: Opening document E-LAM-064.dwg completed in 529ms
    Source: DraftSightHelper.cs -> OpenTemplate() [Line 108]

[2026-01-19 14:55:48.740] [INFO   ] Successfully opened template: E-LAM-064.dwg
    Source: DraftSightHelper.cs -> OpenTemplate() [Line 109]

[2026-01-19 14:55:48.748] [DEBUG  ] Extracted properties from E-LAM-064: Contents='', Colour='ORANGE WITH BLACK TEXT'
    Source: LamacoidIndex.cs -> ExtractPropertiesFromDwg() [Line 177]

[2026-01-19 14:55:48.748] [DEBUG  ] CloseDocument called for: E-LAM-064.dwg
    Source: DraftSightHelper.cs -> CloseDocument() [Line 198]

[2026-01-19 14:55:49.023] [INFO   ] Successfully closed document: E-LAM-064.dwg
    Source: DraftSightHelper.cs -> CloseDocument() [Line 205]

[2026-01-19 14:55:49.027] [DEBUG  ] Generating thumbnail for: Y:\Autocad\Template\~LAMACOIDS\Lams\E-LAM-064.pdf
    Source: ThumbnailGenerator.cs -> GenerateThumbnail() [Line 68]

[2026-01-19 14:55:49.027] [INFO   ] Creating placeholder thumbnail (PDF rendering disabled): C:\Users\dlebel\Downloads\LamCreator-main (1)\LamCreator-main\Lamacoid Creator\Lamacoid Creator\bin\Debug\Thumbnails\E-LAM-064.png
    Source: ThumbnailGenerator.cs -> GenerateThumbnail() [Line 72]

[2026-01-19 14:55:49.043] [DEBUG  ] OpenTemplate called for: Y:\Autocad\Template\~LAMACOIDS\Lams\E-LAM-065.dwg
    Source: DraftSightHelper.cs -> OpenTemplate() [Line 87]

[2026-01-19 14:55:49.526] [INFO   ] Performance: Opening document E-LAM-065.dwg completed in 482ms
    Source: DraftSightHelper.cs -> OpenTemplate() [Line 108]

[2026-01-19 14:55:49.526] [INFO   ] Successfully opened template: E-LAM-065.dwg
    Source: DraftSightHelper.cs -> OpenTemplate() [Line 109]

[2026-01-19 14:55:49.535] [DEBUG  ] Extracted properties from E-LAM-065: Contents='', Colour='ORANGE WITH BLACK TEXT'
    Source: LamacoidIndex.cs -> ExtractPropertiesFromDwg() [Line 177]

[2026-01-19 14:55:49.535] [DEBUG  ] CloseDocument called for: E-LAM-065.dwg
    Source: DraftSightHelper.cs -> CloseDocument() [Line 198]

[2026-01-19 14:55:49.808] [INFO   ] Successfully closed document: E-LAM-065.dwg
    Source: DraftSightHelper.cs -> CloseDocument() [Line 205]

[2026-01-19 14:55:49.811] [DEBUG  ] Generating thumbnail for: Y:\Autocad\Template\~LAMACOIDS\Lams\E-LAM-065.pdf
    Source: ThumbnailGenerator.cs -> GenerateThumbnail() [Line 68]

[2026-01-19 14:55:49.811] [INFO   ] Creating placeholder thumbnail (PDF rendering disabled): C:\Users\dlebel\Downloads\LamCreator-main (1)\LamCreator-main\Lamacoid Creator\Lamacoid Creator\bin\Debug\Thumbnails\E-LAM-065.png
    Source: ThumbnailGenerator.cs -> GenerateThumbnail() [Line 72]

[2026-01-19 14:55:49.829] [DEBUG  ] OpenTemplate called for: Y:\Autocad\Template\~LAMACOIDS\Lams\E-LAM-066.dwg
    Source: DraftSightHelper.cs -> OpenTemplate() [Line 87]

[2026-01-19 14:55:50.309] [INFO   ] Performance: Opening document E-LAM-066.dwg completed in 479ms
    Source: DraftSightHelper.cs -> OpenTemplate() [Line 108]

[2026-01-19 14:55:50.309] [INFO   ] Successfully opened template: E-LAM-066.dwg
    Source: DraftSightHelper.cs -> OpenTemplate() [Line 109]

[2026-01-19 14:55:50.317] [DEBUG  ] Extracted properties from E-LAM-066: Contents='', Colour='ORANGE WITH BLACK TEXT'
    Source: LamacoidIndex.cs -> ExtractPropertiesFromDwg() [Line 177]

[2026-01-19 14:55:50.318] [DEBUG  ] CloseDocument called for: E-LAM-066.dwg
    Source: DraftSightHelper.cs -> CloseDocument() [Line 198]

[2026-01-19 14:55:50.585] [INFO   ] Successfully closed document: E-LAM-066.dwg
    Source: DraftSightHelper.cs -> CloseDocument() [Line 205]

[2026-01-19 14:55:50.592] [DEBUG  ] Generating thumbnail for: Y:\Autocad\Template\~LAMACOIDS\Lams\E-LAM-066.pdf
    Source: ThumbnailGenerator.cs -> GenerateThumbnail() [Line 68]

[2026-01-19 14:55:50.592] [INFO   ] Creating placeholder thumbnail (PDF rendering disabled): C:\Users\dlebel\Downloads\LamCreator-main (1)\LamCreator-main\Lamacoid Creator\Lamacoid Creator\bin\Debug\Thumbnails\E-LAM-066.png
    Source: ThumbnailGenerator.cs -> GenerateThumbnail() [Line 72]

[2026-01-19 14:55:50.605] [DEBUG  ] OpenTemplate called for: Y:\Autocad\Template\~LAMACOIDS\Lams\E-LAM-067.dwg
    Source: DraftSightHelper.cs -> OpenTemplate() [Line 87]

[2026-01-19 14:55:51.078] [INFO   ] Performance: Opening document E-LAM-067.dwg completed in 477ms
    Source: DraftSightHelper.cs -> OpenTemplate() [Line 108]

[2026-01-19 14:55:51.078] [INFO   ] Successfully opened template: E-LAM-067.dwg
    Source: DraftSightHelper.cs -> OpenTemplate() [Line 109]

[2026-01-19 14:55:51.096] [DEBUG  ] Extracted properties from E-LAM-067: Contents='', Colour='ORANGE WITH BLACK TEXT'
    Source: LamacoidIndex.cs -> ExtractPropertiesFromDwg() [Line 177]

[2026-01-19 14:55:51.096] [DEBUG  ] CloseDocument called for: E-LAM-067.dwg
    Source: DraftSightHelper.cs -> CloseDocument() [Line 198]

[2026-01-19 14:55:51.357] [INFO   ] Successfully closed document: E-LAM-067.dwg
    Source: DraftSightHelper.cs -> CloseDocument() [Line 205]

[2026-01-19 14:55:51.373] [DEBUG  ] Generating thumbnail for: Y:\Autocad\Template\~LAMACOIDS\Lams\E-LAM-067.pdf
    Source: ThumbnailGenerator.cs -> GenerateThumbnail() [Line 68]

[2026-01-19 14:55:51.373] [INFO   ] Creating placeholder thumbnail (PDF rendering disabled): C:\Users\dlebel\Downloads\LamCreator-main (1)\LamCreator-main\Lamacoid Creator\Lamacoid Creator\bin\Debug\Thumbnails\E-LAM-067.png
    Source: ThumbnailGenerator.cs -> GenerateThumbnail() [Line 72]

[2026-01-19 14:55:51.387] [DEBUG  ] OpenTemplate called for: Y:\Autocad\Template\~LAMACOIDS\Lams\E-LAM-068.dwg
    Source: DraftSightHelper.cs -> OpenTemplate() [Line 87]

[2026-01-19 14:55:51.873] [INFO   ] Performance: Opening document E-LAM-068.dwg completed in 485ms
    Source: DraftSightHelper.cs -> OpenTemplate() [Line 108]

[2026-01-19 14:55:51.874] [INFO   ] Successfully opened template: E-LAM-068.dwg
    Source: DraftSightHelper.cs -> OpenTemplate() [Line 109]

[2026-01-19 14:55:51.882] [DEBUG  ] Extracted properties from E-LAM-068: Contents='', Colour='ORANGE WITH BLACK TEXT'
    Source: LamacoidIndex.cs -> ExtractPropertiesFromDwg() [Line 177]

[2026-01-19 14:55:51.882] [DEBUG  ] CloseDocument called for: E-LAM-068.dwg
    Source: DraftSightHelper.cs -> CloseDocument() [Line 198]

[2026-01-19 14:55:52.156] [INFO   ] Successfully closed document: E-LAM-068.dwg
    Source: DraftSightHelper.cs -> CloseDocument() [Line 205]

[2026-01-19 14:55:52.156] [DEBUG  ] Generating thumbnail for: Y:\Autocad\Template\~LAMACOIDS\Lams\E-LAM-068.pdf
    Source: ThumbnailGenerator.cs -> GenerateThumbnail() [Line 68]

[2026-01-19 14:55:52.156] [INFO   ] Creating placeholder thumbnail (PDF rendering disabled): C:\Users\dlebel\Downloads\LamCreator-main (1)\LamCreator-main\Lamacoid Creator\Lamacoid Creator\bin\Debug\Thumbnails\E-LAM-068.png
    Source: ThumbnailGenerator.cs -> GenerateThumbnail() [Line 72]

[2026-01-19 14:55:52.172] [DEBUG  ] OpenTemplate called for: Y:\Autocad\Template\~LAMACOIDS\Lams\E-LAM-069.dwg
    Source: DraftSightHelper.cs -> OpenTemplate() [Line 87]

[2026-01-19 14:55:52.699] [INFO   ] Performance: Opening document E-LAM-069.dwg completed in 521ms
    Source: DraftSightHelper.cs -> OpenTemplate() [Line 108]

[2026-01-19 14:55:52.699] [INFO   ] Successfully opened template: E-LAM-069.dwg
    Source: DraftSightHelper.cs -> OpenTemplate() [Line 109]

[2026-01-19 14:55:52.708] [DEBUG  ] Extracted properties from E-LAM-069: Contents='', Colour='ORANGE WITH BLACK TEXT'
    Source: LamacoidIndex.cs -> ExtractPropertiesFromDwg() [Line 177]

[2026-01-19 14:55:52.708] [DEBUG  ] CloseDocument called for: E-LAM-069.dwg
    Source: DraftSightHelper.cs -> CloseDocument() [Line 198]

[2026-01-19 14:55:52.978] [INFO   ] Successfully closed document: E-LAM-069.dwg
    Source: DraftSightHelper.cs -> CloseDocument() [Line 205]

[2026-01-19 14:55:52.978] [DEBUG  ] Generating thumbnail for: Y:\Autocad\Template\~LAMACOIDS\Lams\E-LAM-069.pdf
    Source: ThumbnailGenerator.cs -> GenerateThumbnail() [Line 68]

[2026-01-19 14:55:52.978] [INFO   ] Creating placeholder thumbnail (PDF rendering disabled): C:\Users\dlebel\Downloads\LamCreator-main (1)\LamCreator-main\Lamacoid Creator\Lamacoid Creator\bin\Debug\Thumbnails\E-LAM-069.png
    Source: ThumbnailGenerator.cs -> GenerateThumbnail() [Line 72]

[2026-01-19 14:55:52.999] [DEBUG  ] OpenTemplate called for: Y:\Autocad\Template\~LAMACOIDS\Lams\E-LAM-070.dwg
    Source: DraftSightHelper.cs -> OpenTemplate() [Line 87]

[2026-01-19 14:55:53.480] [INFO   ] Performance: Opening document E-LAM-070.dwg completed in 480ms
    Source: DraftSightHelper.cs -> OpenTemplate() [Line 108]

[2026-01-19 14:55:53.480] [INFO   ] Successfully opened template: E-LAM-070.dwg
    Source: DraftSightHelper.cs -> OpenTemplate() [Line 109]

[2026-01-19 14:55:53.492] [DEBUG  ] Extracted properties from E-LAM-070: Contents='', Colour='ORANGE WITH BLACK TEXT'
    Source: LamacoidIndex.cs -> ExtractPropertiesFromDwg() [Line 177]

[2026-01-19 14:55:53.492] [DEBUG  ] CloseDocument called for: E-LAM-070.dwg
    Source: DraftSightHelper.cs -> CloseDocument() [Line 198]

[2026-01-19 14:55:53.758] [INFO   ] Successfully closed document: E-LAM-070.dwg
    Source: DraftSightHelper.cs -> CloseDocument() [Line 205]

[2026-01-19 14:55:53.762] [DEBUG  ] Generating thumbnail for: Y:\Autocad\Template\~LAMACOIDS\Lams\E-LAM-070.pdf
    Source: ThumbnailGenerator.cs -> GenerateThumbnail() [Line 68]

[2026-01-19 14:55:53.762] [INFO   ] Creating placeholder thumbnail (PDF rendering disabled): C:\Users\dlebel\Downloads\LamCreator-main (1)\LamCreator-main\Lamacoid Creator\Lamacoid Creator\bin\Debug\Thumbnails\E-LAM-070.png
    Source: ThumbnailGenerator.cs -> GenerateThumbnail() [Line 72]

[2026-01-19 14:55:53.780] [DEBUG  ] OpenTemplate called for: Y:\Autocad\Template\~LAMACOIDS\Lams\E-LAM-071.dwg
    Source: DraftSightHelper.cs -> OpenTemplate() [Line 87]

[2026-01-19 14:55:54.258] [INFO   ] Performance: Opening document E-LAM-071.dwg completed in 477ms
    Source: DraftSightHelper.cs -> OpenTemplate() [Line 108]

[2026-01-19 14:55:54.258] [INFO   ] Successfully opened template: E-LAM-071.dwg
    Source: DraftSightHelper.cs -> OpenTemplate() [Line 109]

[2026-01-19 14:55:54.266] [DEBUG  ] Extracted properties from E-LAM-071: Contents='', Colour='ORANGE WITH BLACK TEXT'
    Source: LamacoidIndex.cs -> ExtractPropertiesFromDwg() [Line 177]

[2026-01-19 14:55:54.266] [DEBUG  ] CloseDocument called for: E-LAM-071.dwg
    Source: DraftSightHelper.cs -> CloseDocument() [Line 198]

[2026-01-19 14:55:54.543] [INFO   ] Successfully closed document: E-LAM-071.dwg
    Source: DraftSightHelper.cs -> CloseDocument() [Line 205]

[2026-01-19 14:55:54.551] [DEBUG  ] Generating thumbnail for: Y:\Autocad\Template\~LAMACOIDS\Lams\E-LAM-071.pdf
    Source: ThumbnailGenerator.cs -> GenerateThumbnail() [Line 68]

[2026-01-19 14:55:54.551] [INFO   ] Creating placeholder thumbnail (PDF rendering disabled): C:\Users\dlebel\Downloads\LamCreator-main (1)\LamCreator-main\Lamacoid Creator\Lamacoid Creator\bin\Debug\Thumbnails\E-LAM-071.png
    Source: ThumbnailGenerator.cs -> GenerateThumbnail() [Line 72]

[2026-01-19 14:55:54.567] [DEBUG  ] OpenTemplate called for: Y:\Autocad\Template\~LAMACOIDS\Lams\E-LAM-072.dwg
    Source: DraftSightHelper.cs -> OpenTemplate() [Line 87]

[2026-01-19 14:55:55.039] [INFO   ] Performance: Opening document E-LAM-072.dwg completed in 473ms
    Source: DraftSightHelper.cs -> OpenTemplate() [Line 108]

[2026-01-19 14:55:55.039] [INFO   ] Successfully opened template: E-LAM-072.dwg
    Source: DraftSightHelper.cs -> OpenTemplate() [Line 109]

[2026-01-19 14:55:55.039] [DEBUG  ] Extracted properties from E-LAM-072: Contents='', Colour='ORANGE WITH BLACK TEXT'
    Source: LamacoidIndex.cs -> ExtractPropertiesFromDwg() [Line 177]

[2026-01-19 14:55:55.039] [DEBUG  ] CloseDocument called for: E-LAM-072.dwg
    Source: DraftSightHelper.cs -> CloseDocument() [Line 198]

[2026-01-19 14:55:55.307] [INFO   ] Successfully closed document: E-LAM-072.dwg
    Source: DraftSightHelper.cs -> CloseDocument() [Line 205]

[2026-01-19 14:55:55.323] [DEBUG  ] Generating thumbnail for: Y:\Autocad\Template\~LAMACOIDS\Lams\E-LAM-072.pdf
    Source: ThumbnailGenerator.cs -> GenerateThumbnail() [Line 68]

[2026-01-19 14:55:55.323] [INFO   ] Creating placeholder thumbnail (PDF rendering disabled): C:\Users\dlebel\Downloads\LamCreator-main (1)\LamCreator-main\Lamacoid Creator\Lamacoid Creator\bin\Debug\Thumbnails\E-LAM-072.png
    Source: ThumbnailGenerator.cs -> GenerateThumbnail() [Line 72]

[2026-01-19 14:55:55.335] [DEBUG  ] OpenTemplate called for: Y:\Autocad\Template\~LAMACOIDS\Lams\E-LAM-073.dwg
    Source: DraftSightHelper.cs -> OpenTemplate() [Line 87]

[2026-01-19 14:55:55.824] [INFO   ] Performance: Opening document E-LAM-073.dwg completed in 489ms
    Source: DraftSightHelper.cs -> OpenTemplate() [Line 108]

[2026-01-19 14:55:55.824] [INFO   ] Successfully opened template: E-LAM-073.dwg
    Source: DraftSightHelper.cs -> OpenTemplate() [Line 109]

[2026-01-19 14:55:55.845] [DEBUG  ] Extracted properties from E-LAM-073: Contents='', Colour='BRUSHED STAINLESS WITH BLACK TEXT'
    Source: LamacoidIndex.cs -> ExtractPropertiesFromDwg() [Line 177]

[2026-01-19 14:55:55.845] [DEBUG  ] CloseDocument called for: E-LAM-073.dwg
    Source: DraftSightHelper.cs -> CloseDocument() [Line 198]

[2026-01-19 14:55:56.109] [INFO   ] Successfully closed document: E-LAM-073.dwg
    Source: DraftSightHelper.cs -> CloseDocument() [Line 205]

[2026-01-19 14:55:56.119] [DEBUG  ] Generating thumbnail for: Y:\Autocad\Template\~LAMACOIDS\Lams\E-LAM-073.pdf
    Source: ThumbnailGenerator.cs -> GenerateThumbnail() [Line 68]

[2026-01-19 14:55:56.119] [INFO   ] Creating placeholder thumbnail (PDF rendering disabled): C:\Users\dlebel\Downloads\LamCreator-main (1)\LamCreator-main\Lamacoid Creator\Lamacoid Creator\bin\Debug\Thumbnails\E-LAM-073.png
    Source: ThumbnailGenerator.cs -> GenerateThumbnail() [Line 72]

[2026-01-19 14:55:56.138] [DEBUG  ] OpenTemplate called for: Y:\Autocad\Template\~LAMACOIDS\Lams\E-LAM-074.dwg
    Source: DraftSightHelper.cs -> OpenTemplate() [Line 87]

[2026-01-19 14:55:56.626] [INFO   ] Performance: Opening document E-LAM-074.dwg completed in 488ms
    Source: DraftSightHelper.cs -> OpenTemplate() [Line 108]

[2026-01-19 14:55:56.627] [INFO   ] Successfully opened template: E-LAM-074.dwg
    Source: DraftSightHelper.cs -> OpenTemplate() [Line 109]

[2026-01-19 14:55:56.638] [DEBUG  ] Extracted properties from E-LAM-074: Contents='', Colour='BRUSHED STAINLESS WITH BLACK TEXT'
    Source: LamacoidIndex.cs -> ExtractPropertiesFromDwg() [Line 177]

[2026-01-19 14:55:56.638] [DEBUG  ] CloseDocument called for: E-LAM-074.dwg
    Source: DraftSightHelper.cs -> CloseDocument() [Line 198]

[2026-01-19 14:55:56.891] [INFO   ] Successfully closed document: E-LAM-074.dwg
    Source: DraftSightHelper.cs -> CloseDocument() [Line 205]

[2026-01-19 14:55:56.906] [DEBUG  ] Generating thumbnail for: Y:\Autocad\Template\~LAMACOIDS\Lams\E-LAM-074.pdf
    Source: ThumbnailGenerator.cs -> GenerateThumbnail() [Line 68]

[2026-01-19 14:55:56.906] [INFO   ] Creating placeholder thumbnail (PDF rendering disabled): C:\Users\dlebel\Downloads\LamCreator-main (1)\LamCreator-main\Lamacoid Creator\Lamacoid Creator\bin\Debug\Thumbnails\E-LAM-074.png
    Source: ThumbnailGenerator.cs -> GenerateThumbnail() [Line 72]

[2026-01-19 14:55:56.923] [DEBUG  ] OpenTemplate called for: Y:\Autocad\Template\~LAMACOIDS\Lams\E-LAM-075.dwg
    Source: DraftSightHelper.cs -> OpenTemplate() [Line 87]

[2026-01-19 14:55:57.411] [INFO   ] Performance: Opening document E-LAM-075.dwg completed in 488ms
    Source: DraftSightHelper.cs -> OpenTemplate() [Line 108]

[2026-01-19 14:55:57.412] [INFO   ] Successfully opened template: E-LAM-075.dwg
    Source: DraftSightHelper.cs -> OpenTemplate() [Line 109]

[2026-01-19 14:55:57.423] [DEBUG  ] Extracted properties from E-LAM-075: Contents='', Colour='BRUSHED STAINLESS WITH BLACK TEXT'
    Source: LamacoidIndex.cs -> ExtractPropertiesFromDwg() [Line 177]

[2026-01-19 14:55:57.423] [DEBUG  ] CloseDocument called for: E-LAM-075.dwg
    Source: DraftSightHelper.cs -> CloseDocument() [Line 198]

[2026-01-19 14:55:57.692] [INFO   ] Successfully closed document: E-LAM-075.dwg
    Source: DraftSightHelper.cs -> CloseDocument() [Line 205]

[2026-01-19 14:55:57.697] [DEBUG  ] Generating thumbnail for: Y:\Autocad\Template\~LAMACOIDS\Lams\E-LAM-075.pdf
    Source: ThumbnailGenerator.cs -> GenerateThumbnail() [Line 68]

[2026-01-19 14:55:57.697] [INFO   ] Creating placeholder thumbnail (PDF rendering disabled): C:\Users\dlebel\Downloads\LamCreator-main (1)\LamCreator-main\Lamacoid Creator\Lamacoid Creator\bin\Debug\Thumbnails\E-LAM-075.png
    Source: ThumbnailGenerator.cs -> GenerateThumbnail() [Line 72]

[2026-01-19 14:55:57.714] [DEBUG  ] OpenTemplate called for: Y:\Autocad\Template\~LAMACOIDS\Lams\E-LAM-076.dwg
    Source: DraftSightHelper.cs -> OpenTemplate() [Line 87]

[2026-01-19 14:55:58.214] [INFO   ] Performance: Opening document E-LAM-076.dwg completed in 500ms
    Source: DraftSightHelper.cs -> OpenTemplate() [Line 108]

[2026-01-19 14:55:58.214] [INFO   ] Successfully opened template: E-LAM-076.dwg
    Source: DraftSightHelper.cs -> OpenTemplate() [Line 109]

[2026-01-19 14:55:58.223] [DEBUG  ] Extracted properties from E-LAM-076: Contents='NS2-01', Colour='ORANGE WITH BLACK TEXT'
    Source: LamacoidIndex.cs -> ExtractPropertiesFromDwg() [Line 177]

[2026-01-19 14:55:58.223] [DEBUG  ] CloseDocument called for: E-LAM-076.dwg
    Source: DraftSightHelper.cs -> CloseDocument() [Line 198]

[2026-01-19 14:55:58.495] [INFO   ] Successfully closed document: E-LAM-076.dwg
    Source: DraftSightHelper.cs -> CloseDocument() [Line 205]

[2026-01-19 14:55:58.507] [DEBUG  ] Generating thumbnail for: Y:\Autocad\Template\~LAMACOIDS\Lams\E-LAM-076.pdf
    Source: ThumbnailGenerator.cs -> GenerateThumbnail() [Line 68]

[2026-01-19 14:55:58.508] [INFO   ] Creating placeholder thumbnail (PDF rendering disabled): C:\Users\dlebel\Downloads\LamCreator-main (1)\LamCreator-main\Lamacoid Creator\Lamacoid Creator\bin\Debug\Thumbnails\E-LAM-076.png
    Source: ThumbnailGenerator.cs -> GenerateThumbnail() [Line 72]

[2026-01-19 14:55:58.525] [DEBUG  ] OpenTemplate called for: Y:\Autocad\Template\~LAMACOIDS\Lams\E-LAM-077.dwg
    Source: DraftSightHelper.cs -> OpenTemplate() [Line 87]

[2026-01-19 14:55:59.008] [INFO   ] Performance: Opening document E-LAM-077.dwg completed in 490ms
    Source: DraftSightHelper.cs -> OpenTemplate() [Line 108]

[2026-01-19 14:55:59.008] [INFO   ] Successfully opened template: E-LAM-077.dwg
    Source: DraftSightHelper.cs -> OpenTemplate() [Line 109]

[2026-01-19 14:55:59.056] [DEBUG  ] Extracted properties from E-LAM-077: Contents='NS2-02', Colour='ORANGE WITH BLACK TEXT'
    Source: LamacoidIndex.cs -> ExtractPropertiesFromDwg() [Line 177]

[2026-01-19 14:55:59.056] [DEBUG  ] CloseDocument called for: E-LAM-077.dwg
    Source: DraftSightHelper.cs -> CloseDocument() [Line 198]

[2026-01-19 14:55:59.332] [INFO   ] Successfully closed document: E-LAM-077.dwg
    Source: DraftSightHelper.cs -> CloseDocument() [Line 205]

[2026-01-19 14:55:59.336] [DEBUG  ] Generating thumbnail for: Y:\Autocad\Template\~LAMACOIDS\Lams\E-LAM-077.pdf
    Source: ThumbnailGenerator.cs -> GenerateThumbnail() [Line 68]

[2026-01-19 14:55:59.336] [INFO   ] Creating placeholder thumbnail (PDF rendering disabled): C:\Users\dlebel\Downloads\LamCreator-main (1)\LamCreator-main\Lamacoid Creator\Lamacoid Creator\bin\Debug\Thumbnails\E-LAM-077.png
    Source: ThumbnailGenerator.cs -> GenerateThumbnail() [Line 72]

[2026-01-19 14:55:59.354] [DEBUG  ] OpenTemplate called for: Y:\Autocad\Template\~LAMACOIDS\Lams\E-LAM-078.dwg
    Source: DraftSightHelper.cs -> OpenTemplate() [Line 87]

[2026-01-19 14:55:59.844] [INFO   ] Performance: Opening document E-LAM-078.dwg completed in 488ms
    Source: DraftSightHelper.cs -> OpenTemplate() [Line 108]

[2026-01-19 14:55:59.844] [INFO   ] Successfully opened template: E-LAM-078.dwg
    Source: DraftSightHelper.cs -> OpenTemplate() [Line 109]

[2026-01-19 14:55:59.844] [DEBUG  ] Extracted properties from E-LAM-078: Contents='NS2-03', Colour='ORANGE WITH BLACK TEXT'
    Source: LamacoidIndex.cs -> ExtractPropertiesFromDwg() [Line 177]

[2026-01-19 14:55:59.844] [DEBUG  ] CloseDocument called for: E-LAM-078.dwg
    Source: DraftSightHelper.cs -> CloseDocument() [Line 198]

[2026-01-19 14:56:00.127] [INFO   ] Successfully closed document: E-LAM-078.dwg
    Source: DraftSightHelper.cs -> CloseDocument() [Line 205]

[2026-01-19 14:56:00.131] [DEBUG  ] Generating thumbnail for: Y:\Autocad\Template\~LAMACOIDS\Lams\E-LAM-078.pdf
    Source: ThumbnailGenerator.cs -> GenerateThumbnail() [Line 68]

[2026-01-19 14:56:00.131] [INFO   ] Creating placeholder thumbnail (PDF rendering disabled): C:\Users\dlebel\Downloads\LamCreator-main (1)\LamCreator-main\Lamacoid Creator\Lamacoid Creator\bin\Debug\Thumbnails\E-LAM-078.png
    Source: ThumbnailGenerator.cs -> GenerateThumbnail() [Line 72]

[2026-01-19 14:56:00.149] [DEBUG  ] OpenTemplate called for: Y:\Autocad\Template\~LAMACOIDS\Lams\E-LAM-079.dwg
    Source: DraftSightHelper.cs -> OpenTemplate() [Line 87]

[2026-01-19 14:56:00.633] [INFO   ] Performance: Opening document E-LAM-079.dwg completed in 485ms
    Source: DraftSightHelper.cs -> OpenTemplate() [Line 108]

[2026-01-19 14:56:00.633] [INFO   ] Successfully opened template: E-LAM-079.dwg
    Source: DraftSightHelper.cs -> OpenTemplate() [Line 109]

[2026-01-19 14:56:00.642] [DEBUG  ] Extracted properties from E-LAM-079: Contents='NS2-04', Colour='ORANGE WITH BLACK TEXT'
    Source: LamacoidIndex.cs -> ExtractPropertiesFromDwg() [Line 177]

[2026-01-19 14:56:00.642] [DEBUG  ] CloseDocument called for: E-LAM-079.dwg
    Source: DraftSightHelper.cs -> CloseDocument() [Line 198]

[2026-01-19 14:56:00.917] [INFO   ] Successfully closed document: E-LAM-079.dwg
    Source: DraftSightHelper.cs -> CloseDocument() [Line 205]

[2026-01-19 14:56:00.921] [DEBUG  ] Generating thumbnail for: Y:\Autocad\Template\~LAMACOIDS\Lams\E-LAM-079.pdf
    Source: ThumbnailGenerator.cs -> GenerateThumbnail() [Line 68]

[2026-01-19 14:56:00.921] [INFO   ] Creating placeholder thumbnail (PDF rendering disabled): C:\Users\dlebel\Downloads\LamCreator-main (1)\LamCreator-main\Lamacoid Creator\Lamacoid Creator\bin\Debug\Thumbnails\E-LAM-079.png
    Source: ThumbnailGenerator.cs -> GenerateThumbnail() [Line 72]

[2026-01-19 14:56:00.938] [DEBUG  ] OpenTemplate called for: Y:\Autocad\Template\~LAMACOIDS\Lams\E-LAM-080.dwg
    Source: DraftSightHelper.cs -> OpenTemplate() [Line 87]

[2026-01-19 14:56:01.482] [INFO   ] Performance: Opening document E-LAM-080.dwg completed in 544ms
    Source: DraftSightHelper.cs -> OpenTemplate() [Line 108]

[2026-01-19 14:56:01.482] [INFO   ] Successfully opened template: E-LAM-080.dwg
    Source: DraftSightHelper.cs -> OpenTemplate() [Line 109]

[2026-01-19 14:56:01.499] [DEBUG  ] Extracted properties from E-LAM-080: Contents='PS1-01', Colour='ORANGE WITH BLACK TEXT'
    Source: LamacoidIndex.cs -> ExtractPropertiesFromDwg() [Line 177]

[2026-01-19 14:56:01.499] [DEBUG  ] CloseDocument called for: E-LAM-080.dwg
    Source: DraftSightHelper.cs -> CloseDocument() [Line 198]

[2026-01-19 14:56:01.777] [INFO   ] Successfully closed document: E-LAM-080.dwg
    Source: DraftSightHelper.cs -> CloseDocument() [Line 205]

[2026-01-19 14:56:01.780] [DEBUG  ] Generating thumbnail for: Y:\Autocad\Template\~LAMACOIDS\Lams\E-LAM-080.pdf
    Source: ThumbnailGenerator.cs -> GenerateThumbnail() [Line 68]

[2026-01-19 14:56:01.780] [INFO   ] Creating placeholder thumbnail (PDF rendering disabled): C:\Users\dlebel\Downloads\LamCreator-main (1)\LamCreator-main\Lamacoid Creator\Lamacoid Creator\bin\Debug\Thumbnails\E-LAM-080.png
    Source: ThumbnailGenerator.cs -> GenerateThumbnail() [Line 72]

[2026-01-19 14:56:01.796] [DEBUG  ] OpenTemplate called for: Y:\Autocad\Template\~LAMACOIDS\Lams\E-LAM-081.dwg
    Source: DraftSightHelper.cs -> OpenTemplate() [Line 87]

[2026-01-19 14:56:02.282] [INFO   ] Performance: Opening document E-LAM-081.dwg completed in 484ms
    Source: DraftSightHelper.cs -> OpenTemplate() [Line 108]

[2026-01-19 14:56:02.282] [INFO   ] Successfully opened template: E-LAM-081.dwg
    Source: DraftSightHelper.cs -> OpenTemplate() [Line 109]

[2026-01-19 14:56:02.290] [DEBUG  ] Extracted properties from E-LAM-081: Contents='PS1-02', Colour='ORANGE WITH BLACK TEXT'
    Source: LamacoidIndex.cs -> ExtractPropertiesFromDwg() [Line 177]

[2026-01-19 14:56:02.290] [DEBUG  ] CloseDocument called for: E-LAM-081.dwg
    Source: DraftSightHelper.cs -> CloseDocument() [Line 198]

[2026-01-19 14:56:02.567] [INFO   ] Successfully closed document: E-LAM-081.dwg
    Source: DraftSightHelper.cs -> CloseDocument() [Line 205]

[2026-01-19 14:56:02.571] [DEBUG  ] Generating thumbnail for: Y:\Autocad\Template\~LAMACOIDS\Lams\E-LAM-081.pdf
    Source: ThumbnailGenerator.cs -> GenerateThumbnail() [Line 68]

[2026-01-19 14:56:02.571] [INFO   ] Creating placeholder thumbnail (PDF rendering disabled): C:\Users\dlebel\Downloads\LamCreator-main (1)\LamCreator-main\Lamacoid Creator\Lamacoid Creator\bin\Debug\Thumbnails\E-LAM-081.png
    Source: ThumbnailGenerator.cs -> GenerateThumbnail() [Line 72]

[2026-01-19 14:56:02.588] [DEBUG  ] OpenTemplate called for: Y:\Autocad\Template\~LAMACOIDS\Lams\E-LAM-082.dwg
    Source: DraftSightHelper.cs -> OpenTemplate() [Line 87]

[2026-01-19 14:56:03.119] [INFO   ] Performance: Opening document E-LAM-082.dwg completed in 530ms
    Source: DraftSightHelper.cs -> OpenTemplate() [Line 108]

[2026-01-19 14:56:03.119] [INFO   ] Successfully opened template: E-LAM-082.dwg
    Source: DraftSightHelper.cs -> OpenTemplate() [Line 109]

[2026-01-19 14:56:03.129] [DEBUG  ] Extracted properties from E-LAM-082: Contents='PS1-03', Colour='ORANGE WITH BLACK TEXT'
    Source: LamacoidIndex.cs -> ExtractPropertiesFromDwg() [Line 177]

[2026-01-19 14:56:03.130] [DEBUG  ] CloseDocument called for: E-LAM-082.dwg
    Source: DraftSightHelper.cs -> CloseDocument() [Line 198]

[2026-01-19 14:56:03.399] [INFO   ] Successfully closed document: E-LAM-082.dwg
    Source: DraftSightHelper.cs -> CloseDocument() [Line 205]

[2026-01-19 14:56:03.404] [DEBUG  ] Generating thumbnail for: Y:\Autocad\Template\~LAMACOIDS\Lams\E-LAM-082.pdf
    Source: ThumbnailGenerator.cs -> GenerateThumbnail() [Line 68]

[2026-01-19 14:56:03.404] [INFO   ] Creating placeholder thumbnail (PDF rendering disabled): C:\Users\dlebel\Downloads\LamCreator-main (1)\LamCreator-main\Lamacoid Creator\Lamacoid Creator\bin\Debug\Thumbnails\E-LAM-082.png
    Source: ThumbnailGenerator.cs -> GenerateThumbnail() [Line 72]

[2026-01-19 14:56:03.423] [DEBUG  ] OpenTemplate called for: Y:\Autocad\Template\~LAMACOIDS\Lams\E-LAM-083.dwg
    Source: DraftSightHelper.cs -> OpenTemplate() [Line 87]

[2026-01-19 14:56:03.929] [INFO   ] Performance: Opening document E-LAM-083.dwg completed in 513ms
    Source: DraftSightHelper.cs -> OpenTemplate() [Line 108]

[2026-01-19 14:56:03.929] [INFO   ] Successfully opened template: E-LAM-083.dwg
    Source: DraftSightHelper.cs -> OpenTemplate() [Line 109]

[2026-01-19 14:56:03.941] [DEBUG  ] Extracted properties from E-LAM-083: Contents='PS1-04', Colour='ORANGE WITH BLACK TEXT'
    Source: LamacoidIndex.cs -> ExtractPropertiesFromDwg() [Line 177]

[2026-01-19 14:56:03.941] [DEBUG  ] CloseDocument called for: E-LAM-083.dwg
    Source: DraftSightHelper.cs -> CloseDocument() [Line 198]

[2026-01-19 14:56:04.210] [INFO   ] Successfully closed document: E-LAM-083.dwg
    Source: DraftSightHelper.cs -> CloseDocument() [Line 205]

[2026-01-19 14:56:04.210] [DEBUG  ] Generating thumbnail for: Y:\Autocad\Template\~LAMACOIDS\Lams\E-LAM-083.pdf
    Source: ThumbnailGenerator.cs -> GenerateThumbnail() [Line 68]

[2026-01-19 14:56:04.210] [INFO   ] Creating placeholder thumbnail (PDF rendering disabled): C:\Users\dlebel\Downloads\LamCreator-main (1)\LamCreator-main\Lamacoid Creator\Lamacoid Creator\bin\Debug\Thumbnails\E-LAM-083.png
    Source: ThumbnailGenerator.cs -> GenerateThumbnail() [Line 72]

[2026-01-19 14:56:04.226] [DEBUG  ] OpenTemplate called for: Y:\Autocad\Template\~LAMACOIDS\Lams\E-LAM-084.dwg
    Source: DraftSightHelper.cs -> OpenTemplate() [Line 87]

[2026-01-19 14:56:04.761] [INFO   ] Performance: Opening document E-LAM-084.dwg completed in 520ms
    Source: DraftSightHelper.cs -> OpenTemplate() [Line 108]

[2026-01-19 14:56:04.761] [INFO   ] Successfully opened template: E-LAM-084.dwg
    Source: DraftSightHelper.cs -> OpenTemplate() [Line 109]

[2026-01-19 14:56:04.769] [DEBUG  ] Extracted properties from E-LAM-084: Contents='DI1-01', Colour='ORANGE WITH BLACK TEXT'
    Source: LamacoidIndex.cs -> ExtractPropertiesFromDwg() [Line 177]

[2026-01-19 14:56:04.770] [DEBUG  ] CloseDocument called for: E-LAM-084.dwg
    Source: DraftSightHelper.cs -> CloseDocument() [Line 198]

[2026-01-19 14:56:05.042] [INFO   ] Successfully closed document: E-LAM-084.dwg
    Source: DraftSightHelper.cs -> CloseDocument() [Line 205]

[2026-01-19 14:56:05.044] [DEBUG  ] Generating thumbnail for: Y:\Autocad\Template\~LAMACOIDS\Lams\E-LAM-084.pdf
    Source: ThumbnailGenerator.cs -> GenerateThumbnail() [Line 68]

[2026-01-19 14:56:05.045] [INFO   ] Creating placeholder thumbnail (PDF rendering disabled): C:\Users\dlebel\Downloads\LamCreator-main (1)\LamCreator-main\Lamacoid Creator\Lamacoid Creator\bin\Debug\Thumbnails\E-LAM-084.png
    Source: ThumbnailGenerator.cs -> GenerateThumbnail() [Line 72]

[2026-01-19 14:56:05.059] [DEBUG  ] OpenTemplate called for: Y:\Autocad\Template\~LAMACOIDS\Lams\E-LAM-085.dwg
    Source: DraftSightHelper.cs -> OpenTemplate() [Line 87]

[2026-01-19 14:56:05.549] [INFO   ] Performance: Opening document E-LAM-085.dwg completed in 490ms
    Source: DraftSightHelper.cs -> OpenTemplate() [Line 108]

[2026-01-19 14:56:05.549] [INFO   ] Successfully opened template: E-LAM-085.dwg
    Source: DraftSightHelper.cs -> OpenTemplate() [Line 109]

[2026-01-19 14:56:05.559] [DEBUG  ] Extracted properties from E-LAM-085: Contents='DI1-02', Colour='ORANGE WITH BLACK TEXT'
    Source: LamacoidIndex.cs -> ExtractPropertiesFromDwg() [Line 177]

[2026-01-19 14:56:05.559] [DEBUG  ] CloseDocument called for: E-LAM-085.dwg
    Source: DraftSightHelper.cs -> CloseDocument() [Line 198]

[2026-01-19 14:56:05.822] [INFO   ] Successfully closed document: E-LAM-085.dwg
    Source: DraftSightHelper.cs -> CloseDocument() [Line 205]

[2026-01-19 14:56:05.822] [DEBUG  ] Generating thumbnail for: Y:\Autocad\Template\~LAMACOIDS\Lams\E-LAM-085.pdf
    Source: ThumbnailGenerator.cs -> GenerateThumbnail() [Line 68]

[2026-01-19 14:56:05.822] [INFO   ] Creating placeholder thumbnail (PDF rendering disabled): C:\Users\dlebel\Downloads\LamCreator-main (1)\LamCreator-main\Lamacoid Creator\Lamacoid Creator\bin\Debug\Thumbnails\E-LAM-085.png
    Source: ThumbnailGenerator.cs -> GenerateThumbnail() [Line 72]

[2026-01-19 14:56:05.837] [DEBUG  ] OpenTemplate called for: Y:\Autocad\Template\~LAMACOIDS\Lams\E-LAM-086.dwg
    Source: DraftSightHelper.cs -> OpenTemplate() [Line 87]

[2026-01-19 14:56:06.332] [INFO   ] Performance: Opening document E-LAM-086.dwg completed in 482ms
    Source: DraftSightHelper.cs -> OpenTemplate() [Line 108]

[2026-01-19 14:56:06.332] [INFO   ] Successfully opened template: E-LAM-086.dwg
    Source: DraftSightHelper.cs -> OpenTemplate() [Line 109]

[2026-01-19 14:56:06.340] [DEBUG  ] Extracted properties from E-LAM-086: Contents='DI1-03', Colour='ORANGE WITH BLACK TEXT'
    Source: LamacoidIndex.cs -> ExtractPropertiesFromDwg() [Line 177]

[2026-01-19 14:56:06.341] [DEBUG  ] CloseDocument called for: E-LAM-086.dwg
    Source: DraftSightHelper.cs -> CloseDocument() [Line 198]

[2026-01-19 14:56:06.619] [INFO   ] Successfully closed document: E-LAM-086.dwg
    Source: DraftSightHelper.cs -> CloseDocument() [Line 205]

[2026-01-19 14:56:06.622] [DEBUG  ] Generating thumbnail for: Y:\Autocad\Template\~LAMACOIDS\Lams\E-LAM-086.pdf
    Source: ThumbnailGenerator.cs -> GenerateThumbnail() [Line 68]

[2026-01-19 14:56:06.622] [INFO   ] Creating placeholder thumbnail (PDF rendering disabled): C:\Users\dlebel\Downloads\LamCreator-main (1)\LamCreator-main\Lamacoid Creator\Lamacoid Creator\bin\Debug\Thumbnails\E-LAM-086.png
    Source: ThumbnailGenerator.cs -> GenerateThumbnail() [Line 72]

[2026-01-19 14:56:06.637] [DEBUG  ] OpenTemplate called for: Y:\Autocad\Template\~LAMACOIDS\Lams\E-LAM-087.dwg
    Source: DraftSightHelper.cs -> OpenTemplate() [Line 87]

[2026-01-19 14:56:07.101] [INFO   ] Performance: Opening document E-LAM-087.dwg completed in 478ms
    Source: DraftSightHelper.cs -> OpenTemplate() [Line 108]

[2026-01-19 14:56:07.101] [INFO   ] Successfully opened template: E-LAM-087.dwg
    Source: DraftSightHelper.cs -> OpenTemplate() [Line 109]

[2026-01-19 14:56:07.128] [DEBUG  ] Extracted properties from E-LAM-087: Contents='DI1-04', Colour='ORANGE WITH BLACK TEXT'
    Source: LamacoidIndex.cs -> ExtractPropertiesFromDwg() [Line 177]

[2026-01-19 14:56:07.128] [DEBUG  ] CloseDocument called for: E-LAM-087.dwg
    Source: DraftSightHelper.cs -> CloseDocument() [Line 198]

[2026-01-19 14:56:07.389] [INFO   ] Successfully closed document: E-LAM-087.dwg
    Source: DraftSightHelper.cs -> CloseDocument() [Line 205]

[2026-01-19 14:56:07.389] [DEBUG  ] Generating thumbnail for: Y:\Autocad\Template\~LAMACOIDS\Lams\E-LAM-087.pdf
    Source: ThumbnailGenerator.cs -> GenerateThumbnail() [Line 68]

[2026-01-19 14:56:07.389] [INFO   ] Creating placeholder thumbnail (PDF rendering disabled): C:\Users\dlebel\Downloads\LamCreator-main (1)\LamCreator-main\Lamacoid Creator\Lamacoid Creator\bin\Debug\Thumbnails\E-LAM-087.png
    Source: ThumbnailGenerator.cs -> GenerateThumbnail() [Line 72]

[2026-01-19 14:56:07.405] [DEBUG  ] OpenTemplate called for: Y:\Autocad\Template\~LAMACOIDS\Lams\E-LAM-088.dwg
    Source: DraftSightHelper.cs -> OpenTemplate() [Line 87]

[2026-01-19 14:56:07.924] [INFO   ] Performance: Opening document E-LAM-088.dwg completed in 509ms
    Source: DraftSightHelper.cs -> OpenTemplate() [Line 108]

[2026-01-19 14:56:07.924] [INFO   ] Successfully opened template: E-LAM-088.dwg
    Source: DraftSightHelper.cs -> OpenTemplate() [Line 109]

[2026-01-19 14:56:07.930] [DEBUG  ] Extracted properties from E-LAM-088: Contents='PLC1-01', Colour='ORANGE WITH BLACK TEXT'
    Source: LamacoidIndex.cs -> ExtractPropertiesFromDwg() [Line 177]

[2026-01-19 14:56:07.930] [DEBUG  ] CloseDocument called for: E-LAM-088.dwg
    Source: DraftSightHelper.cs -> CloseDocument() [Line 198]

[2026-01-19 14:56:08.206] [INFO   ] Successfully closed document: E-LAM-088.dwg
    Source: DraftSightHelper.cs -> CloseDocument() [Line 205]

[2026-01-19 14:56:08.209] [DEBUG  ] Generating thumbnail for: Y:\Autocad\Template\~LAMACOIDS\Lams\E-LAM-088.pdf
    Source: ThumbnailGenerator.cs -> GenerateThumbnail() [Line 68]

[2026-01-19 14:56:08.209] [INFO   ] Creating placeholder thumbnail (PDF rendering disabled): C:\Users\dlebel\Downloads\LamCreator-main (1)\LamCreator-main\Lamacoid Creator\Lamacoid Creator\bin\Debug\Thumbnails\E-LAM-088.png
    Source: ThumbnailGenerator.cs -> GenerateThumbnail() [Line 72]

[2026-01-19 14:56:08.223] [DEBUG  ] OpenTemplate called for: Y:\Autocad\Template\~LAMACOIDS\Lams\E-LAM-089.dwg
    Source: DraftSightHelper.cs -> OpenTemplate() [Line 87]

[2026-01-19 14:56:08.705] [INFO   ] Performance: Opening document E-LAM-089.dwg completed in 489ms
    Source: DraftSightHelper.cs -> OpenTemplate() [Line 108]

[2026-01-19 14:56:08.705] [INFO   ] Successfully opened template: E-LAM-089.dwg
    Source: DraftSightHelper.cs -> OpenTemplate() [Line 109]

[2026-01-19 14:56:08.723] [DEBUG  ] Extracted properties from E-LAM-089: Contents='PLC1-02', Colour='ORANGE WITH BLACK TEXT'
    Source: LamacoidIndex.cs -> ExtractPropertiesFromDwg() [Line 177]

[2026-01-19 14:56:08.723] [DEBUG  ] CloseDocument called for: E-LAM-089.dwg
    Source: DraftSightHelper.cs -> CloseDocument() [Line 198]

[2026-01-19 14:56:08.989] [INFO   ] Successfully closed document: E-LAM-089.dwg
    Source: DraftSightHelper.cs -> CloseDocument() [Line 205]

[2026-01-19 14:56:08.989] [DEBUG  ] Generating thumbnail for: Y:\Autocad\Template\~LAMACOIDS\Lams\E-LAM-089.pdf
    Source: ThumbnailGenerator.cs -> GenerateThumbnail() [Line 68]

[2026-01-19 14:56:08.989] [INFO   ] Creating placeholder thumbnail (PDF rendering disabled): C:\Users\dlebel\Downloads\LamCreator-main (1)\LamCreator-main\Lamacoid Creator\Lamacoid Creator\bin\Debug\Thumbnails\E-LAM-089.png
    Source: ThumbnailGenerator.cs -> GenerateThumbnail() [Line 72]

[2026-01-19 14:56:09.005] [DEBUG  ] OpenTemplate called for: Y:\Autocad\Template\~LAMACOIDS\Lams\E-LAM-090.dwg
    Source: DraftSightHelper.cs -> OpenTemplate() [Line 87]

[2026-01-19 14:56:09.523] [INFO   ] Performance: Opening document E-LAM-090.dwg completed in 519ms
    Source: DraftSightHelper.cs -> OpenTemplate() [Line 108]

[2026-01-19 14:56:09.523] [INFO   ] Successfully opened template: E-LAM-090.dwg
    Source: DraftSightHelper.cs -> OpenTemplate() [Line 109]

[2026-01-19 14:56:09.539] [DEBUG  ] Extracted properties from E-LAM-090: Contents='PLC1-03', Colour='ORANGE WITH BLACK TEXT'
    Source: LamacoidIndex.cs -> ExtractPropertiesFromDwg() [Line 177]

[2026-01-19 14:56:09.539] [DEBUG  ] CloseDocument called for: E-LAM-090.dwg
    Source: DraftSightHelper.cs -> CloseDocument() [Line 198]

[2026-01-19 14:56:09.807] [INFO   ] Successfully closed document: E-LAM-090.dwg
    Source: DraftSightHelper.cs -> CloseDocument() [Line 205]

[2026-01-19 14:56:09.811] [DEBUG  ] Generating thumbnail for: Y:\Autocad\Template\~LAMACOIDS\Lams\E-LAM-090.pdf
    Source: ThumbnailGenerator.cs -> GenerateThumbnail() [Line 68]

[2026-01-19 14:56:09.811] [INFO   ] Creating placeholder thumbnail (PDF rendering disabled): C:\Users\dlebel\Downloads\LamCreator-main (1)\LamCreator-main\Lamacoid Creator\Lamacoid Creator\bin\Debug\Thumbnails\E-LAM-090.png
    Source: ThumbnailGenerator.cs -> GenerateThumbnail() [Line 72]

[2026-01-19 14:56:09.826] [DEBUG  ] OpenTemplate called for: Y:\Autocad\Template\~LAMACOIDS\Lams\E-LAM-091.dwg
    Source: DraftSightHelper.cs -> OpenTemplate() [Line 87]

[2026-01-19 14:56:10.304] [INFO   ] Performance: Opening document E-LAM-091.dwg completed in 479ms
    Source: DraftSightHelper.cs -> OpenTemplate() [Line 108]

[2026-01-19 14:56:10.304] [INFO   ] Successfully opened template: E-LAM-091.dwg
    Source: DraftSightHelper.cs -> OpenTemplate() [Line 109]

[2026-01-19 14:56:10.304] [DEBUG  ] Extracted properties from E-LAM-091: Contents='PLC1-04', Colour='ORANGE WITH BLACK TEXT'
    Source: LamacoidIndex.cs -> ExtractPropertiesFromDwg() [Line 177]

[2026-01-19 14:56:10.304] [DEBUG  ] CloseDocument called for: E-LAM-091.dwg
    Source: DraftSightHelper.cs -> CloseDocument() [Line 198]

[2026-01-19 14:56:10.590] [INFO   ] Successfully closed document: E-LAM-091.dwg
    Source: DraftSightHelper.cs -> CloseDocument() [Line 205]

[2026-01-19 14:56:10.590] [DEBUG  ] Generating thumbnail for: Y:\Autocad\Template\~LAMACOIDS\Lams\E-LAM-091.pdf
    Source: ThumbnailGenerator.cs -> GenerateThumbnail() [Line 68]

[2026-01-19 14:56:10.590] [INFO   ] Creating placeholder thumbnail (PDF rendering disabled): C:\Users\dlebel\Downloads\LamCreator-main (1)\LamCreator-main\Lamacoid Creator\Lamacoid Creator\bin\Debug\Thumbnails\E-LAM-091.png
    Source: ThumbnailGenerator.cs -> GenerateThumbnail() [Line 72]

[2026-01-19 14:56:10.607] [DEBUG  ] OpenTemplate called for: Y:\Autocad\Template\~LAMACOIDS\Lams\E-LAM-092.dwg
    Source: DraftSightHelper.cs -> OpenTemplate() [Line 87]

[2026-01-19 14:56:11.112] [INFO   ] Performance: Opening document E-LAM-092.dwg completed in 490ms
    Source: DraftSightHelper.cs -> OpenTemplate() [Line 108]

[2026-01-19 14:56:11.112] [INFO   ] Successfully opened template: E-LAM-092.dwg
    Source: DraftSightHelper.cs -> OpenTemplate() [Line 109]

[2026-01-19 14:56:11.121] [DEBUG  ] Extracted properties from E-LAM-092: Contents='MS1-01', Colour='ORANGE WITH BLACK TEXT'
    Source: LamacoidIndex.cs -> ExtractPropertiesFromDwg() [Line 177]

[2026-01-19 14:56:11.121] [DEBUG  ] CloseDocument called for: E-LAM-092.dwg
    Source: DraftSightHelper.cs -> CloseDocument() [Line 198]

[2026-01-19 14:56:11.391] [INFO   ] Successfully closed document: E-LAM-092.dwg
    Source: DraftSightHelper.cs -> CloseDocument() [Line 205]

[2026-01-19 14:56:11.391] [DEBUG  ] Generating thumbnail for: Y:\Autocad\Template\~LAMACOIDS\Lams\E-LAM-092.pdf
    Source: ThumbnailGenerator.cs -> GenerateThumbnail() [Line 68]

[2026-01-19 14:56:11.391] [INFO   ] Creating placeholder thumbnail (PDF rendering disabled): C:\Users\dlebel\Downloads\LamCreator-main (1)\LamCreator-main\Lamacoid Creator\Lamacoid Creator\bin\Debug\Thumbnails\E-LAM-092.png
    Source: ThumbnailGenerator.cs -> GenerateThumbnail() [Line 72]

[2026-01-19 14:56:11.412] [DEBUG  ] OpenTemplate called for: Y:\Autocad\Template\~LAMACOIDS\Lams\E-LAM-093.dwg
    Source: DraftSightHelper.cs -> OpenTemplate() [Line 87]

[2026-01-19 14:56:11.915] [INFO   ] Performance: Opening document E-LAM-093.dwg completed in 508ms
    Source: DraftSightHelper.cs -> OpenTemplate() [Line 108]

[2026-01-19 14:56:11.915] [INFO   ] Successfully opened template: E-LAM-093.dwg
    Source: DraftSightHelper.cs -> OpenTemplate() [Line 109]

[2026-01-19 14:56:11.924] [DEBUG  ] Extracted properties from E-LAM-093: Contents='MS1-02', Colour='ORANGE WITH BLACK TEXT'
    Source: LamacoidIndex.cs -> ExtractPropertiesFromDwg() [Line 177]

[2026-01-19 14:56:11.924] [DEBUG  ] CloseDocument called for: E-LAM-093.dwg
    Source: DraftSightHelper.cs -> CloseDocument() [Line 198]

[2026-01-19 14:56:12.195] [INFO   ] Successfully closed document: E-LAM-093.dwg
    Source: DraftSightHelper.cs -> CloseDocument() [Line 205]

[2026-01-19 14:56:12.195] [DEBUG  ] Generating thumbnail for: Y:\Autocad\Template\~LAMACOIDS\Lams\E-LAM-093.pdf
    Source: ThumbnailGenerator.cs -> GenerateThumbnail() [Line 68]

[2026-01-19 14:56:12.195] [INFO   ] Creating placeholder thumbnail (PDF rendering disabled): C:\Users\dlebel\Downloads\LamCreator-main (1)\LamCreator-main\Lamacoid Creator\Lamacoid Creator\bin\Debug\Thumbnails\E-LAM-093.png
    Source: ThumbnailGenerator.cs -> GenerateThumbnail() [Line 72]

[2026-01-19 14:56:12.211] [DEBUG  ] OpenTemplate called for: Y:\Autocad\Template\~LAMACOIDS\Lams\E-LAM-094.dwg
    Source: DraftSightHelper.cs -> OpenTemplate() [Line 87]

[2026-01-19 14:56:12.705] [INFO   ] Performance: Opening document E-LAM-094.dwg completed in 486ms
    Source: DraftSightHelper.cs -> OpenTemplate() [Line 108]

[2026-01-19 14:56:12.705] [INFO   ] Successfully opened template: E-LAM-094.dwg
    Source: DraftSightHelper.cs -> OpenTemplate() [Line 109]

[2026-01-19 14:56:12.717] [DEBUG  ] Extracted properties from E-LAM-094: Contents='MS1-03', Colour='ORANGE WITH BLACK TEXT'
    Source: LamacoidIndex.cs -> ExtractPropertiesFromDwg() [Line 177]

[2026-01-19 14:56:12.717] [DEBUG  ] CloseDocument called for: E-LAM-094.dwg
    Source: DraftSightHelper.cs -> CloseDocument() [Line 198]

[2026-01-19 14:56:12.974] [INFO   ] Successfully closed document: E-LAM-094.dwg
    Source: DraftSightHelper.cs -> CloseDocument() [Line 205]

[2026-01-19 14:56:12.990] [DEBUG  ] Generating thumbnail for: Y:\Autocad\Template\~LAMACOIDS\Lams\E-LAM-094.pdf
    Source: ThumbnailGenerator.cs -> GenerateThumbnail() [Line 68]

[2026-01-19 14:56:12.990] [INFO   ] Creating placeholder thumbnail (PDF rendering disabled): C:\Users\dlebel\Downloads\LamCreator-main (1)\LamCreator-main\Lamacoid Creator\Lamacoid Creator\bin\Debug\Thumbnails\E-LAM-094.png
    Source: ThumbnailGenerator.cs -> GenerateThumbnail() [Line 72]

[2026-01-19 14:56:13.005] [DEBUG  ] OpenTemplate called for: Y:\Autocad\Template\~LAMACOIDS\Lams\E-LAM-095.dwg
    Source: DraftSightHelper.cs -> OpenTemplate() [Line 87]

[2026-01-19 14:56:13.500] [INFO   ] Performance: Opening document E-LAM-095.dwg completed in 494ms
    Source: DraftSightHelper.cs -> OpenTemplate() [Line 108]

[2026-01-19 14:56:13.500] [INFO   ] Successfully opened template: E-LAM-095.dwg
    Source: DraftSightHelper.cs -> OpenTemplate() [Line 109]

[2026-01-19 14:56:13.507] [DEBUG  ] Extracted properties from E-LAM-095: Contents='MS1-04', Colour='ORANGE WITH BLACK TEXT'
    Source: LamacoidIndex.cs -> ExtractPropertiesFromDwg() [Line 177]

[2026-01-19 14:56:13.507] [DEBUG  ] CloseDocument called for: E-LAM-095.dwg
    Source: DraftSightHelper.cs -> CloseDocument() [Line 198]

[2026-01-19 14:56:13.777] [INFO   ] Successfully closed document: E-LAM-095.dwg
    Source: DraftSightHelper.cs -> CloseDocument() [Line 205]

[2026-01-19 14:56:13.781] [DEBUG  ] Generating thumbnail for: Y:\Autocad\Template\~LAMACOIDS\Lams\E-LAM-095.pdf
    Source: ThumbnailGenerator.cs -> GenerateThumbnail() [Line 68]

[2026-01-19 14:56:13.781] [INFO   ] Creating placeholder thumbnail (PDF rendering disabled): C:\Users\dlebel\Downloads\LamCreator-main (1)\LamCreator-main\Lamacoid Creator\Lamacoid Creator\bin\Debug\Thumbnails\E-LAM-095.png
    Source: ThumbnailGenerator.cs -> GenerateThumbnail() [Line 72]

[2026-01-19 14:56:13.796] [DEBUG  ] OpenTemplate called for: Y:\Autocad\Template\~LAMACOIDS\Lams\E-LAM-096.dwg
    Source: DraftSightHelper.cs -> OpenTemplate() [Line 87]

[2026-01-19 14:56:14.293] [INFO   ] Performance: Opening document E-LAM-096.dwg completed in 493ms
    Source: DraftSightHelper.cs -> OpenTemplate() [Line 108]

[2026-01-19 14:56:14.293] [INFO   ] Successfully opened template: E-LAM-096.dwg
    Source: DraftSightHelper.cs -> OpenTemplate() [Line 109]

[2026-01-19 14:56:14.296] [DEBUG  ] Extracted properties from E-LAM-096: Contents='NS4-01', Colour='ORANGE WITH BLACK TEXT'
    Source: LamacoidIndex.cs -> ExtractPropertiesFromDwg() [Line 177]

[2026-01-19 14:56:14.296] [DEBUG  ] CloseDocument called for: E-LAM-096.dwg
    Source: DraftSightHelper.cs -> CloseDocument() [Line 198]

[2026-01-19 14:56:14.579] [INFO   ] Successfully closed document: E-LAM-096.dwg
    Source: DraftSightHelper.cs -> CloseDocument() [Line 205]

[2026-01-19 14:56:14.583] [DEBUG  ] Generating thumbnail for: Y:\Autocad\Template\~LAMACOIDS\Lams\E-LAM-096.pdf
    Source: ThumbnailGenerator.cs -> GenerateThumbnail() [Line 68]

[2026-01-19 14:56:14.584] [INFO   ] Creating placeholder thumbnail (PDF rendering disabled): C:\Users\dlebel\Downloads\LamCreator-main (1)\LamCreator-main\Lamacoid Creator\Lamacoid Creator\bin\Debug\Thumbnails\E-LAM-096.png
    Source: ThumbnailGenerator.cs -> GenerateThumbnail() [Line 72]

[2026-01-19 14:56:14.599] [DEBUG  ] OpenTemplate called for: Y:\Autocad\Template\~LAMACOIDS\Lams\E-LAM-097.dwg
    Source: DraftSightHelper.cs -> OpenTemplate() [Line 87]

[2026-01-19 14:56:15.093] [INFO   ] Performance: Opening document E-LAM-097.dwg completed in 493ms
    Source: DraftSightHelper.cs -> OpenTemplate() [Line 108]

[2026-01-19 14:56:15.093] [INFO   ] Successfully opened template: E-LAM-097.dwg
    Source: DraftSightHelper.cs -> OpenTemplate() [Line 109]

[2026-01-19 14:56:15.105] [DEBUG  ] Extracted properties from E-LAM-097: Contents='NS4-02', Colour='ORANGE WITH BLACK TEXT'
    Source: LamacoidIndex.cs -> ExtractPropertiesFromDwg() [Line 177]

[2026-01-19 14:56:15.106] [DEBUG  ] CloseDocument called for: E-LAM-097.dwg
    Source: DraftSightHelper.cs -> CloseDocument() [Line 198]

[2026-01-19 14:56:15.380] [INFO   ] Successfully closed document: E-LAM-097.dwg
    Source: DraftSightHelper.cs -> CloseDocument() [Line 205]

[2026-01-19 14:56:15.382] [DEBUG  ] Generating thumbnail for: Y:\Autocad\Template\~LAMACOIDS\Lams\E-LAM-097.pdf
    Source: ThumbnailGenerator.cs -> GenerateThumbnail() [Line 68]

[2026-01-19 14:56:15.382] [INFO   ] Creating placeholder thumbnail (PDF rendering disabled): C:\Users\dlebel\Downloads\LamCreator-main (1)\LamCreator-main\Lamacoid Creator\Lamacoid Creator\bin\Debug\Thumbnails\E-LAM-097.png
    Source: ThumbnailGenerator.cs -> GenerateThumbnail() [Line 72]

[2026-01-19 14:56:15.398] [DEBUG  ] OpenTemplate called for: Y:\Autocad\Template\~LAMACOIDS\Lams\E-LAM-098.dwg
    Source: DraftSightHelper.cs -> OpenTemplate() [Line 87]

[2026-01-19 14:56:15.897] [INFO   ] Performance: Opening document E-LAM-098.dwg completed in 494ms
    Source: DraftSightHelper.cs -> OpenTemplate() [Line 108]

[2026-01-19 14:56:15.898] [INFO   ] Successfully opened template: E-LAM-098.dwg
    Source: DraftSightHelper.cs -> OpenTemplate() [Line 109]

[2026-01-19 14:56:15.905] [DEBUG  ] Extracted properties from E-LAM-098: Contents='NS4-03', Colour='ORANGE WITH BLACK TEXT'
    Source: LamacoidIndex.cs -> ExtractPropertiesFromDwg() [Line 177]

[2026-01-19 14:56:15.905] [DEBUG  ] CloseDocument called for: E-LAM-098.dwg
    Source: DraftSightHelper.cs -> CloseDocument() [Line 198]

[2026-01-19 14:56:16.174] [INFO   ] Successfully closed document: E-LAM-098.dwg
    Source: DraftSightHelper.cs -> CloseDocument() [Line 205]

[2026-01-19 14:56:16.178] [DEBUG  ] Generating thumbnail for: Y:\Autocad\Template\~LAMACOIDS\Lams\E-LAM-098.pdf
    Source: ThumbnailGenerator.cs -> GenerateThumbnail() [Line 68]

[2026-01-19 14:56:16.178] [INFO   ] Creating placeholder thumbnail (PDF rendering disabled): C:\Users\dlebel\Downloads\LamCreator-main (1)\LamCreator-main\Lamacoid Creator\Lamacoid Creator\bin\Debug\Thumbnails\E-LAM-098.png
    Source: ThumbnailGenerator.cs -> GenerateThumbnail() [Line 72]

[2026-01-19 14:56:16.194] [DEBUG  ] OpenTemplate called for: Y:\Autocad\Template\~LAMACOIDS\Lams\E-LAM-099.dwg
    Source: DraftSightHelper.cs -> OpenTemplate() [Line 87]

[2026-01-19 14:56:16.679] [INFO   ] Performance: Opening document E-LAM-099.dwg completed in 495ms
    Source: DraftSightHelper.cs -> OpenTemplate() [Line 108]

[2026-01-19 14:56:16.679] [INFO   ] Successfully opened template: E-LAM-099.dwg
    Source: DraftSightHelper.cs -> OpenTemplate() [Line 109]

[2026-01-19 14:56:16.695] [DEBUG  ] Extracted properties from E-LAM-099: Contents='NS4-04', Colour='ORANGE WITH BLACK TEXT'
    Source: LamacoidIndex.cs -> ExtractPropertiesFromDwg() [Line 177]

[2026-01-19 14:56:16.695] [DEBUG  ] CloseDocument called for: E-LAM-099.dwg
    Source: DraftSightHelper.cs -> CloseDocument() [Line 198]

[2026-01-19 14:56:16.971] [INFO   ] Successfully closed document: E-LAM-099.dwg
    Source: DraftSightHelper.cs -> CloseDocument() [Line 205]

[2026-01-19 14:56:16.971] [DEBUG  ] Generating thumbnail for: Y:\Autocad\Template\~LAMACOIDS\Lams\E-LAM-099.pdf
    Source: ThumbnailGenerator.cs -> GenerateThumbnail() [Line 68]

[2026-01-19 14:56:16.971] [INFO   ] Creating placeholder thumbnail (PDF rendering disabled): C:\Users\dlebel\Downloads\LamCreator-main (1)\LamCreator-main\Lamacoid Creator\Lamacoid Creator\bin\Debug\Thumbnails\E-LAM-099.png
    Source: ThumbnailGenerator.cs -> GenerateThumbnail() [Line 72]

[2026-01-19 14:56:16.987] [DEBUG  ] OpenTemplate called for: Y:\Autocad\Template\~LAMACOIDS\Lams\E-LAM-100.dwg
    Source: DraftSightHelper.cs -> OpenTemplate() [Line 87]

[2026-01-19 14:56:17.521] [INFO   ] Performance: Opening document E-LAM-100.dwg completed in 527ms
    Source: DraftSightHelper.cs -> OpenTemplate() [Line 108]

[2026-01-19 14:56:17.521] [INFO   ] Successfully opened template: E-LAM-100.dwg
    Source: DraftSightHelper.cs -> OpenTemplate() [Line 109]

[2026-01-19 14:56:17.526] [DEBUG  ] Extracted properties from E-LAM-100: Contents='MS2-01', Colour='ORANGE WITH BLACK TEXT'
    Source: LamacoidIndex.cs -> ExtractPropertiesFromDwg() [Line 177]

[2026-01-19 14:56:17.526] [DEBUG  ] CloseDocument called for: E-LAM-100.dwg
    Source: DraftSightHelper.cs -> CloseDocument() [Line 198]

[2026-01-19 14:56:17.798] [INFO   ] Successfully closed document: E-LAM-100.dwg
    Source: DraftSightHelper.cs -> CloseDocument() [Line 205]

[2026-01-19 14:56:17.798] [DEBUG  ] Generating thumbnail for: Y:\Autocad\Template\~LAMACOIDS\Lams\E-LAM-100.pdf
    Source: ThumbnailGenerator.cs -> GenerateThumbnail() [Line 68]

[2026-01-19 14:56:17.798] [INFO   ] Creating placeholder thumbnail (PDF rendering disabled): C:\Users\dlebel\Downloads\LamCreator-main (1)\LamCreator-main\Lamacoid Creator\Lamacoid Creator\bin\Debug\Thumbnails\E-LAM-100.png
    Source: ThumbnailGenerator.cs -> GenerateThumbnail() [Line 72]

[2026-01-19 14:56:17.821] [DEBUG  ] OpenTemplate called for: Y:\Autocad\Template\~LAMACOIDS\Lams\E-LAM-101.dwg
    Source: DraftSightHelper.cs -> OpenTemplate() [Line 87]

[2026-01-19 14:56:18.313] [INFO   ] Performance: Opening document E-LAM-101.dwg completed in 492ms
    Source: DraftSightHelper.cs -> OpenTemplate() [Line 108]

[2026-01-19 14:56:18.313] [INFO   ] Successfully opened template: E-LAM-101.dwg
    Source: DraftSightHelper.cs -> OpenTemplate() [Line 109]

[2026-01-19 14:56:18.322] [DEBUG  ] Extracted properties from E-LAM-101: Contents='MS2-02', Colour='ORANGE WITH BLACK TEXT'
    Source: LamacoidIndex.cs -> ExtractPropertiesFromDwg() [Line 177]

[2026-01-19 14:56:18.322] [DEBUG  ] CloseDocument called for: E-LAM-101.dwg
    Source: DraftSightHelper.cs -> CloseDocument() [Line 198]

[2026-01-19 14:56:18.598] [INFO   ] Successfully closed document: E-LAM-101.dwg
    Source: DraftSightHelper.cs -> CloseDocument() [Line 205]

[2026-01-19 14:56:18.602] [DEBUG  ] Generating thumbnail for: Y:\Autocad\Template\~LAMACOIDS\Lams\E-LAM-101.pdf
    Source: ThumbnailGenerator.cs -> GenerateThumbnail() [Line 68]

[2026-01-19 14:56:18.602] [INFO   ] Creating placeholder thumbnail (PDF rendering disabled): C:\Users\dlebel\Downloads\LamCreator-main (1)\LamCreator-main\Lamacoid Creator\Lamacoid Creator\bin\Debug\Thumbnails\E-LAM-101.png
    Source: ThumbnailGenerator.cs -> GenerateThumbnail() [Line 72]

[2026-01-19 14:56:18.620] [DEBUG  ] OpenTemplate called for: Y:\Autocad\Template\~LAMACOIDS\Lams\E-LAM-102.dwg
    Source: DraftSightHelper.cs -> OpenTemplate() [Line 87]

[2026-01-19 14:56:19.106] [INFO   ] Performance: Opening document E-LAM-102.dwg completed in 490ms
    Source: DraftSightHelper.cs -> OpenTemplate() [Line 108]

[2026-01-19 14:56:19.106] [INFO   ] Successfully opened template: E-LAM-102.dwg
    Source: DraftSightHelper.cs -> OpenTemplate() [Line 109]

[2026-01-19 14:56:19.114] [DEBUG  ] Extracted properties from E-LAM-102: Contents='MS2-03', Colour='ORANGE WITH BLACK TEXT'
    Source: LamacoidIndex.cs -> ExtractPropertiesFromDwg() [Line 177]

[2026-01-19 14:56:19.114] [DEBUG  ] CloseDocument called for: E-LAM-102.dwg
    Source: DraftSightHelper.cs -> CloseDocument() [Line 198]

[2026-01-19 14:56:19.388] [INFO   ] Successfully closed document: E-LAM-102.dwg
    Source: DraftSightHelper.cs -> CloseDocument() [Line 205]

[2026-01-19 14:56:19.392] [DEBUG  ] Generating thumbnail for: Y:\Autocad\Template\~LAMACOIDS\Lams\E-LAM-102.pdf
    Source: ThumbnailGenerator.cs -> GenerateThumbnail() [Line 68]

[2026-01-19 14:56:19.392] [INFO   ] Creating placeholder thumbnail (PDF rendering disabled): C:\Users\dlebel\Downloads\LamCreator-main (1)\LamCreator-main\Lamacoid Creator\Lamacoid Creator\bin\Debug\Thumbnails\E-LAM-102.png
    Source: ThumbnailGenerator.cs -> GenerateThumbnail() [Line 72]

[2026-01-19 14:56:19.408] [DEBUG  ] OpenTemplate called for: Y:\Autocad\Template\~LAMACOIDS\Lams\E-LAM-103.dwg
    Source: DraftSightHelper.cs -> OpenTemplate() [Line 87]

[2026-01-19 14:56:19.925] [INFO   ] Performance: Opening document E-LAM-103.dwg completed in 515ms
    Source: DraftSightHelper.cs -> OpenTemplate() [Line 108]

[2026-01-19 14:56:19.925] [INFO   ] Successfully opened template: E-LAM-103.dwg
    Source: DraftSightHelper.cs -> OpenTemplate() [Line 109]

[2026-01-19 14:56:19.938] [DEBUG  ] Extracted properties from E-LAM-103: Contents='MS2-04', Colour='ORANGE WITH BLACK TEXT'
    Source: LamacoidIndex.cs -> ExtractPropertiesFromDwg() [Line 177]

[2026-01-19 14:56:19.938] [DEBUG  ] CloseDocument called for: E-LAM-103.dwg
    Source: DraftSightHelper.cs -> CloseDocument() [Line 198]

[2026-01-19 14:56:20.209] [INFO   ] Successfully closed document: E-LAM-103.dwg
    Source: DraftSightHelper.cs -> CloseDocument() [Line 205]

[2026-01-19 14:56:20.211] [DEBUG  ] Generating thumbnail for: Y:\Autocad\Template\~LAMACOIDS\Lams\E-LAM-103.pdf
    Source: ThumbnailGenerator.cs -> GenerateThumbnail() [Line 68]

[2026-01-19 14:56:20.211] [INFO   ] Creating placeholder thumbnail (PDF rendering disabled): C:\Users\dlebel\Downloads\LamCreator-main (1)\LamCreator-main\Lamacoid Creator\Lamacoid Creator\bin\Debug\Thumbnails\E-LAM-103.png
    Source: ThumbnailGenerator.cs -> GenerateThumbnail() [Line 72]

[2026-01-19 14:56:20.230] [DEBUG  ] OpenTemplate called for: Y:\Autocad\Template\~LAMACOIDS\Lams\E-LAM-104.dwg
    Source: DraftSightHelper.cs -> OpenTemplate() [Line 87]

[2026-01-19 14:56:20.743] [INFO   ] Performance: Opening document E-LAM-104.dwg completed in 521ms
    Source: DraftSightHelper.cs -> OpenTemplate() [Line 108]

[2026-01-19 14:56:20.753] [INFO   ] Successfully opened template: E-LAM-104.dwg
    Source: DraftSightHelper.cs -> OpenTemplate() [Line 109]

[2026-01-19 14:56:20.755] [DEBUG  ] Extracted properties from E-LAM-104: Contents='OL3-01', Colour='ORANGE WITH BLACK TEXT'
    Source: LamacoidIndex.cs -> ExtractPropertiesFromDwg() [Line 177]

[2026-01-19 14:56:20.755] [DEBUG  ] CloseDocument called for: E-LAM-104.dwg
    Source: DraftSightHelper.cs -> CloseDocument() [Line 198]

[2026-01-19 14:56:21.032] [INFO   ] Successfully closed document: E-LAM-104.dwg
    Source: DraftSightHelper.cs -> CloseDocument() [Line 205]

[2026-01-19 14:56:21.036] [DEBUG  ] Generating thumbnail for: Y:\Autocad\Template\~LAMACOIDS\Lams\E-LAM-104.pdf
    Source: ThumbnailGenerator.cs -> GenerateThumbnail() [Line 68]

[2026-01-19 14:56:21.036] [INFO   ] Creating placeholder thumbnail (PDF rendering disabled): C:\Users\dlebel\Downloads\LamCreator-main (1)\LamCreator-main\Lamacoid Creator\Lamacoid Creator\bin\Debug\Thumbnails\E-LAM-104.png
    Source: ThumbnailGenerator.cs -> GenerateThumbnail() [Line 72]

[2026-01-19 14:56:21.054] [DEBUG  ] OpenTemplate called for: Y:\Autocad\Template\~LAMACOIDS\Lams\E-LAM-105.dwg
    Source: DraftSightHelper.cs -> OpenTemplate() [Line 87]

[2026-01-19 14:56:21.571] [INFO   ] Performance: Opening document E-LAM-105.dwg completed in 516ms
    Source: DraftSightHelper.cs -> OpenTemplate() [Line 108]

[2026-01-19 14:56:21.571] [INFO   ] Successfully opened template: E-LAM-105.dwg
    Source: DraftSightHelper.cs -> OpenTemplate() [Line 109]

[2026-01-19 14:56:21.580] [DEBUG  ] Extracted properties from E-LAM-105: Contents='OL3-02', Colour='ORANGE WITH BLACK TEXT'
    Source: LamacoidIndex.cs -> ExtractPropertiesFromDwg() [Line 177]

[2026-01-19 14:56:21.580] [DEBUG  ] CloseDocument called for: E-LAM-105.dwg
    Source: DraftSightHelper.cs -> CloseDocument() [Line 198]

[2026-01-19 14:56:21.837] [INFO   ] Successfully closed document: E-LAM-105.dwg
    Source: DraftSightHelper.cs -> CloseDocument() [Line 205]

[2026-01-19 14:56:21.837] [DEBUG  ] Generating thumbnail for: Y:\Autocad\Template\~LAMACOIDS\Lams\E-LAM-105.pdf
    Source: ThumbnailGenerator.cs -> GenerateThumbnail() [Line 68]

[2026-01-19 14:56:21.837] [INFO   ] Creating placeholder thumbnail (PDF rendering disabled): C:\Users\dlebel\Downloads\LamCreator-main (1)\LamCreator-main\Lamacoid Creator\Lamacoid Creator\bin\Debug\Thumbnails\E-LAM-105.png
    Source: ThumbnailGenerator.cs -> GenerateThumbnail() [Line 72]

[2026-01-19 14:56:21.858] [DEBUG  ] OpenTemplate called for: Y:\Autocad\Template\~LAMACOIDS\Lams\E-LAM-106.dwg
    Source: DraftSightHelper.cs -> OpenTemplate() [Line 87]

[2026-01-19 14:56:22.355] [INFO   ] Performance: Opening document E-LAM-106.dwg completed in 487ms
    Source: DraftSightHelper.cs -> OpenTemplate() [Line 108]

[2026-01-19 14:56:22.355] [INFO   ] Successfully opened template: E-LAM-106.dwg
    Source: DraftSightHelper.cs -> OpenTemplate() [Line 109]

[2026-01-19 14:56:22.364] [DEBUG  ] Extracted properties from E-LAM-106: Contents='OL3-03', Colour='ORANGE WITH BLACK TEXT'
    Source: LamacoidIndex.cs -> ExtractPropertiesFromDwg() [Line 177]

[2026-01-19 14:56:22.364] [DEBUG  ] CloseDocument called for: E-LAM-106.dwg
    Source: DraftSightHelper.cs -> CloseDocument() [Line 198]

[2026-01-19 14:56:22.643] [INFO   ] Successfully closed document: E-LAM-106.dwg
    Source: DraftSightHelper.cs -> CloseDocument() [Line 205]

[2026-01-19 14:56:22.643] [DEBUG  ] Generating thumbnail for: Y:\Autocad\Template\~LAMACOIDS\Lams\E-LAM-106.pdf
    Source: ThumbnailGenerator.cs -> GenerateThumbnail() [Line 68]

[2026-01-19 14:56:22.643] [INFO   ] Creating placeholder thumbnail (PDF rendering disabled): C:\Users\dlebel\Downloads\LamCreator-main (1)\LamCreator-main\Lamacoid Creator\Lamacoid Creator\bin\Debug\Thumbnails\E-LAM-106.png
    Source: ThumbnailGenerator.cs -> GenerateThumbnail() [Line 72]

[2026-01-19 14:56:22.665] [DEBUG  ] OpenTemplate called for: Y:\Autocad\Template\~LAMACOIDS\Lams\E-LAM-107.dwg
    Source: DraftSightHelper.cs -> OpenTemplate() [Line 87]

[2026-01-19 14:56:23.168] [INFO   ] Performance: Opening document E-LAM-107.dwg completed in 500ms
    Source: DraftSightHelper.cs -> OpenTemplate() [Line 108]

[2026-01-19 14:56:23.169] [INFO   ] Successfully opened template: E-LAM-107.dwg
    Source: DraftSightHelper.cs -> OpenTemplate() [Line 109]

[2026-01-19 14:56:23.178] [DEBUG  ] Extracted properties from E-LAM-107: Contents='OL3-04', Colour='ORANGE WITH BLACK TEXT'
    Source: LamacoidIndex.cs -> ExtractPropertiesFromDwg() [Line 177]

[2026-01-19 14:56:23.178] [DEBUG  ] CloseDocument called for: E-LAM-107.dwg
    Source: DraftSightHelper.cs -> CloseDocument() [Line 198]

[2026-01-19 14:56:23.459] [INFO   ] Successfully closed document: E-LAM-107.dwg
    Source: DraftSightHelper.cs -> CloseDocument() [Line 205]

[2026-01-19 14:56:23.467] [DEBUG  ] Generating thumbnail for: Y:\Autocad\Template\~LAMACOIDS\Lams\E-LAM-107.pdf
    Source: ThumbnailGenerator.cs -> GenerateThumbnail() [Line 68]

[2026-01-19 14:56:23.467] [INFO   ] Creating placeholder thumbnail (PDF rendering disabled): C:\Users\dlebel\Downloads\LamCreator-main (1)\LamCreator-main\Lamacoid Creator\Lamacoid Creator\bin\Debug\Thumbnails\E-LAM-107.png
    Source: ThumbnailGenerator.cs -> GenerateThumbnail() [Line 72]

[2026-01-19 14:56:23.485] [DEBUG  ] OpenTemplate called for: Y:\Autocad\Template\~LAMACOIDS\Lams\E-LAM-108.dwg
    Source: DraftSightHelper.cs -> OpenTemplate() [Line 87]

[2026-01-19 14:56:24.017] [INFO   ] Performance: Opening document E-LAM-108.dwg completed in 531ms
    Source: DraftSightHelper.cs -> OpenTemplate() [Line 108]

[2026-01-19 14:56:24.017] [INFO   ] Successfully opened template: E-LAM-108.dwg
    Source: DraftSightHelper.cs -> OpenTemplate() [Line 109]

[2026-01-19 14:56:24.026] [DEBUG  ] Extracted properties from E-LAM-108: Contents='AO1-01', Colour='ORANGE WITH BLACK TEXT'
    Source: LamacoidIndex.cs -> ExtractPropertiesFromDwg() [Line 177]

[2026-01-19 14:56:24.026] [DEBUG  ] CloseDocument called for: E-LAM-108.dwg
    Source: DraftSightHelper.cs -> CloseDocument() [Line 198]

[2026-01-19 14:56:24.288] [INFO   ] Successfully closed document: E-LAM-108.dwg
    Source: DraftSightHelper.cs -> CloseDocument() [Line 205]

[2026-01-19 14:56:24.288] [DEBUG  ] Generating thumbnail for: Y:\Autocad\Template\~LAMACOIDS\Lams\E-LAM-108.pdf
    Source: ThumbnailGenerator.cs -> GenerateThumbnail() [Line 68]

[2026-01-19 14:56:24.288] [INFO   ] Creating placeholder thumbnail (PDF rendering disabled): C:\Users\dlebel\Downloads\LamCreator-main (1)\LamCreator-main\Lamacoid Creator\Lamacoid Creator\bin\Debug\Thumbnails\E-LAM-108.png
    Source: ThumbnailGenerator.cs -> GenerateThumbnail() [Line 72]

[2026-01-19 14:56:24.319] [DEBUG  ] OpenTemplate called for: Y:\Autocad\Template\~LAMACOIDS\Lams\E-LAM-109.dwg
    Source: DraftSightHelper.cs -> OpenTemplate() [Line 87]

[2026-01-19 14:56:24.806] [INFO   ] Performance: Opening document E-LAM-109.dwg completed in 490ms
    Source: DraftSightHelper.cs -> OpenTemplate() [Line 108]

[2026-01-19 14:56:24.806] [INFO   ] Successfully opened template: E-LAM-109.dwg
    Source: DraftSightHelper.cs -> OpenTemplate() [Line 109]

[2026-01-19 14:56:24.814] [DEBUG  ] Extracted properties from E-LAM-109: Contents='AO1-02', Colour='ORANGE WITH BLACK TEXT'
    Source: LamacoidIndex.cs -> ExtractPropertiesFromDwg() [Line 177]

[2026-01-19 14:56:24.814] [DEBUG  ] CloseDocument called for: E-LAM-109.dwg
    Source: DraftSightHelper.cs -> CloseDocument() [Line 198]

[2026-01-19 14:56:25.088] [INFO   ] Successfully closed document: E-LAM-109.dwg
    Source: DraftSightHelper.cs -> CloseDocument() [Line 205]

[2026-01-19 14:56:25.092] [DEBUG  ] Generating thumbnail for: Y:\Autocad\Template\~LAMACOIDS\Lams\E-LAM-109.pdf
    Source: ThumbnailGenerator.cs -> GenerateThumbnail() [Line 68]

[2026-01-19 14:56:25.093] [INFO   ] Creating placeholder thumbnail (PDF rendering disabled): C:\Users\dlebel\Downloads\LamCreator-main (1)\LamCreator-main\Lamacoid Creator\Lamacoid Creator\bin\Debug\Thumbnails\E-LAM-109.png
    Source: ThumbnailGenerator.cs -> GenerateThumbnail() [Line 72]

[2026-01-19 14:56:25.104] [DEBUG  ] OpenTemplate called for: Y:\Autocad\Template\~LAMACOIDS\Lams\E-LAM-110.dwg
    Source: DraftSightHelper.cs -> OpenTemplate() [Line 87]

[2026-01-19 14:56:25.598] [INFO   ] Performance: Opening document E-LAM-110.dwg completed in 490ms
    Source: DraftSightHelper.cs -> OpenTemplate() [Line 108]

[2026-01-19 14:56:25.599] [INFO   ] Successfully opened template: E-LAM-110.dwg
    Source: DraftSightHelper.cs -> OpenTemplate() [Line 109]

[2026-01-19 14:56:25.608] [DEBUG  ] Extracted properties from E-LAM-110: Contents='AO1-03', Colour='ORANGE WITH BLACK TEXT'
    Source: LamacoidIndex.cs -> ExtractPropertiesFromDwg() [Line 177]

[2026-01-19 14:56:25.608] [DEBUG  ] CloseDocument called for: E-LAM-110.dwg
    Source: DraftSightHelper.cs -> CloseDocument() [Line 198]

[2026-01-19 14:56:25.875] [INFO   ] Successfully closed document: E-LAM-110.dwg
    Source: DraftSightHelper.cs -> CloseDocument() [Line 205]

[2026-01-19 14:56:25.879] [DEBUG  ] Generating thumbnail for: Y:\Autocad\Template\~LAMACOIDS\Lams\E-LAM-110.pdf
    Source: ThumbnailGenerator.cs -> GenerateThumbnail() [Line 68]

[2026-01-19 14:56:25.879] [INFO   ] Creating placeholder thumbnail (PDF rendering disabled): C:\Users\dlebel\Downloads\LamCreator-main (1)\LamCreator-main\Lamacoid Creator\Lamacoid Creator\bin\Debug\Thumbnails\E-LAM-110.png
    Source: ThumbnailGenerator.cs -> GenerateThumbnail() [Line 72]

[2026-01-19 14:56:25.902] [DEBUG  ] OpenTemplate called for: Y:\Autocad\Template\~LAMACOIDS\Lams\E-LAM-111.dwg
    Source: DraftSightHelper.cs -> OpenTemplate() [Line 87]

[2026-01-19 14:56:26.388] [INFO   ] Performance: Opening document E-LAM-111.dwg completed in 491ms
    Source: DraftSightHelper.cs -> OpenTemplate() [Line 108]

[2026-01-19 14:56:26.388] [INFO   ] Successfully opened template: E-LAM-111.dwg
    Source: DraftSightHelper.cs -> OpenTemplate() [Line 109]

[2026-01-19 14:56:26.397] [DEBUG  ] Extracted properties from E-LAM-111: Contents='AO1-04', Colour='ORANGE WITH BLACK TEXT'
    Source: LamacoidIndex.cs -> ExtractPropertiesFromDwg() [Line 177]

[2026-01-19 14:56:26.397] [DEBUG  ] CloseDocument called for: E-LAM-111.dwg
    Source: DraftSightHelper.cs -> CloseDocument() [Line 198]

[2026-01-19 14:56:26.670] [INFO   ] Successfully closed document: E-LAM-111.dwg
    Source: DraftSightHelper.cs -> CloseDocument() [Line 205]

[2026-01-19 14:56:26.670] [DEBUG  ] Generating thumbnail for: Y:\Autocad\Template\~LAMACOIDS\Lams\E-LAM-111.pdf
    Source: ThumbnailGenerator.cs -> GenerateThumbnail() [Line 68]

[2026-01-19 14:56:26.670] [INFO   ] Creating placeholder thumbnail (PDF rendering disabled): C:\Users\dlebel\Downloads\LamCreator-main (1)\LamCreator-main\Lamacoid Creator\Lamacoid Creator\bin\Debug\Thumbnails\E-LAM-111.png
    Source: ThumbnailGenerator.cs -> GenerateThumbnail() [Line 72]

[2026-01-19 14:56:26.695] [DEBUG  ] OpenTemplate called for: Y:\Autocad\Template\~LAMACOIDS\Lams\E-LAM-112.dwg
    Source: DraftSightHelper.cs -> OpenTemplate() [Line 87]

[2026-01-19 14:56:27.182] [INFO   ] Performance: Opening document E-LAM-112.dwg completed in 481ms
    Source: DraftSightHelper.cs -> OpenTemplate() [Line 108]

[2026-01-19 14:56:27.182] [INFO   ] Successfully opened template: E-LAM-112.dwg
    Source: DraftSightHelper.cs -> OpenTemplate() [Line 109]

[2026-01-19 14:56:27.188] [DEBUG  ] Extracted properties from E-LAM-112: Contents='DI2-01', Colour='ORANGE WITH BLACK TEXT'
    Source: LamacoidIndex.cs -> ExtractPropertiesFromDwg() [Line 177]

[2026-01-19 14:56:27.188] [DEBUG  ] CloseDocument called for: E-LAM-112.dwg
    Source: DraftSightHelper.cs -> CloseDocument() [Line 198]

[2026-01-19 14:56:27.444] [INFO   ] Successfully closed document: E-LAM-112.dwg
    Source: DraftSightHelper.cs -> CloseDocument() [Line 205]

[2026-01-19 14:56:27.461] [DEBUG  ] Generating thumbnail for: Y:\Autocad\Template\~LAMACOIDS\Lams\E-LAM-112.pdf
    Source: ThumbnailGenerator.cs -> GenerateThumbnail() [Line 68]

[2026-01-19 14:56:27.461] [INFO   ] Creating placeholder thumbnail (PDF rendering disabled): C:\Users\dlebel\Downloads\LamCreator-main (1)\LamCreator-main\Lamacoid Creator\Lamacoid Creator\bin\Debug\Thumbnails\E-LAM-112.png
    Source: ThumbnailGenerator.cs -> GenerateThumbnail() [Line 72]

[2026-01-19 14:56:27.476] [DEBUG  ] OpenTemplate called for: Y:\Autocad\Template\~LAMACOIDS\Lams\E-LAM-113.dwg
    Source: DraftSightHelper.cs -> OpenTemplate() [Line 87]

[2026-01-19 14:56:27.971] [INFO   ] Performance: Opening document E-LAM-113.dwg completed in 487ms
    Source: DraftSightHelper.cs -> OpenTemplate() [Line 108]

[2026-01-19 14:56:27.972] [INFO   ] Successfully opened template: E-LAM-113.dwg
    Source: DraftSightHelper.cs -> OpenTemplate() [Line 109]

[2026-01-19 14:56:27.984] [DEBUG  ] Extracted properties from E-LAM-113: Contents='DI2-02', Colour='ORANGE WITH BLACK TEXT'
    Source: LamacoidIndex.cs -> ExtractPropertiesFromDwg() [Line 177]

[2026-01-19 14:56:27.984] [DEBUG  ] CloseDocument called for: E-LAM-113.dwg
    Source: DraftSightHelper.cs -> CloseDocument() [Line 198]

[2026-01-19 14:56:28.256] [INFO   ] Successfully closed document: E-LAM-113.dwg
    Source: DraftSightHelper.cs -> CloseDocument() [Line 205]

[2026-01-19 14:56:28.260] [DEBUG  ] Generating thumbnail for: Y:\Autocad\Template\~LAMACOIDS\Lams\E-LAM-113.pdf
    Source: ThumbnailGenerator.cs -> GenerateThumbnail() [Line 68]

[2026-01-19 14:56:28.260] [INFO   ] Creating placeholder thumbnail (PDF rendering disabled): C:\Users\dlebel\Downloads\LamCreator-main (1)\LamCreator-main\Lamacoid Creator\Lamacoid Creator\bin\Debug\Thumbnails\E-LAM-113.png
    Source: ThumbnailGenerator.cs -> GenerateThumbnail() [Line 72]

[2026-01-19 14:56:28.278] [DEBUG  ] OpenTemplate called for: Y:\Autocad\Template\~LAMACOIDS\Lams\E-LAM-114.dwg
    Source: DraftSightHelper.cs -> OpenTemplate() [Line 87]

[2026-01-19 14:56:28.754] [INFO   ] Performance: Opening document E-LAM-114.dwg completed in 486ms
    Source: DraftSightHelper.cs -> OpenTemplate() [Line 108]

[2026-01-19 14:56:28.754] [INFO   ] Successfully opened template: E-LAM-114.dwg
    Source: DraftSightHelper.cs -> OpenTemplate() [Line 109]

[2026-01-19 14:56:28.772] [DEBUG  ] Extracted properties from E-LAM-114: Contents='DI2-03', Colour='ORANGE WITH BLACK TEXT'
    Source: LamacoidIndex.cs -> ExtractPropertiesFromDwg() [Line 177]

[2026-01-19 14:56:28.772] [DEBUG  ] CloseDocument called for: E-LAM-114.dwg
    Source: DraftSightHelper.cs -> CloseDocument() [Line 198]

[2026-01-19 14:56:29.044] [INFO   ] Successfully closed document: E-LAM-114.dwg
    Source: DraftSightHelper.cs -> CloseDocument() [Line 205]

[2026-01-19 14:56:29.044] [DEBUG  ] Generating thumbnail for: Y:\Autocad\Template\~LAMACOIDS\Lams\E-LAM-114.pdf
    Source: ThumbnailGenerator.cs -> GenerateThumbnail() [Line 68]

[2026-01-19 14:56:29.044] [INFO   ] Creating placeholder thumbnail (PDF rendering disabled): C:\Users\dlebel\Downloads\LamCreator-main (1)\LamCreator-main\Lamacoid Creator\Lamacoid Creator\bin\Debug\Thumbnails\E-LAM-114.png
    Source: ThumbnailGenerator.cs -> GenerateThumbnail() [Line 72]

[2026-01-19 14:56:29.055] [DEBUG  ] OpenTemplate called for: Y:\Autocad\Template\~LAMACOIDS\Lams\E-LAM-115.dwg
    Source: DraftSightHelper.cs -> OpenTemplate() [Line 87]

[2026-01-19 14:56:29.635] [INFO   ] Performance: Opening document E-LAM-115.dwg completed in 574ms
    Source: DraftSightHelper.cs -> OpenTemplate() [Line 108]

[2026-01-19 14:56:29.635] [INFO   ] Successfully opened template: E-LAM-115.dwg
    Source: DraftSightHelper.cs -> OpenTemplate() [Line 109]

[2026-01-19 14:56:29.635] [DEBUG  ] Extracted properties from E-LAM-115: Contents='DI2-04', Colour='ORANGE WITH BLACK TEXT'
    Source: LamacoidIndex.cs -> ExtractPropertiesFromDwg() [Line 177]

[2026-01-19 14:56:29.635] [DEBUG  ] CloseDocument called for: E-LAM-115.dwg
    Source: DraftSightHelper.cs -> CloseDocument() [Line 198]

[2026-01-19 14:56:29.914] [INFO   ] Successfully closed document: E-LAM-115.dwg
    Source: DraftSightHelper.cs -> CloseDocument() [Line 205]

[2026-01-19 14:56:29.914] [DEBUG  ] Generating thumbnail for: Y:\Autocad\Template\~LAMACOIDS\Lams\E-LAM-115.pdf
    Source: ThumbnailGenerator.cs -> GenerateThumbnail() [Line 68]

[2026-01-19 14:56:29.914] [INFO   ] Creating placeholder thumbnail (PDF rendering disabled): C:\Users\dlebel\Downloads\LamCreator-main (1)\LamCreator-main\Lamacoid Creator\Lamacoid Creator\bin\Debug\Thumbnails\E-LAM-115.png
    Source: ThumbnailGenerator.cs -> GenerateThumbnail() [Line 72]

[2026-01-19 14:56:29.946] [DEBUG  ] OpenTemplate called for: Y:\Autocad\Template\~LAMACOIDS\Lams\E-LAM-116.dwg
    Source: DraftSightHelper.cs -> OpenTemplate() [Line 87]

[2026-01-19 14:56:30.468] [INFO   ] Performance: Opening document E-LAM-116.dwg completed in 534ms
    Source: DraftSightHelper.cs -> OpenTemplate() [Line 108]

[2026-01-19 14:56:30.468] [INFO   ] Successfully opened template: E-LAM-116.dwg
    Source: DraftSightHelper.cs -> OpenTemplate() [Line 109]

[2026-01-19 14:56:30.488] [DEBUG  ] Extracted properties from E-LAM-116: Contents='R1-01', Colour='ORANGE WITH BLACK TEXT'
    Source: LamacoidIndex.cs -> ExtractPropertiesFromDwg() [Line 177]

[2026-01-19 14:56:30.488] [DEBUG  ] CloseDocument called for: E-LAM-116.dwg
    Source: DraftSightHelper.cs -> CloseDocument() [Line 198]

[2026-01-19 14:56:30.754] [INFO   ] Successfully closed document: E-LAM-116.dwg
    Source: DraftSightHelper.cs -> CloseDocument() [Line 205]

[2026-01-19 14:56:30.754] [DEBUG  ] Generating thumbnail for: Y:\Autocad\Template\~LAMACOIDS\Lams\E-LAM-116.pdf
    Source: ThumbnailGenerator.cs -> GenerateThumbnail() [Line 68]

[2026-01-19 14:56:30.754] [INFO   ] Creating placeholder thumbnail (PDF rendering disabled): C:\Users\dlebel\Downloads\LamCreator-main (1)\LamCreator-main\Lamacoid Creator\Lamacoid Creator\bin\Debug\Thumbnails\E-LAM-116.png
    Source: ThumbnailGenerator.cs -> GenerateThumbnail() [Line 72]

[2026-01-19 14:56:30.769] [DEBUG  ] OpenTemplate called for: Y:\Autocad\Template\~LAMACOIDS\Lams\E-LAM-117.dwg
    Source: DraftSightHelper.cs -> OpenTemplate() [Line 87]

[2026-01-19 14:56:31.268] [INFO   ] Performance: Opening document E-LAM-117.dwg completed in 485ms
    Source: DraftSightHelper.cs -> OpenTemplate() [Line 108]

[2026-01-19 14:56:31.268] [INFO   ] Successfully opened template: E-LAM-117.dwg
    Source: DraftSightHelper.cs -> OpenTemplate() [Line 109]

[2026-01-19 14:56:31.272] [DEBUG  ] Extracted properties from E-LAM-117: Contents='R1-02', Colour='ORANGE WITH BLACK TEXT'
    Source: LamacoidIndex.cs -> ExtractPropertiesFromDwg() [Line 177]

[2026-01-19 14:56:31.272] [DEBUG  ] CloseDocument called for: E-LAM-117.dwg
    Source: DraftSightHelper.cs -> CloseDocument() [Line 198]

[2026-01-19 14:56:31.551] [INFO   ] Successfully closed document: E-LAM-117.dwg
    Source: DraftSightHelper.cs -> CloseDocument() [Line 205]

[2026-01-19 14:56:31.554] [DEBUG  ] Generating thumbnail for: Y:\Autocad\Template\~LAMACOIDS\Lams\E-LAM-117.pdf
    Source: ThumbnailGenerator.cs -> GenerateThumbnail() [Line 68]

[2026-01-19 14:56:31.555] [INFO   ] Creating placeholder thumbnail (PDF rendering disabled): C:\Users\dlebel\Downloads\LamCreator-main (1)\LamCreator-main\Lamacoid Creator\Lamacoid Creator\bin\Debug\Thumbnails\E-LAM-117.png
    Source: ThumbnailGenerator.cs -> GenerateThumbnail() [Line 72]

[2026-01-19 14:56:31.572] [DEBUG  ] OpenTemplate called for: Y:\Autocad\Template\~LAMACOIDS\Lams\E-LAM-118.dwg
    Source: DraftSightHelper.cs -> OpenTemplate() [Line 87]

[2026-01-19 14:56:32.057] [INFO   ] Performance: Opening document E-LAM-118.dwg completed in 485ms
    Source: DraftSightHelper.cs -> OpenTemplate() [Line 108]

[2026-01-19 14:56:32.058] [INFO   ] Successfully opened template: E-LAM-118.dwg
    Source: DraftSightHelper.cs -> OpenTemplate() [Line 109]

[2026-01-19 14:56:32.066] [DEBUG  ] Extracted properties from E-LAM-118: Contents='R1-03', Colour='ORANGE WITH BLACK TEXT'
    Source: LamacoidIndex.cs -> ExtractPropertiesFromDwg() [Line 177]

[2026-01-19 14:56:32.066] [DEBUG  ] CloseDocument called for: E-LAM-118.dwg
    Source: DraftSightHelper.cs -> CloseDocument() [Line 198]

[2026-01-19 14:56:32.340] [INFO   ] Successfully closed document: E-LAM-118.dwg
    Source: DraftSightHelper.cs -> CloseDocument() [Line 205]

[2026-01-19 14:56:32.342] [DEBUG  ] Generating thumbnail for: Y:\Autocad\Template\~LAMACOIDS\Lams\E-LAM-118.pdf
    Source: ThumbnailGenerator.cs -> GenerateThumbnail() [Line 68]

[2026-01-19 14:56:32.342] [INFO   ] Creating placeholder thumbnail (PDF rendering disabled): C:\Users\dlebel\Downloads\LamCreator-main (1)\LamCreator-main\Lamacoid Creator\Lamacoid Creator\bin\Debug\Thumbnails\E-LAM-118.png
    Source: ThumbnailGenerator.cs -> GenerateThumbnail() [Line 72]

[2026-01-19 14:56:32.365] [DEBUG  ] OpenTemplate called for: Y:\Autocad\Template\~LAMACOIDS\Lams\E-LAM-119.dwg
    Source: DraftSightHelper.cs -> OpenTemplate() [Line 87]

[2026-01-19 14:56:32.855] [INFO   ] Performance: Opening document E-LAM-119.dwg completed in 492ms
    Source: DraftSightHelper.cs -> OpenTemplate() [Line 108]

[2026-01-19 14:56:32.855] [INFO   ] Successfully opened template: E-LAM-119.dwg
    Source: DraftSightHelper.cs -> OpenTemplate() [Line 109]

[2026-01-19 14:56:32.855] [DEBUG  ] Extracted properties from E-LAM-119: Contents='R1-04', Colour='ORANGE WITH BLACK TEXT'
    Source: LamacoidIndex.cs -> ExtractPropertiesFromDwg() [Line 177]

[2026-01-19 14:56:32.855] [DEBUG  ] CloseDocument called for: E-LAM-119.dwg
    Source: DraftSightHelper.cs -> CloseDocument() [Line 198]

[2026-01-19 14:56:33.140] [INFO   ] Successfully closed document: E-LAM-119.dwg
    Source: DraftSightHelper.cs -> CloseDocument() [Line 205]

[2026-01-19 14:56:33.140] [DEBUG  ] Generating thumbnail for: Y:\Autocad\Template\~LAMACOIDS\Lams\E-LAM-119.pdf
    Source: ThumbnailGenerator.cs -> GenerateThumbnail() [Line 68]

[2026-01-19 14:56:33.140] [INFO   ] Creating placeholder thumbnail (PDF rendering disabled): C:\Users\dlebel\Downloads\LamCreator-main (1)\LamCreator-main\Lamacoid Creator\Lamacoid Creator\bin\Debug\Thumbnails\E-LAM-119.png
    Source: ThumbnailGenerator.cs -> GenerateThumbnail() [Line 72]

[2026-01-19 14:56:33.161] [DEBUG  ] OpenTemplate called for: Y:\Autocad\Template\~LAMACOIDS\Lams\E-LAM-120.dwg
    Source: DraftSightHelper.cs -> OpenTemplate() [Line 87]

[2026-01-19 14:56:33.685] [INFO   ] Performance: Opening document E-LAM-120.dwg completed in 524ms
    Source: DraftSightHelper.cs -> OpenTemplate() [Line 108]

[2026-01-19 14:56:33.686] [INFO   ] Successfully opened template: E-LAM-120.dwg
    Source: DraftSightHelper.cs -> OpenTemplate() [Line 109]

[2026-01-19 14:56:33.694] [DEBUG  ] Extracted properties from E-LAM-120: Contents='NS1-01', Colour='ORANGE WITH BLACK TEXT'
    Source: LamacoidIndex.cs -> ExtractPropertiesFromDwg() [Line 177]

[2026-01-19 14:56:33.695] [DEBUG  ] CloseDocument called for: E-LAM-120.dwg
    Source: DraftSightHelper.cs -> CloseDocument() [Line 198]

[2026-01-19 14:56:33.958] [INFO   ] Successfully closed document: E-LAM-120.dwg
    Source: DraftSightHelper.cs -> CloseDocument() [Line 205]

[2026-01-19 14:56:33.958] [DEBUG  ] Generating thumbnail for: Y:\Autocad\Template\~LAMACOIDS\Lams\E-LAM-120.pdf
    Source: ThumbnailGenerator.cs -> GenerateThumbnail() [Line 68]

[2026-01-19 14:56:33.958] [INFO   ] Creating placeholder thumbnail (PDF rendering disabled): C:\Users\dlebel\Downloads\LamCreator-main (1)\LamCreator-main\Lamacoid Creator\Lamacoid Creator\bin\Debug\Thumbnails\E-LAM-120.png
    Source: ThumbnailGenerator.cs -> GenerateThumbnail() [Line 72]

[2026-01-19 14:56:33.978] [DEBUG  ] OpenTemplate called for: Y:\Autocad\Template\~LAMACOIDS\Lams\E-LAM-121.dwg
    Source: DraftSightHelper.cs -> OpenTemplate() [Line 87]

[2026-01-19 14:56:34.472] [INFO   ] Performance: Opening document E-LAM-121.dwg completed in 492ms
    Source: DraftSightHelper.cs -> OpenTemplate() [Line 108]

[2026-01-19 14:56:34.472] [INFO   ] Successfully opened template: E-LAM-121.dwg
    Source: DraftSightHelper.cs -> OpenTemplate() [Line 109]

[2026-01-19 14:56:34.487] [DEBUG  ] Extracted properties from E-LAM-121: Contents='NS1-02', Colour='ORANGE WITH BLACK TEXT'
    Source: LamacoidIndex.cs -> ExtractPropertiesFromDwg() [Line 177]

[2026-01-19 14:56:34.487] [DEBUG  ] CloseDocument called for: E-LAM-121.dwg
    Source: DraftSightHelper.cs -> CloseDocument() [Line 198]

[2026-01-19 14:56:34.761] [INFO   ] Successfully closed document: E-LAM-121.dwg
    Source: DraftSightHelper.cs -> CloseDocument() [Line 205]

[2026-01-19 14:56:34.761] [DEBUG  ] Generating thumbnail for: Y:\Autocad\Template\~LAMACOIDS\Lams\E-LAM-121.pdf
    Source: ThumbnailGenerator.cs -> GenerateThumbnail() [Line 68]

[2026-01-19 14:56:34.761] [INFO   ] Creating placeholder thumbnail (PDF rendering disabled): C:\Users\dlebel\Downloads\LamCreator-main (1)\LamCreator-main\Lamacoid Creator\Lamacoid Creator\bin\Debug\Thumbnails\E-LAM-121.png
    Source: ThumbnailGenerator.cs -> GenerateThumbnail() [Line 72]

[2026-01-19 14:56:34.782] [DEBUG  ] OpenTemplate called for: Y:\Autocad\Template\~LAMACOIDS\Lams\E-LAM-122.dwg
    Source: DraftSightHelper.cs -> OpenTemplate() [Line 87]

[2026-01-19 14:56:35.259] [INFO   ] Performance: Opening document E-LAM-122.dwg completed in 485ms
    Source: DraftSightHelper.cs -> OpenTemplate() [Line 108]

[2026-01-19 14:56:35.259] [INFO   ] Successfully opened template: E-LAM-122.dwg
    Source: DraftSightHelper.cs -> OpenTemplate() [Line 109]

[2026-01-19 14:56:35.277] [DEBUG  ] Extracted properties from E-LAM-122: Contents='NS1-03', Colour='ORANGE WITH BLACK TEXT'
    Source: LamacoidIndex.cs -> ExtractPropertiesFromDwg() [Line 177]

[2026-01-19 14:56:35.278] [DEBUG  ] CloseDocument called for: E-LAM-122.dwg
    Source: DraftSightHelper.cs -> CloseDocument() [Line 198]

[2026-01-19 14:56:35.558] [INFO   ] Successfully closed document: E-LAM-122.dwg
    Source: DraftSightHelper.cs -> CloseDocument() [Line 205]

[2026-01-19 14:56:35.561] [DEBUG  ] Generating thumbnail for: Y:\Autocad\Template\~LAMACOIDS\Lams\E-LAM-122.pdf
    Source: ThumbnailGenerator.cs -> GenerateThumbnail() [Line 68]

[2026-01-19 14:56:35.561] [INFO   ] Creating placeholder thumbnail (PDF rendering disabled): C:\Users\dlebel\Downloads\LamCreator-main (1)\LamCreator-main\Lamacoid Creator\Lamacoid Creator\bin\Debug\Thumbnails\E-LAM-122.png
    Source: ThumbnailGenerator.cs -> GenerateThumbnail() [Line 72]

[2026-01-19 14:56:35.579] [DEBUG  ] OpenTemplate called for: Y:\Autocad\Template\~LAMACOIDS\Lams\E-LAM-123.dwg
    Source: DraftSightHelper.cs -> OpenTemplate() [Line 87]

[2026-01-19 14:56:36.101] [INFO   ] Performance: Opening document E-LAM-123.dwg completed in 524ms
    Source: DraftSightHelper.cs -> OpenTemplate() [Line 108]

[2026-01-19 14:56:36.101] [INFO   ] Successfully opened template: E-LAM-123.dwg
    Source: DraftSightHelper.cs -> OpenTemplate() [Line 109]

[2026-01-19 14:56:36.113] [DEBUG  ] Extracted properties from E-LAM-123: Contents='NS1-04', Colour='ORANGE WITH BLACK TEXT'
    Source: LamacoidIndex.cs -> ExtractPropertiesFromDwg() [Line 177]

[2026-01-19 14:56:36.113] [DEBUG  ] CloseDocument called for: E-LAM-123.dwg
    Source: DraftSightHelper.cs -> CloseDocument() [Line 198]

[2026-01-19 14:56:36.372] [INFO   ] Successfully closed document: E-LAM-123.dwg
    Source: DraftSightHelper.cs -> CloseDocument() [Line 205]

[2026-01-19 14:56:36.372] [DEBUG  ] Generating thumbnail for: Y:\Autocad\Template\~LAMACOIDS\Lams\E-LAM-123.pdf
    Source: ThumbnailGenerator.cs -> GenerateThumbnail() [Line 68]

[2026-01-19 14:56:36.372] [INFO   ] Creating placeholder thumbnail (PDF rendering disabled): C:\Users\dlebel\Downloads\LamCreator-main (1)\LamCreator-main\Lamacoid Creator\Lamacoid Creator\bin\Debug\Thumbnails\E-LAM-123.png
    Source: ThumbnailGenerator.cs -> GenerateThumbnail() [Line 72]

[2026-01-19 14:56:36.390] [DEBUG  ] OpenTemplate called for: Y:\Autocad\Template\~LAMACOIDS\Lams\E-LAM-124.dwg
    Source: DraftSightHelper.cs -> OpenTemplate() [Line 87]

[2026-01-19 14:56:36.888] [INFO   ] Performance: Opening document E-LAM-124.dwg completed in 489ms
    Source: DraftSightHelper.cs -> OpenTemplate() [Line 108]

[2026-01-19 14:56:36.888] [INFO   ] Successfully opened template: E-LAM-124.dwg
    Source: DraftSightHelper.cs -> OpenTemplate() [Line 109]

[2026-01-19 14:56:36.897] [DEBUG  ] Extracted properties from E-LAM-124: Contents='AI1-01', Colour='ORANGE WITH BLACK TEXT'
    Source: LamacoidIndex.cs -> ExtractPropertiesFromDwg() [Line 177]

[2026-01-19 14:56:36.897] [DEBUG  ] CloseDocument called for: E-LAM-124.dwg
    Source: DraftSightHelper.cs -> CloseDocument() [Line 198]

[2026-01-19 14:56:37.175] [INFO   ] Successfully closed document: E-LAM-124.dwg
    Source: DraftSightHelper.cs -> CloseDocument() [Line 205]

[2026-01-19 14:56:37.178] [DEBUG  ] Generating thumbnail for: Y:\Autocad\Template\~LAMACOIDS\Lams\E-LAM-124.pdf
    Source: ThumbnailGenerator.cs -> GenerateThumbnail() [Line 68]

[2026-01-19 14:56:37.178] [INFO   ] Creating placeholder thumbnail (PDF rendering disabled): C:\Users\dlebel\Downloads\LamCreator-main (1)\LamCreator-main\Lamacoid Creator\Lamacoid Creator\bin\Debug\Thumbnails\E-LAM-124.png
    Source: ThumbnailGenerator.cs -> GenerateThumbnail() [Line 72]

[2026-01-19 14:56:37.189] [DEBUG  ] OpenTemplate called for: Y:\Autocad\Template\~LAMACOIDS\Lams\E-LAM-125.dwg
    Source: DraftSightHelper.cs -> OpenTemplate() [Line 87]

[2026-01-19 14:56:37.692] [INFO   ] Performance: Opening document E-LAM-125.dwg completed in 495ms
    Source: DraftSightHelper.cs -> OpenTemplate() [Line 108]

[2026-01-19 14:56:37.692] [INFO   ] Successfully opened template: E-LAM-125.dwg
    Source: DraftSightHelper.cs -> OpenTemplate() [Line 109]

[2026-01-19 14:56:37.701] [DEBUG  ] Extracted properties from E-LAM-125: Contents='AI1-02', Colour='ORANGE WITH BLACK TEXT'
    Source: LamacoidIndex.cs -> ExtractPropertiesFromDwg() [Line 177]

[2026-01-19 14:56:37.702] [DEBUG  ] CloseDocument called for: E-LAM-125.dwg
    Source: DraftSightHelper.cs -> CloseDocument() [Line 198]

[2026-01-19 14:56:37.970] [INFO   ] Successfully closed document: E-LAM-125.dwg
    Source: DraftSightHelper.cs -> CloseDocument() [Line 205]

[2026-01-19 14:56:37.970] [DEBUG  ] Generating thumbnail for: Y:\Autocad\Template\~LAMACOIDS\Lams\E-LAM-125.pdf
    Source: ThumbnailGenerator.cs -> GenerateThumbnail() [Line 68]

[2026-01-19 14:56:37.970] [INFO   ] Creating placeholder thumbnail (PDF rendering disabled): C:\Users\dlebel\Downloads\LamCreator-main (1)\LamCreator-main\Lamacoid Creator\Lamacoid Creator\bin\Debug\Thumbnails\E-LAM-125.png
    Source: ThumbnailGenerator.cs -> GenerateThumbnail() [Line 72]

[2026-01-19 14:56:37.986] [DEBUG  ] OpenTemplate called for: Y:\Autocad\Template\~LAMACOIDS\Lams\E-LAM-126.dwg
    Source: DraftSightHelper.cs -> OpenTemplate() [Line 87]

[2026-01-19 14:56:38.487] [INFO   ] Performance: Opening document E-LAM-126.dwg completed in 491ms
    Source: DraftSightHelper.cs -> OpenTemplate() [Line 108]

[2026-01-19 14:56:38.487] [INFO   ] Successfully opened template: E-LAM-126.dwg
    Source: DraftSightHelper.cs -> OpenTemplate() [Line 109]

[2026-01-19 14:56:38.498] [DEBUG  ] Extracted properties from E-LAM-126: Contents='AI1-03', Colour='ORANGE WITH BLACK TEXT'
    Source: LamacoidIndex.cs -> ExtractPropertiesFromDwg() [Line 177]

[2026-01-19 14:56:38.498] [DEBUG  ] CloseDocument called for: E-LAM-126.dwg
    Source: DraftSightHelper.cs -> CloseDocument() [Line 198]

[2026-01-19 14:56:38.773] [INFO   ] Successfully closed document: E-LAM-126.dwg
    Source: DraftSightHelper.cs -> CloseDocument() [Line 205]

[2026-01-19 14:56:38.776] [DEBUG  ] Generating thumbnail for: Y:\Autocad\Template\~LAMACOIDS\Lams\E-LAM-126.pdf
    Source: ThumbnailGenerator.cs -> GenerateThumbnail() [Line 68]

[2026-01-19 14:56:38.777] [INFO   ] Creating placeholder thumbnail (PDF rendering disabled): C:\Users\dlebel\Downloads\LamCreator-main (1)\LamCreator-main\Lamacoid Creator\Lamacoid Creator\bin\Debug\Thumbnails\E-LAM-126.png
    Source: ThumbnailGenerator.cs -> GenerateThumbnail() [Line 72]

[2026-01-19 14:56:38.788] [DEBUG  ] OpenTemplate called for: Y:\Autocad\Template\~LAMACOIDS\Lams\E-LAM-127.dwg
    Source: DraftSightHelper.cs -> OpenTemplate() [Line 87]

[2026-01-19 14:56:39.274] [INFO   ] Performance: Opening document E-LAM-127.dwg completed in 486ms
    Source: DraftSightHelper.cs -> OpenTemplate() [Line 108]

[2026-01-19 14:56:39.274] [INFO   ] Successfully opened template: E-LAM-127.dwg
    Source: DraftSightHelper.cs -> OpenTemplate() [Line 109]

[2026-01-19 14:56:39.291] [DEBUG  ] Extracted properties from E-LAM-127: Contents='AI1-04', Colour='ORANGE WITH BLACK TEXT'
    Source: LamacoidIndex.cs -> ExtractPropertiesFromDwg() [Line 177]

[2026-01-19 14:56:39.291] [DEBUG  ] CloseDocument called for: E-LAM-127.dwg
    Source: DraftSightHelper.cs -> CloseDocument() [Line 198]

[2026-01-19 14:56:39.555] [INFO   ] Successfully closed document: E-LAM-127.dwg
    Source: DraftSightHelper.cs -> CloseDocument() [Line 205]

[2026-01-19 14:56:39.571] [DEBUG  ] Generating thumbnail for: Y:\Autocad\Template\~LAMACOIDS\Lams\E-LAM-127.pdf
    Source: ThumbnailGenerator.cs -> GenerateThumbnail() [Line 68]

[2026-01-19 14:56:39.571] [INFO   ] Creating placeholder thumbnail (PDF rendering disabled): C:\Users\dlebel\Downloads\LamCreator-main (1)\LamCreator-main\Lamacoid Creator\Lamacoid Creator\bin\Debug\Thumbnails\E-LAM-127.png
    Source: ThumbnailGenerator.cs -> GenerateThumbnail() [Line 72]

[2026-01-19 14:56:39.595] [DEBUG  ] OpenTemplate called for: Y:\Autocad\Template\~LAMACOIDS\Lams\E-LAM-128.dwg
    Source: DraftSightHelper.cs -> OpenTemplate() [Line 87]

[2026-01-19 14:56:40.082] [INFO   ] Performance: Opening document E-LAM-128.dwg completed in 486ms
    Source: DraftSightHelper.cs -> OpenTemplate() [Line 108]

[2026-01-19 14:56:40.082] [INFO   ] Successfully opened template: E-LAM-128.dwg
    Source: DraftSightHelper.cs -> OpenTemplate() [Line 109]

[2026-01-19 14:56:40.091] [DEBUG  ] Extracted properties from E-LAM-128: Contents='NS3-01', Colour='ORANGE WITH BLACK TEXT'
    Source: LamacoidIndex.cs -> ExtractPropertiesFromDwg() [Line 177]

[2026-01-19 14:56:40.091] [DEBUG  ] CloseDocument called for: E-LAM-128.dwg
    Source: DraftSightHelper.cs -> CloseDocument() [Line 198]

[2026-01-19 14:56:40.355] [INFO   ] Successfully closed document: E-LAM-128.dwg
    Source: DraftSightHelper.cs -> CloseDocument() [Line 205]

[2026-01-19 14:56:40.355] [DEBUG  ] Generating thumbnail for: Y:\Autocad\Template\~LAMACOIDS\Lams\E-LAM-128.pdf
    Source: ThumbnailGenerator.cs -> GenerateThumbnail() [Line 68]

[2026-01-19 14:56:40.355] [INFO   ] Creating placeholder thumbnail (PDF rendering disabled): C:\Users\dlebel\Downloads\LamCreator-main (1)\LamCreator-main\Lamacoid Creator\Lamacoid Creator\bin\Debug\Thumbnails\E-LAM-128.png
    Source: ThumbnailGenerator.cs -> GenerateThumbnail() [Line 72]

[2026-01-19 14:56:40.381] [DEBUG  ] OpenTemplate called for: Y:\Autocad\Template\~LAMACOIDS\Lams\E-LAM-129.dwg
    Source: DraftSightHelper.cs -> OpenTemplate() [Line 87]

[2026-01-19 14:56:40.871] [INFO   ] Performance: Opening document E-LAM-129.dwg completed in 494ms
    Source: DraftSightHelper.cs -> OpenTemplate() [Line 108]

[2026-01-19 14:56:40.871] [INFO   ] Successfully opened template: E-LAM-129.dwg
    Source: DraftSightHelper.cs -> OpenTemplate() [Line 109]

[2026-01-19 14:56:40.871] [DEBUG  ] Extracted properties from E-LAM-129: Contents='NS3-02', Colour='ORANGE WITH BLACK TEXT'
    Source: LamacoidIndex.cs -> ExtractPropertiesFromDwg() [Line 177]

[2026-01-19 14:56:40.871] [DEBUG  ] CloseDocument called for: E-LAM-129.dwg
    Source: DraftSightHelper.cs -> CloseDocument() [Line 198]

[2026-01-19 14:56:41.157] [INFO   ] Successfully closed document: E-LAM-129.dwg
    Source: DraftSightHelper.cs -> CloseDocument() [Line 205]

[2026-01-19 14:56:41.162] [DEBUG  ] Generating thumbnail for: Y:\Autocad\Template\~LAMACOIDS\Lams\E-LAM-129.pdf
    Source: ThumbnailGenerator.cs -> GenerateThumbnail() [Line 68]

[2026-01-19 14:56:41.162] [INFO   ] Creating placeholder thumbnail (PDF rendering disabled): C:\Users\dlebel\Downloads\LamCreator-main (1)\LamCreator-main\Lamacoid Creator\Lamacoid Creator\bin\Debug\Thumbnails\E-LAM-129.png
    Source: ThumbnailGenerator.cs -> GenerateThumbnail() [Line 72]

[2026-01-19 14:56:41.195] [DEBUG  ] OpenTemplate called for: Y:\Autocad\Template\~LAMACOIDS\Lams\E-LAM-130.dwg
    Source: DraftSightHelper.cs -> OpenTemplate() [Line 87]

[2026-01-19 14:56:41.720] [INFO   ] Performance: Opening document E-LAM-130.dwg completed in 524ms
    Source: DraftSightHelper.cs -> OpenTemplate() [Line 108]

[2026-01-19 14:56:41.720] [INFO   ] Successfully opened template: E-LAM-130.dwg
    Source: DraftSightHelper.cs -> OpenTemplate() [Line 109]

[2026-01-19 14:56:41.729] [DEBUG  ] Extracted properties from E-LAM-130: Contents='NS3-03', Colour='ORANGE WITH BLACK TEXT'
    Source: LamacoidIndex.cs -> ExtractPropertiesFromDwg() [Line 177]

[2026-01-19 14:56:41.729] [DEBUG  ] CloseDocument called for: E-LAM-130.dwg
    Source: DraftSightHelper.cs -> CloseDocument() [Line 198]

[2026-01-19 14:56:42.004] [INFO   ] Successfully closed document: E-LAM-130.dwg
    Source: DraftSightHelper.cs -> CloseDocument() [Line 205]

[2026-01-19 14:56:42.007] [DEBUG  ] Generating thumbnail for: Y:\Autocad\Template\~LAMACOIDS\Lams\E-LAM-130.pdf
    Source: ThumbnailGenerator.cs -> GenerateThumbnail() [Line 68]

[2026-01-19 14:56:42.007] [INFO   ] Creating placeholder thumbnail (PDF rendering disabled): C:\Users\dlebel\Downloads\LamCreator-main (1)\LamCreator-main\Lamacoid Creator\Lamacoid Creator\bin\Debug\Thumbnails\E-LAM-130.png
    Source: ThumbnailGenerator.cs -> GenerateThumbnail() [Line 72]

[2026-01-19 14:56:42.023] [DEBUG  ] OpenTemplate called for: Y:\Autocad\Template\~LAMACOIDS\Lams\E-LAM-131.dwg
    Source: DraftSightHelper.cs -> OpenTemplate() [Line 87]

[2026-01-19 14:56:42.521] [INFO   ] Performance: Opening document E-LAM-131.dwg completed in 498ms
    Source: DraftSightHelper.cs -> OpenTemplate() [Line 108]

[2026-01-19 14:56:42.521] [INFO   ] Successfully opened template: E-LAM-131.dwg
    Source: DraftSightHelper.cs -> OpenTemplate() [Line 109]

[2026-01-19 14:56:42.528] [DEBUG  ] Extracted properties from E-LAM-131: Contents='NS3-04', Colour='ORANGE WITH BLACK TEXT'
    Source: LamacoidIndex.cs -> ExtractPropertiesFromDwg() [Line 177]

[2026-01-19 14:56:42.528] [DEBUG  ] CloseDocument called for: E-LAM-131.dwg
    Source: DraftSightHelper.cs -> CloseDocument() [Line 198]

[2026-01-19 14:56:42.805] [INFO   ] Successfully closed document: E-LAM-131.dwg
    Source: DraftSightHelper.cs -> CloseDocument() [Line 205]

[2026-01-19 14:56:42.805] [DEBUG  ] Generating thumbnail for: Y:\Autocad\Template\~LAMACOIDS\Lams\E-LAM-131.pdf
    Source: ThumbnailGenerator.cs -> GenerateThumbnail() [Line 68]

[2026-01-19 14:56:42.805] [INFO   ] Creating placeholder thumbnail (PDF rendering disabled): C:\Users\dlebel\Downloads\LamCreator-main (1)\LamCreator-main\Lamacoid Creator\Lamacoid Creator\bin\Debug\Thumbnails\E-LAM-131.png
    Source: ThumbnailGenerator.cs -> GenerateThumbnail() [Line 72]

[2026-01-19 14:56:42.821] [DEBUG  ] OpenTemplate called for: Y:\Autocad\Template\~LAMACOIDS\Lams\E-LAM-132.dwg
    Source: DraftSightHelper.cs -> OpenTemplate() [Line 87]

[2026-01-19 14:56:43.310] [INFO   ] Performance: Opening document E-LAM-132.dwg completed in 486ms
    Source: DraftSightHelper.cs -> OpenTemplate() [Line 108]

[2026-01-19 14:56:43.310] [INFO   ] Successfully opened template: E-LAM-132.dwg
    Source: DraftSightHelper.cs -> OpenTemplate() [Line 109]

[2026-01-19 14:56:43.324] [DEBUG  ] Extracted properties from E-LAM-132: Contents='DO6-01', Colour='ORANGE WITH BLACK TEXT'
    Source: LamacoidIndex.cs -> ExtractPropertiesFromDwg() [Line 177]

[2026-01-19 14:56:43.324] [DEBUG  ] CloseDocument called for: E-LAM-132.dwg
    Source: DraftSightHelper.cs -> CloseDocument() [Line 198]

[2026-01-19 14:56:43.599] [INFO   ] Successfully closed document: E-LAM-132.dwg
    Source: DraftSightHelper.cs -> CloseDocument() [Line 205]

[2026-01-19 14:56:43.603] [DEBUG  ] Generating thumbnail for: Y:\Autocad\Template\~LAMACOIDS\Lams\E-LAM-132.pdf
    Source: ThumbnailGenerator.cs -> GenerateThumbnail() [Line 68]

[2026-01-19 14:56:43.603] [INFO   ] Creating placeholder thumbnail (PDF rendering disabled): C:\Users\dlebel\Downloads\LamCreator-main (1)\LamCreator-main\Lamacoid Creator\Lamacoid Creator\bin\Debug\Thumbnails\E-LAM-132.png
    Source: ThumbnailGenerator.cs -> GenerateThumbnail() [Line 72]

[2026-01-19 14:56:43.621] [DEBUG  ] OpenTemplate called for: Y:\Autocad\Template\~LAMACOIDS\Lams\E-LAM-133.dwg
    Source: DraftSightHelper.cs -> OpenTemplate() [Line 87]

[2026-01-19 14:56:44.105] [INFO   ] Performance: Opening document E-LAM-133.dwg completed in 483ms
    Source: DraftSightHelper.cs -> OpenTemplate() [Line 108]

[2026-01-19 14:56:44.105] [INFO   ] Successfully opened template: E-LAM-133.dwg
    Source: DraftSightHelper.cs -> OpenTemplate() [Line 109]

[2026-01-19 14:56:44.115] [DEBUG  ] Extracted properties from E-LAM-133: Contents='DO6-02', Colour='ORANGE WITH BLACK TEXT'
    Source: LamacoidIndex.cs -> ExtractPropertiesFromDwg() [Line 177]

[2026-01-19 14:56:44.115] [DEBUG  ] CloseDocument called for: E-LAM-133.dwg
    Source: DraftSightHelper.cs -> CloseDocument() [Line 198]

[2026-01-19 14:56:44.391] [INFO   ] Successfully closed document: E-LAM-133.dwg
    Source: DraftSightHelper.cs -> CloseDocument() [Line 205]

[2026-01-19 14:56:44.395] [DEBUG  ] Generating thumbnail for: Y:\Autocad\Template\~LAMACOIDS\Lams\E-LAM-133.pdf
    Source: ThumbnailGenerator.cs -> GenerateThumbnail() [Line 68]

[2026-01-19 14:56:44.395] [INFO   ] Creating placeholder thumbnail (PDF rendering disabled): C:\Users\dlebel\Downloads\LamCreator-main (1)\LamCreator-main\Lamacoid Creator\Lamacoid Creator\bin\Debug\Thumbnails\E-LAM-133.png
    Source: ThumbnailGenerator.cs -> GenerateThumbnail() [Line 72]

[2026-01-19 14:56:44.411] [DEBUG  ] OpenTemplate called for: Y:\Autocad\Template\~LAMACOIDS\Lams\E-LAM-134.dwg
    Source: DraftSightHelper.cs -> OpenTemplate() [Line 87]

[2026-01-19 14:56:44.940] [INFO   ] Performance: Opening document E-LAM-134.dwg completed in 528ms
    Source: DraftSightHelper.cs -> OpenTemplate() [Line 108]

[2026-01-19 14:56:44.941] [INFO   ] Successfully opened template: E-LAM-134.dwg
    Source: DraftSightHelper.cs -> OpenTemplate() [Line 109]

[2026-01-19 14:56:44.953] [DEBUG  ] Extracted properties from E-LAM-134: Contents='DO6-03', Colour='ORANGE WITH BLACK TEXT'
    Source: LamacoidIndex.cs -> ExtractPropertiesFromDwg() [Line 177]

[2026-01-19 14:56:44.953] [DEBUG  ] CloseDocument called for: E-LAM-134.dwg
    Source: DraftSightHelper.cs -> CloseDocument() [Line 198]

[2026-01-19 14:56:45.221] [INFO   ] Successfully closed document: E-LAM-134.dwg
    Source: DraftSightHelper.cs -> CloseDocument() [Line 205]

[2026-01-19 14:56:45.225] [DEBUG  ] Generating thumbnail for: Y:\Autocad\Template\~LAMACOIDS\Lams\E-LAM-134.pdf
    Source: ThumbnailGenerator.cs -> GenerateThumbnail() [Line 68]

[2026-01-19 14:56:45.225] [INFO   ] Creating placeholder thumbnail (PDF rendering disabled): C:\Users\dlebel\Downloads\LamCreator-main (1)\LamCreator-main\Lamacoid Creator\Lamacoid Creator\bin\Debug\Thumbnails\E-LAM-134.png
    Source: ThumbnailGenerator.cs -> GenerateThumbnail() [Line 72]

[2026-01-19 14:56:45.241] [DEBUG  ] OpenTemplate called for: Y:\Autocad\Template\~LAMACOIDS\Lams\E-LAM-135.dwg
    Source: DraftSightHelper.cs -> OpenTemplate() [Line 87]

[2026-01-19 14:56:45.740] [INFO   ] Performance: Opening document E-LAM-135.dwg completed in 500ms
    Source: DraftSightHelper.cs -> OpenTemplate() [Line 108]

[2026-01-19 14:56:45.740] [INFO   ] Successfully opened template: E-LAM-135.dwg
    Source: DraftSightHelper.cs -> OpenTemplate() [Line 109]

[2026-01-19 14:56:45.740] [DEBUG  ] Extracted properties from E-LAM-135: Contents='DO6-04', Colour='ORANGE WITH BLACK TEXT'
    Source: LamacoidIndex.cs -> ExtractPropertiesFromDwg() [Line 177]

[2026-01-19 14:56:45.740] [DEBUG  ] CloseDocument called for: E-LAM-135.dwg
    Source: DraftSightHelper.cs -> CloseDocument() [Line 198]

[2026-01-19 14:56:46.020] [INFO   ] Successfully closed document: E-LAM-135.dwg
    Source: DraftSightHelper.cs -> CloseDocument() [Line 205]

[2026-01-19 14:56:46.020] [DEBUG  ] Generating thumbnail for: Y:\Autocad\Template\~LAMACOIDS\Lams\E-LAM-135.pdf
    Source: ThumbnailGenerator.cs -> GenerateThumbnail() [Line 68]

[2026-01-19 14:56:46.020] [INFO   ] Creating placeholder thumbnail (PDF rendering disabled): C:\Users\dlebel\Downloads\LamCreator-main (1)\LamCreator-main\Lamacoid Creator\Lamacoid Creator\bin\Debug\Thumbnails\E-LAM-135.png
    Source: ThumbnailGenerator.cs -> GenerateThumbnail() [Line 72]

[2026-01-19 14:56:46.041] [DEBUG  ] OpenTemplate called for: Y:\Autocad\Template\~LAMACOIDS\Lams\E-LAM-136.dwg
    Source: DraftSightHelper.cs -> OpenTemplate() [Line 87]

[2026-01-19 14:56:46.537] [INFO   ] Performance: Opening document E-LAM-136.dwg completed in 493ms
    Source: DraftSightHelper.cs -> OpenTemplate() [Line 108]

[2026-01-19 14:56:46.537] [INFO   ] Successfully opened template: E-LAM-136.dwg
    Source: DraftSightHelper.cs -> OpenTemplate() [Line 109]

[2026-01-19 14:56:46.541] [DEBUG  ] Extracted properties from E-LAM-136: Contents='DO3-01', Colour='ORANGE WITH BLACK TEXT'
    Source: LamacoidIndex.cs -> ExtractPropertiesFromDwg() [Line 177]

[2026-01-19 14:56:46.541] [DEBUG  ] CloseDocument called for: E-LAM-136.dwg
    Source: DraftSightHelper.cs -> CloseDocument() [Line 198]

[2026-01-19 14:56:46.822] [INFO   ] Successfully closed document: E-LAM-136.dwg
    Source: DraftSightHelper.cs -> CloseDocument() [Line 205]

[2026-01-19 14:56:46.822] [DEBUG  ] Generating thumbnail for: Y:\Autocad\Template\~LAMACOIDS\Lams\E-LAM-136.pdf
    Source: ThumbnailGenerator.cs -> GenerateThumbnail() [Line 68]

[2026-01-19 14:56:46.822] [INFO   ] Creating placeholder thumbnail (PDF rendering disabled): C:\Users\dlebel\Downloads\LamCreator-main (1)\LamCreator-main\Lamacoid Creator\Lamacoid Creator\bin\Debug\Thumbnails\E-LAM-136.png
    Source: ThumbnailGenerator.cs -> GenerateThumbnail() [Line 72]

[2026-01-19 14:56:46.838] [DEBUG  ] OpenTemplate called for: Y:\Autocad\Template\~LAMACOIDS\Lams\E-LAM-137.dwg
    Source: DraftSightHelper.cs -> OpenTemplate() [Line 87]

[2026-01-19 14:56:47.391] [INFO   ] Performance: Opening document E-LAM-137.dwg completed in 546ms
    Source: DraftSightHelper.cs -> OpenTemplate() [Line 108]

[2026-01-19 14:56:47.391] [INFO   ] Successfully opened template: E-LAM-137.dwg
    Source: DraftSightHelper.cs -> OpenTemplate() [Line 109]

[2026-01-19 14:56:47.399] [DEBUG  ] Extracted properties from E-LAM-137: Contents='DO3-02', Colour='ORANGE WITH BLACK TEXT'
    Source: LamacoidIndex.cs -> ExtractPropertiesFromDwg() [Line 177]

[2026-01-19 14:56:47.400] [DEBUG  ] CloseDocument called for: E-LAM-137.dwg
    Source: DraftSightHelper.cs -> CloseDocument() [Line 198]

[2026-01-19 14:56:47.682] [INFO   ] Successfully closed document: E-LAM-137.dwg
    Source: DraftSightHelper.cs -> CloseDocument() [Line 205]

[2026-01-19 14:56:47.685] [DEBUG  ] Generating thumbnail for: Y:\Autocad\Template\~LAMACOIDS\Lams\E-LAM-137.pdf
    Source: ThumbnailGenerator.cs -> GenerateThumbnail() [Line 68]

[2026-01-19 14:56:47.686] [INFO   ] Creating placeholder thumbnail (PDF rendering disabled): C:\Users\dlebel\Downloads\LamCreator-main (1)\LamCreator-main\Lamacoid Creator\Lamacoid Creator\bin\Debug\Thumbnails\E-LAM-137.png
    Source: ThumbnailGenerator.cs -> GenerateThumbnail() [Line 72]

[2026-01-19 14:56:47.702] [DEBUG  ] OpenTemplate called for: Y:\Autocad\Template\~LAMACOIDS\Lams\E-LAM-138.dwg
    Source: DraftSightHelper.cs -> OpenTemplate() [Line 87]

[2026-01-19 14:56:48.222] [INFO   ] Performance: Opening document E-LAM-138.dwg completed in 527ms
    Source: DraftSightHelper.cs -> OpenTemplate() [Line 108]

[2026-01-19 14:56:48.222] [INFO   ] Successfully opened template: E-LAM-138.dwg
    Source: DraftSightHelper.cs -> OpenTemplate() [Line 109]

[2026-01-19 14:56:48.238] [DEBUG  ] Extracted properties from E-LAM-138: Contents='DO3-03', Colour='ORANGE WITH BLACK TEXT'
    Source: LamacoidIndex.cs -> ExtractPropertiesFromDwg() [Line 177]

[2026-01-19 14:56:48.238] [DEBUG  ] CloseDocument called for: E-LAM-138.dwg
    Source: DraftSightHelper.cs -> CloseDocument() [Line 198]

[2026-01-19 14:56:48.514] [INFO   ] Successfully closed document: E-LAM-138.dwg
    Source: DraftSightHelper.cs -> CloseDocument() [Line 205]

[2026-01-19 14:56:48.517] [DEBUG  ] Generating thumbnail for: Y:\Autocad\Template\~LAMACOIDS\Lams\E-LAM-138.pdf
    Source: ThumbnailGenerator.cs -> GenerateThumbnail() [Line 68]

[2026-01-19 14:56:48.517] [INFO   ] Creating placeholder thumbnail (PDF rendering disabled): C:\Users\dlebel\Downloads\LamCreator-main (1)\LamCreator-main\Lamacoid Creator\Lamacoid Creator\bin\Debug\Thumbnails\E-LAM-138.png
    Source: ThumbnailGenerator.cs -> GenerateThumbnail() [Line 72]

[2026-01-19 14:56:48.525] [DEBUG  ] OpenTemplate called for: Y:\Autocad\Template\~LAMACOIDS\Lams\E-LAM-139.dwg
    Source: DraftSightHelper.cs -> OpenTemplate() [Line 87]

[2026-01-19 14:56:49.074] [INFO   ] Performance: Opening document E-LAM-139.dwg completed in 540ms
    Source: DraftSightHelper.cs -> OpenTemplate() [Line 108]

[2026-01-19 14:56:49.074] [INFO   ] Successfully opened template: E-LAM-139.dwg
    Source: DraftSightHelper.cs -> OpenTemplate() [Line 109]

[2026-01-19 14:56:49.082] [DEBUG  ] Extracted properties from E-LAM-139: Contents='DO3-04', Colour='ORANGE WITH BLACK TEXT'
    Source: LamacoidIndex.cs -> ExtractPropertiesFromDwg() [Line 177]

[2026-01-19 14:56:49.082] [DEBUG  ] CloseDocument called for: E-LAM-139.dwg
    Source: DraftSightHelper.cs -> CloseDocument() [Line 198]

[2026-01-19 14:56:49.356] [INFO   ] Successfully closed document: E-LAM-139.dwg
    Source: DraftSightHelper.cs -> CloseDocument() [Line 205]

[2026-01-19 14:56:49.359] [DEBUG  ] Generating thumbnail for: Y:\Autocad\Template\~LAMACOIDS\Lams\E-LAM-139.pdf
    Source: ThumbnailGenerator.cs -> GenerateThumbnail() [Line 68]

[2026-01-19 14:56:49.360] [INFO   ] Creating placeholder thumbnail (PDF rendering disabled): C:\Users\dlebel\Downloads\LamCreator-main (1)\LamCreator-main\Lamacoid Creator\Lamacoid Creator\bin\Debug\Thumbnails\E-LAM-139.png
    Source: ThumbnailGenerator.cs -> GenerateThumbnail() [Line 72]

[2026-01-19 14:56:49.371] [DEBUG  ] OpenTemplate called for: Y:\Autocad\Template\~LAMACOIDS\Lams\E-LAM-140.dwg
    Source: DraftSightHelper.cs -> OpenTemplate() [Line 87]

[2026-01-19 14:56:49.898] [INFO   ] Performance: Opening document E-LAM-140.dwg completed in 528ms
    Source: DraftSightHelper.cs -> OpenTemplate() [Line 108]

[2026-01-19 14:56:49.898] [INFO   ] Successfully opened template: E-LAM-140.dwg
    Source: DraftSightHelper.cs -> OpenTemplate() [Line 109]

[2026-01-19 14:56:49.914] [DEBUG  ] Extracted properties from E-LAM-140: Contents='AI4-01', Colour='ORANGE WITH BLACK TEXT'
    Source: LamacoidIndex.cs -> ExtractPropertiesFromDwg() [Line 177]

[2026-01-19 14:56:49.914] [DEBUG  ] CloseDocument called for: E-LAM-140.dwg
    Source: DraftSightHelper.cs -> CloseDocument() [Line 198]

[2026-01-19 14:56:50.189] [INFO   ] Successfully closed document: E-LAM-140.dwg
    Source: DraftSightHelper.cs -> CloseDocument() [Line 205]

[2026-01-19 14:56:50.192] [DEBUG  ] Generating thumbnail for: Y:\Autocad\Template\~LAMACOIDS\Lams\E-LAM-140.pdf
    Source: ThumbnailGenerator.cs -> GenerateThumbnail() [Line 68]

[2026-01-19 14:56:50.192] [INFO   ] Creating placeholder thumbnail (PDF rendering disabled): C:\Users\dlebel\Downloads\LamCreator-main (1)\LamCreator-main\Lamacoid Creator\Lamacoid Creator\bin\Debug\Thumbnails\E-LAM-140.png
    Source: ThumbnailGenerator.cs -> GenerateThumbnail() [Line 72]

[2026-01-19 14:56:50.207] [DEBUG  ] OpenTemplate called for: Y:\Autocad\Template\~LAMACOIDS\Lams\E-LAM-141.dwg
    Source: DraftSightHelper.cs -> OpenTemplate() [Line 87]

[2026-01-19 14:56:50.757] [INFO   ] Performance: Opening document E-LAM-141.dwg completed in 550ms
    Source: DraftSightHelper.cs -> OpenTemplate() [Line 108]

[2026-01-19 14:56:50.757] [INFO   ] Successfully opened template: E-LAM-141.dwg
    Source: DraftSightHelper.cs -> OpenTemplate() [Line 109]

[2026-01-19 14:56:50.768] [DEBUG  ] Extracted properties from E-LAM-141: Contents='AI4-02', Colour='ORANGE WITH BLACK TEXT'
    Source: LamacoidIndex.cs -> ExtractPropertiesFromDwg() [Line 177]

[2026-01-19 14:56:50.768] [DEBUG  ] CloseDocument called for: E-LAM-141.dwg
    Source: DraftSightHelper.cs -> CloseDocument() [Line 198]

[2026-01-19 14:56:51.037] [INFO   ] Successfully closed document: E-LAM-141.dwg
    Source: DraftSightHelper.cs -> CloseDocument() [Line 205]

[2026-01-19 14:56:51.041] [DEBUG  ] Generating thumbnail for: Y:\Autocad\Template\~LAMACOIDS\Lams\E-LAM-141.pdf
    Source: ThumbnailGenerator.cs -> GenerateThumbnail() [Line 68]

[2026-01-19 14:56:51.042] [INFO   ] Creating placeholder thumbnail (PDF rendering disabled): C:\Users\dlebel\Downloads\LamCreator-main (1)\LamCreator-main\Lamacoid Creator\Lamacoid Creator\bin\Debug\Thumbnails\E-LAM-141.png
    Source: ThumbnailGenerator.cs -> GenerateThumbnail() [Line 72]

[2026-01-19 14:56:51.055] [DEBUG  ] OpenTemplate called for: Y:\Autocad\Template\~LAMACOIDS\Lams\E-LAM-142.dwg
    Source: DraftSightHelper.cs -> OpenTemplate() [Line 87]

[2026-01-19 14:56:51.537] [INFO   ] Performance: Opening document E-LAM-142.dwg completed in 480ms
    Source: DraftSightHelper.cs -> OpenTemplate() [Line 108]

[2026-01-19 14:56:51.537] [INFO   ] Successfully opened template: E-LAM-142.dwg
    Source: DraftSightHelper.cs -> OpenTemplate() [Line 109]

[2026-01-19 14:56:51.542] [DEBUG  ] Extracted properties from E-LAM-142: Contents='AI4-03', Colour='ORANGE WITH BLACK TEXT'
    Source: LamacoidIndex.cs -> ExtractPropertiesFromDwg() [Line 177]

[2026-01-19 14:56:51.542] [DEBUG  ] CloseDocument called for: E-LAM-142.dwg
    Source: DraftSightHelper.cs -> CloseDocument() [Line 198]

[2026-01-19 14:56:51.820] [INFO   ] Successfully closed document: E-LAM-142.dwg
    Source: DraftSightHelper.cs -> CloseDocument() [Line 205]

[2026-01-19 14:56:51.824] [DEBUG  ] Generating thumbnail for: Y:\Autocad\Template\~LAMACOIDS\Lams\E-LAM-142.pdf
    Source: ThumbnailGenerator.cs -> GenerateThumbnail() [Line 68]

[2026-01-19 14:56:51.824] [INFO   ] Creating placeholder thumbnail (PDF rendering disabled): C:\Users\dlebel\Downloads\LamCreator-main (1)\LamCreator-main\Lamacoid Creator\Lamacoid Creator\bin\Debug\Thumbnails\E-LAM-142.png
    Source: ThumbnailGenerator.cs -> GenerateThumbnail() [Line 72]

[2026-01-19 14:56:51.839] [DEBUG  ] OpenTemplate called for: Y:\Autocad\Template\~LAMACOIDS\Lams\E-LAM-143.dwg
    Source: DraftSightHelper.cs -> OpenTemplate() [Line 87]

[2026-01-19 14:56:52.334] [INFO   ] Performance: Opening document E-LAM-143.dwg completed in 491ms
    Source: DraftSightHelper.cs -> OpenTemplate() [Line 108]

[2026-01-19 14:56:52.334] [INFO   ] Successfully opened template: E-LAM-143.dwg
    Source: DraftSightHelper.cs -> OpenTemplate() [Line 109]

[2026-01-19 14:56:52.339] [DEBUG  ] Extracted properties from E-LAM-143: Contents='AI4-04', Colour='ORANGE WITH BLACK TEXT'
    Source: LamacoidIndex.cs -> ExtractPropertiesFromDwg() [Line 177]

[2026-01-19 14:56:52.339] [DEBUG  ] CloseDocument called for: E-LAM-143.dwg
    Source: DraftSightHelper.cs -> CloseDocument() [Line 198]

[2026-01-19 14:56:52.616] [INFO   ] Successfully closed document: E-LAM-143.dwg
    Source: DraftSightHelper.cs -> CloseDocument() [Line 205]

[2026-01-19 14:56:52.621] [DEBUG  ] Generating thumbnail for: Y:\Autocad\Template\~LAMACOIDS\Lams\E-LAM-143.pdf
    Source: ThumbnailGenerator.cs -> GenerateThumbnail() [Line 68]

[2026-01-19 14:56:52.622] [INFO   ] Creating placeholder thumbnail (PDF rendering disabled): C:\Users\dlebel\Downloads\LamCreator-main (1)\LamCreator-main\Lamacoid Creator\Lamacoid Creator\bin\Debug\Thumbnails\E-LAM-143.png
    Source: ThumbnailGenerator.cs -> GenerateThumbnail() [Line 72]

[2026-01-19 14:56:52.638] [DEBUG  ] OpenTemplate called for: Y:\Autocad\Template\~LAMACOIDS\Lams\E-LAM-144.dwg
    Source: DraftSightHelper.cs -> OpenTemplate() [Line 87]

[2026-01-19 14:56:53.104] [INFO   ] Performance: Opening document E-LAM-144.dwg completed in 478ms
    Source: DraftSightHelper.cs -> OpenTemplate() [Line 108]

[2026-01-19 14:56:53.104] [INFO   ] Successfully opened template: E-LAM-144.dwg
    Source: DraftSightHelper.cs -> OpenTemplate() [Line 109]

[2026-01-19 14:56:53.122] [DEBUG  ] Extracted properties from E-LAM-144: Contents='DO5-01', Colour='ORANGE WITH BLACK TEXT'
    Source: LamacoidIndex.cs -> ExtractPropertiesFromDwg() [Line 177]

[2026-01-19 14:56:53.122] [DEBUG  ] CloseDocument called for: E-LAM-144.dwg
    Source: DraftSightHelper.cs -> CloseDocument() [Line 198]

[2026-01-19 14:56:53.389] [INFO   ] Successfully closed document: E-LAM-144.dwg
    Source: DraftSightHelper.cs -> CloseDocument() [Line 205]

[2026-01-19 14:56:53.389] [DEBUG  ] Generating thumbnail for: Y:\Autocad\Template\~LAMACOIDS\Lams\E-LAM-144.pdf
    Source: ThumbnailGenerator.cs -> GenerateThumbnail() [Line 68]

[2026-01-19 14:56:53.389] [INFO   ] Creating placeholder thumbnail (PDF rendering disabled): C:\Users\dlebel\Downloads\LamCreator-main (1)\LamCreator-main\Lamacoid Creator\Lamacoid Creator\bin\Debug\Thumbnails\E-LAM-144.png
    Source: ThumbnailGenerator.cs -> GenerateThumbnail() [Line 72]

[2026-01-19 14:56:53.398] [DEBUG  ] OpenTemplate called for: Y:\Autocad\Template\~LAMACOIDS\Lams\E-LAM-145.dwg
    Source: DraftSightHelper.cs -> OpenTemplate() [Line 87]

[2026-01-19 14:56:53.923] [INFO   ] Performance: Opening document E-LAM-145.dwg completed in 520ms
    Source: DraftSightHelper.cs -> OpenTemplate() [Line 108]

[2026-01-19 14:56:53.923] [INFO   ] Successfully opened template: E-LAM-145.dwg
    Source: DraftSightHelper.cs -> OpenTemplate() [Line 109]

[2026-01-19 14:56:53.938] [DEBUG  ] Extracted properties from E-LAM-145: Contents='DO5-02', Colour='ORANGE WITH BLACK TEXT'
    Source: LamacoidIndex.cs -> ExtractPropertiesFromDwg() [Line 177]

[2026-01-19 14:56:53.938] [DEBUG  ] CloseDocument called for: E-LAM-145.dwg
    Source: DraftSightHelper.cs -> CloseDocument() [Line 198]

[2026-01-19 14:56:54.209] [INFO   ] Successfully closed document: E-LAM-145.dwg
    Source: DraftSightHelper.cs -> CloseDocument() [Line 205]

[2026-01-19 14:56:54.213] [DEBUG  ] Generating thumbnail for: Y:\Autocad\Template\~LAMACOIDS\Lams\E-LAM-145.pdf
    Source: ThumbnailGenerator.cs -> GenerateThumbnail() [Line 68]

[2026-01-19 14:56:54.213] [INFO   ] Creating placeholder thumbnail (PDF rendering disabled): C:\Users\dlebel\Downloads\LamCreator-main (1)\LamCreator-main\Lamacoid Creator\Lamacoid Creator\bin\Debug\Thumbnails\E-LAM-145.png
    Source: ThumbnailGenerator.cs -> GenerateThumbnail() [Line 72]

[2026-01-19 14:56:54.230] [DEBUG  ] OpenTemplate called for: Y:\Autocad\Template\~LAMACOIDS\Lams\E-LAM-146.dwg
    Source: DraftSightHelper.cs -> OpenTemplate() [Line 87]

[2026-01-19 14:56:54.723] [INFO   ] Performance: Opening document E-LAM-146.dwg completed in 493ms
    Source: DraftSightHelper.cs -> OpenTemplate() [Line 108]

[2026-01-19 14:56:54.723] [INFO   ] Successfully opened template: E-LAM-146.dwg
    Source: DraftSightHelper.cs -> OpenTemplate() [Line 109]

[2026-01-19 14:56:54.732] [DEBUG  ] Extracted properties from E-LAM-146: Contents='DO5-03', Colour='ORANGE WITH BLACK TEXT'
    Source: LamacoidIndex.cs -> ExtractPropertiesFromDwg() [Line 177]

[2026-01-19 14:56:54.732] [DEBUG  ] CloseDocument called for: E-LAM-146.dwg
    Source: DraftSightHelper.cs -> CloseDocument() [Line 198]

[2026-01-19 14:56:54.992] [INFO   ] Successfully closed document: E-LAM-146.dwg
    Source: DraftSightHelper.cs -> CloseDocument() [Line 205]

[2026-01-19 14:56:55.008] [DEBUG  ] Generating thumbnail for: Y:\Autocad\Template\~LAMACOIDS\Lams\E-LAM-146.pdf
    Source: ThumbnailGenerator.cs -> GenerateThumbnail() [Line 68]

[2026-01-19 14:56:55.008] [INFO   ] Creating placeholder thumbnail (PDF rendering disabled): C:\Users\dlebel\Downloads\LamCreator-main (1)\LamCreator-main\Lamacoid Creator\Lamacoid Creator\bin\Debug\Thumbnails\E-LAM-146.png
    Source: ThumbnailGenerator.cs -> GenerateThumbnail() [Line 72]

[2026-01-19 14:56:55.024] [DEBUG  ] OpenTemplate called for: Y:\Autocad\Template\~LAMACOIDS\Lams\E-LAM-147.dwg
    Source: DraftSightHelper.cs -> OpenTemplate() [Line 87]

[2026-01-19 14:56:55.511] [INFO   ] Performance: Opening document E-LAM-147.dwg completed in 485ms
    Source: DraftSightHelper.cs -> OpenTemplate() [Line 108]

[2026-01-19 14:56:55.511] [INFO   ] Successfully opened template: E-LAM-147.dwg
    Source: DraftSightHelper.cs -> OpenTemplate() [Line 109]

[2026-01-19 14:56:55.519] [DEBUG  ] Extracted properties from E-LAM-147: Contents='DO5-04', Colour='ORANGE WITH BLACK TEXT'
    Source: LamacoidIndex.cs -> ExtractPropertiesFromDwg() [Line 177]

[2026-01-19 14:56:55.520] [DEBUG  ] CloseDocument called for: E-LAM-147.dwg
    Source: DraftSightHelper.cs -> CloseDocument() [Line 198]

[2026-01-19 14:56:55.789] [INFO   ] Successfully closed document: E-LAM-147.dwg
    Source: DraftSightHelper.cs -> CloseDocument() [Line 205]

[2026-01-19 14:56:55.793] [DEBUG  ] Generating thumbnail for: Y:\Autocad\Template\~LAMACOIDS\Lams\E-LAM-147.pdf
    Source: ThumbnailGenerator.cs -> GenerateThumbnail() [Line 68]

[2026-01-19 14:56:55.793] [INFO   ] Creating placeholder thumbnail (PDF rendering disabled): C:\Users\dlebel\Downloads\LamCreator-main (1)\LamCreator-main\Lamacoid Creator\Lamacoid Creator\bin\Debug\Thumbnails\E-LAM-147.png
    Source: ThumbnailGenerator.cs -> GenerateThumbnail() [Line 72]

[2026-01-19 14:56:55.813] [DEBUG  ] OpenTemplate called for: Y:\Autocad\Template\~LAMACOIDS\Lams\E-LAM-148.dwg
    Source: DraftSightHelper.cs -> OpenTemplate() [Line 87]

[2026-01-19 14:56:56.290] [INFO   ] Performance: Opening document E-LAM-148.dwg completed in 477ms
    Source: DraftSightHelper.cs -> OpenTemplate() [Line 108]

[2026-01-19 14:56:56.290] [INFO   ] Successfully opened template: E-LAM-148.dwg
    Source: DraftSightHelper.cs -> OpenTemplate() [Line 109]

[2026-01-19 14:56:56.290] [DEBUG  ] Extracted properties from E-LAM-148: Contents='AI2-01', Colour='ORANGE WITH BLACK TEXT'
    Source: LamacoidIndex.cs -> ExtractPropertiesFromDwg() [Line 177]

[2026-01-19 14:56:56.290] [DEBUG  ] CloseDocument called for: E-LAM-148.dwg
    Source: DraftSightHelper.cs -> CloseDocument() [Line 198]

[2026-01-19 14:56:56.575] [INFO   ] Successfully closed document: E-LAM-148.dwg
    Source: DraftSightHelper.cs -> CloseDocument() [Line 205]

[2026-01-19 14:56:56.579] [DEBUG  ] Generating thumbnail for: Y:\Autocad\Template\~LAMACOIDS\Lams\E-LAM-148.pdf
    Source: ThumbnailGenerator.cs -> GenerateThumbnail() [Line 68]

[2026-01-19 14:56:56.579] [INFO   ] Creating placeholder thumbnail (PDF rendering disabled): C:\Users\dlebel\Downloads\LamCreator-main (1)\LamCreator-main\Lamacoid Creator\Lamacoid Creator\bin\Debug\Thumbnails\E-LAM-148.png
    Source: ThumbnailGenerator.cs -> GenerateThumbnail() [Line 72]

[2026-01-19 14:56:56.586] [DEBUG  ] OpenTemplate called for: Y:\Autocad\Template\~LAMACOIDS\Lams\E-LAM-149.dwg
    Source: DraftSightHelper.cs -> OpenTemplate() [Line 87]

[2026-01-19 14:56:57.094] [INFO   ] Performance: Opening document E-LAM-149.dwg completed in 497ms
    Source: DraftSightHelper.cs -> OpenTemplate() [Line 108]

[2026-01-19 14:56:57.094] [INFO   ] Successfully opened template: E-LAM-149.dwg
    Source: DraftSightHelper.cs -> OpenTemplate() [Line 109]

[2026-01-19 14:56:57.102] [DEBUG  ] Extracted properties from E-LAM-149: Contents='AI2-02', Colour='ORANGE WITH BLACK TEXT'
    Source: LamacoidIndex.cs -> ExtractPropertiesFromDwg() [Line 177]

[2026-01-19 14:56:57.102] [DEBUG  ] CloseDocument called for: E-LAM-149.dwg
    Source: DraftSightHelper.cs -> CloseDocument() [Line 198]

[2026-01-19 14:56:57.368] [INFO   ] Successfully closed document: E-LAM-149.dwg
    Source: DraftSightHelper.cs -> CloseDocument() [Line 205]

[2026-01-19 14:56:57.368] [DEBUG  ] Generating thumbnail for: Y:\Autocad\Template\~LAMACOIDS\Lams\E-LAM-149.pdf
    Source: ThumbnailGenerator.cs -> GenerateThumbnail() [Line 68]

[2026-01-19 14:56:57.368] [INFO   ] Creating placeholder thumbnail (PDF rendering disabled): C:\Users\dlebel\Downloads\LamCreator-main (1)\LamCreator-main\Lamacoid Creator\Lamacoid Creator\bin\Debug\Thumbnails\E-LAM-149.png
    Source: ThumbnailGenerator.cs -> GenerateThumbnail() [Line 72]

[2026-01-19 14:56:57.391] [DEBUG  ] OpenTemplate called for: Y:\Autocad\Template\~LAMACOIDS\Lams\E-LAM-150.dwg
    Source: DraftSightHelper.cs -> OpenTemplate() [Line 87]

[2026-01-19 14:56:57.914] [INFO   ] Performance: Opening document E-LAM-150.dwg completed in 523ms
    Source: DraftSightHelper.cs -> OpenTemplate() [Line 108]

[2026-01-19 14:56:57.914] [INFO   ] Successfully opened template: E-LAM-150.dwg
    Source: DraftSightHelper.cs -> OpenTemplate() [Line 109]

[2026-01-19 14:56:57.924] [DEBUG  ] Extracted properties from E-LAM-150: Contents='AI2-03', Colour='ORANGE WITH BLACK TEXT'
    Source: LamacoidIndex.cs -> ExtractPropertiesFromDwg() [Line 177]

[2026-01-19 14:56:57.924] [DEBUG  ] CloseDocument called for: E-LAM-150.dwg
    Source: DraftSightHelper.cs -> CloseDocument() [Line 198]

[2026-01-19 14:56:58.186] [INFO   ] Successfully closed document: E-LAM-150.dwg
    Source: DraftSightHelper.cs -> CloseDocument() [Line 205]

[2026-01-19 14:56:58.186] [DEBUG  ] Generating thumbnail for: Y:\Autocad\Template\~LAMACOIDS\Lams\E-LAM-150.pdf
    Source: ThumbnailGenerator.cs -> GenerateThumbnail() [Line 68]

[2026-01-19 14:56:58.186] [INFO   ] Creating placeholder thumbnail (PDF rendering disabled): C:\Users\dlebel\Downloads\LamCreator-main (1)\LamCreator-main\Lamacoid Creator\Lamacoid Creator\bin\Debug\Thumbnails\E-LAM-150.png
    Source: ThumbnailGenerator.cs -> GenerateThumbnail() [Line 72]

[2026-01-19 14:56:58.202] [DEBUG  ] OpenTemplate called for: Y:\Autocad\Template\~LAMACOIDS\Lams\E-LAM-151.dwg
    Source: DraftSightHelper.cs -> OpenTemplate() [Line 87]

[2026-01-19 14:56:58.747] [INFO   ] Performance: Opening document E-LAM-151.dwg completed in 533ms
    Source: DraftSightHelper.cs -> OpenTemplate() [Line 108]

[2026-01-19 14:56:58.747] [INFO   ] Successfully opened template: E-LAM-151.dwg
    Source: DraftSightHelper.cs -> OpenTemplate() [Line 109]

[2026-01-19 14:56:58.755] [DEBUG  ] Extracted properties from E-LAM-151: Contents='AI2-04', Colour='ORANGE WITH BLACK TEXT'
    Source: LamacoidIndex.cs -> ExtractPropertiesFromDwg() [Line 177]

[2026-01-19 14:56:58.755] [DEBUG  ] CloseDocument called for: E-LAM-151.dwg
    Source: DraftSightHelper.cs -> CloseDocument() [Line 198]

[2026-01-19 14:56:59.020] [INFO   ] Successfully closed document: E-LAM-151.dwg
    Source: DraftSightHelper.cs -> CloseDocument() [Line 205]

[2026-01-19 14:56:59.027] [DEBUG  ] Generating thumbnail for: Y:\Autocad\Template\~LAMACOIDS\Lams\E-LAM-151.pdf
    Source: ThumbnailGenerator.cs -> GenerateThumbnail() [Line 68]

[2026-01-19 14:56:59.027] [INFO   ] Creating placeholder thumbnail (PDF rendering disabled): C:\Users\dlebel\Downloads\LamCreator-main (1)\LamCreator-main\Lamacoid Creator\Lamacoid Creator\bin\Debug\Thumbnails\E-LAM-151.png
    Source: ThumbnailGenerator.cs -> GenerateThumbnail() [Line 72]

[2026-01-19 14:56:59.039] [DEBUG  ] OpenTemplate called for: Y:\Autocad\Template\~LAMACOIDS\Lams\E-LAM-152.dwg
    Source: DraftSightHelper.cs -> OpenTemplate() [Line 87]

[2026-01-19 14:56:59.616] [INFO   ] Performance: Opening document E-LAM-152.dwg completed in 569ms
    Source: DraftSightHelper.cs -> OpenTemplate() [Line 108]

[2026-01-19 14:56:59.617] [INFO   ] Successfully opened template: E-LAM-152.dwg
    Source: DraftSightHelper.cs -> OpenTemplate() [Line 109]

[2026-01-19 14:56:59.625] [DEBUG  ] Extracted properties from E-LAM-152: Contents='DO4-01', Colour='ORANGE WITH BLACK TEXT'
    Source: LamacoidIndex.cs -> ExtractPropertiesFromDwg() [Line 177]

[2026-01-19 14:56:59.626] [DEBUG  ] CloseDocument called for: E-LAM-152.dwg
    Source: DraftSightHelper.cs -> CloseDocument() [Line 198]

[2026-01-19 14:56:59.892] [INFO   ] Successfully closed document: E-LAM-152.dwg
    Source: DraftSightHelper.cs -> CloseDocument() [Line 205]

[2026-01-19 14:56:59.903] [DEBUG  ] Generating thumbnail for: Y:\Autocad\Template\~LAMACOIDS\Lams\E-LAM-152.pdf
    Source: ThumbnailGenerator.cs -> GenerateThumbnail() [Line 68]

[2026-01-19 14:56:59.903] [INFO   ] Creating placeholder thumbnail (PDF rendering disabled): C:\Users\dlebel\Downloads\LamCreator-main (1)\LamCreator-main\Lamacoid Creator\Lamacoid Creator\bin\Debug\Thumbnails\E-LAM-152.png
    Source: ThumbnailGenerator.cs -> GenerateThumbnail() [Line 72]

[2026-01-19 14:56:59.916] [DEBUG  ] OpenTemplate called for: Y:\Autocad\Template\~LAMACOIDS\Lams\E-LAM-153.dwg
    Source: DraftSightHelper.cs -> OpenTemplate() [Line 87]

[2026-01-19 14:57:00.438] [INFO   ] Performance: Opening document E-LAM-153.dwg completed in 521ms
    Source: DraftSightHelper.cs -> OpenTemplate() [Line 108]

[2026-01-19 14:57:00.438] [INFO   ] Successfully opened template: E-LAM-153.dwg
    Source: DraftSightHelper.cs -> OpenTemplate() [Line 109]

[2026-01-19 14:57:00.441] [DEBUG  ] Extracted properties from E-LAM-153: Contents='DO4-02', Colour='ORANGE WITH BLACK TEXT'
    Source: LamacoidIndex.cs -> ExtractPropertiesFromDwg() [Line 177]

[2026-01-19 14:57:00.441] [DEBUG  ] CloseDocument called for: E-LAM-153.dwg
    Source: DraftSightHelper.cs -> CloseDocument() [Line 198]

[2026-01-19 14:57:00.720] [INFO   ] Successfully closed document: E-LAM-153.dwg
    Source: DraftSightHelper.cs -> CloseDocument() [Line 205]

[2026-01-19 14:57:00.728] [DEBUG  ] Generating thumbnail for: Y:\Autocad\Template\~LAMACOIDS\Lams\E-LAM-153.pdf
    Source: ThumbnailGenerator.cs -> GenerateThumbnail() [Line 68]

[2026-01-19 14:57:00.728] [INFO   ] Creating placeholder thumbnail (PDF rendering disabled): C:\Users\dlebel\Downloads\LamCreator-main (1)\LamCreator-main\Lamacoid Creator\Lamacoid Creator\bin\Debug\Thumbnails\E-LAM-153.png
    Source: ThumbnailGenerator.cs -> GenerateThumbnail() [Line 72]

[2026-01-19 14:57:00.736] [DEBUG  ] OpenTemplate called for: Y:\Autocad\Template\~LAMACOIDS\Lams\E-LAM-154.dwg
    Source: DraftSightHelper.cs -> OpenTemplate() [Line 87]

[2026-01-19 14:57:01.242] [INFO   ] Performance: Opening document E-LAM-154.dwg completed in 495ms
    Source: DraftSightHelper.cs -> OpenTemplate() [Line 108]

[2026-01-19 14:57:01.242] [INFO   ] Successfully opened template: E-LAM-154.dwg
    Source: DraftSightHelper.cs -> OpenTemplate() [Line 109]

[2026-01-19 14:57:01.250] [DEBUG  ] Extracted properties from E-LAM-154: Contents='DO4-03', Colour='ORANGE WITH BLACK TEXT'
    Source: LamacoidIndex.cs -> ExtractPropertiesFromDwg() [Line 177]

[2026-01-19 14:57:01.251] [DEBUG  ] CloseDocument called for: E-LAM-154.dwg
    Source: DraftSightHelper.cs -> CloseDocument() [Line 198]

[2026-01-19 14:57:01.532] [INFO   ] Successfully closed document: E-LAM-154.dwg
    Source: DraftSightHelper.cs -> CloseDocument() [Line 205]

[2026-01-19 14:57:01.535] [DEBUG  ] Generating thumbnail for: Y:\Autocad\Template\~LAMACOIDS\Lams\E-LAM-154.pdf
    Source: ThumbnailGenerator.cs -> GenerateThumbnail() [Line 68]

[2026-01-19 14:57:01.535] [INFO   ] Creating placeholder thumbnail (PDF rendering disabled): C:\Users\dlebel\Downloads\LamCreator-main (1)\LamCreator-main\Lamacoid Creator\Lamacoid Creator\bin\Debug\Thumbnails\E-LAM-154.png
    Source: ThumbnailGenerator.cs -> GenerateThumbnail() [Line 72]

[2026-01-19 14:57:01.552] [DEBUG  ] OpenTemplate called for: Y:\Autocad\Template\~LAMACOIDS\Lams\E-LAM-155.dwg
    Source: DraftSightHelper.cs -> OpenTemplate() [Line 87]

[2026-01-19 14:57:02.068] [INFO   ] Performance: Opening document E-LAM-155.dwg completed in 515ms
    Source: DraftSightHelper.cs -> OpenTemplate() [Line 108]

[2026-01-19 14:57:02.069] [INFO   ] Successfully opened template: E-LAM-155.dwg
    Source: DraftSightHelper.cs -> OpenTemplate() [Line 109]

[2026-01-19 14:57:02.077] [DEBUG  ] Extracted properties from E-LAM-155: Contents='DO4-04', Colour='ORANGE WITH BLACK TEXT'
    Source: LamacoidIndex.cs -> ExtractPropertiesFromDwg() [Line 177]

[2026-01-19 14:57:02.078] [DEBUG  ] CloseDocument called for: E-LAM-155.dwg
    Source: DraftSightHelper.cs -> CloseDocument() [Line 198]

[2026-01-19 14:57:02.345] [INFO   ] Successfully closed document: E-LAM-155.dwg
    Source: DraftSightHelper.cs -> CloseDocument() [Line 205]

[2026-01-19 14:57:02.353] [DEBUG  ] Generating thumbnail for: Y:\Autocad\Template\~LAMACOIDS\Lams\E-LAM-155.pdf
    Source: ThumbnailGenerator.cs -> GenerateThumbnail() [Line 68]

[2026-01-19 14:57:02.353] [INFO   ] Creating placeholder thumbnail (PDF rendering disabled): C:\Users\dlebel\Downloads\LamCreator-main (1)\LamCreator-main\Lamacoid Creator\Lamacoid Creator\bin\Debug\Thumbnails\E-LAM-155.png
    Source: ThumbnailGenerator.cs -> GenerateThumbnail() [Line 72]

[2026-01-19 14:57:02.370] [DEBUG  ] OpenTemplate called for: Y:\Autocad\Template\~LAMACOIDS\Lams\E-LAM-156.dwg
    Source: DraftSightHelper.cs -> OpenTemplate() [Line 87]

[2026-01-19 14:57:02.853] [INFO   ] Performance: Opening document E-LAM-156.dwg completed in 497ms
    Source: DraftSightHelper.cs -> OpenTemplate() [Line 108]

[2026-01-19 14:57:02.869] [INFO   ] Successfully opened template: E-LAM-156.dwg
    Source: DraftSightHelper.cs -> OpenTemplate() [Line 109]

[2026-01-19 14:57:02.872] [DEBUG  ] Extracted properties from E-LAM-156: Contents='DI3-01', Colour='ORANGE WITH BLACK TEXT'
    Source: LamacoidIndex.cs -> ExtractPropertiesFromDwg() [Line 177]

[2026-01-19 14:57:02.872] [DEBUG  ] CloseDocument called for: E-LAM-156.dwg
    Source: DraftSightHelper.cs -> CloseDocument() [Line 198]

[2026-01-19 14:57:03.147] [INFO   ] Successfully closed document: E-LAM-156.dwg
    Source: DraftSightHelper.cs -> CloseDocument() [Line 205]

[2026-01-19 14:57:03.151] [DEBUG  ] Generating thumbnail for: Y:\Autocad\Template\~LAMACOIDS\Lams\E-LAM-156.pdf
    Source: ThumbnailGenerator.cs -> GenerateThumbnail() [Line 68]

[2026-01-19 14:57:03.151] [INFO   ] Creating placeholder thumbnail (PDF rendering disabled): C:\Users\dlebel\Downloads\LamCreator-main (1)\LamCreator-main\Lamacoid Creator\Lamacoid Creator\bin\Debug\Thumbnails\E-LAM-156.png
    Source: ThumbnailGenerator.cs -> GenerateThumbnail() [Line 72]

[2026-01-19 14:57:03.155] [DEBUG  ] OpenTemplate called for: Y:\Autocad\Template\~LAMACOIDS\Lams\E-LAM-157.dwg
    Source: DraftSightHelper.cs -> OpenTemplate() [Line 87]

[2026-01-19 14:57:03.661] [INFO   ] Performance: Opening document E-LAM-157.dwg completed in 494ms
    Source: DraftSightHelper.cs -> OpenTemplate() [Line 108]

[2026-01-19 14:57:03.661] [INFO   ] Successfully opened template: E-LAM-157.dwg
    Source: DraftSightHelper.cs -> OpenTemplate() [Line 109]

[2026-01-19 14:57:03.670] [DEBUG  ] Extracted properties from E-LAM-157: Contents='DI3-02', Colour='ORANGE WITH BLACK TEXT'
    Source: LamacoidIndex.cs -> ExtractPropertiesFromDwg() [Line 177]

[2026-01-19 14:57:03.670] [DEBUG  ] CloseDocument called for: E-LAM-157.dwg
    Source: DraftSightHelper.cs -> CloseDocument() [Line 198]

[2026-01-19 14:57:03.942] [INFO   ] Successfully closed document: E-LAM-157.dwg
    Source: DraftSightHelper.cs -> CloseDocument() [Line 205]

[2026-01-19 14:57:03.945] [DEBUG  ] Generating thumbnail for: Y:\Autocad\Template\~LAMACOIDS\Lams\E-LAM-157.pdf
    Source: ThumbnailGenerator.cs -> GenerateThumbnail() [Line 68]

[2026-01-19 14:57:03.945] [INFO   ] Creating placeholder thumbnail (PDF rendering disabled): C:\Users\dlebel\Downloads\LamCreator-main (1)\LamCreator-main\Lamacoid Creator\Lamacoid Creator\bin\Debug\Thumbnails\E-LAM-157.png
    Source: ThumbnailGenerator.cs -> GenerateThumbnail() [Line 72]

[2026-01-19 14:57:03.954] [DEBUG  ] OpenTemplate called for: Y:\Autocad\Template\~LAMACOIDS\Lams\E-LAM-158.dwg
    Source: DraftSightHelper.cs -> OpenTemplate() [Line 87]

[2026-01-19 14:57:04.461] [INFO   ] Performance: Opening document E-LAM-158.dwg completed in 496ms
    Source: DraftSightHelper.cs -> OpenTemplate() [Line 108]

[2026-01-19 14:57:04.461] [INFO   ] Successfully opened template: E-LAM-158.dwg
    Source: DraftSightHelper.cs -> OpenTemplate() [Line 109]

[2026-01-19 14:57:04.474] [DEBUG  ] Extracted properties from E-LAM-158: Contents='DI3-03', Colour='ORANGE WITH BLACK TEXT'
    Source: LamacoidIndex.cs -> ExtractPropertiesFromDwg() [Line 177]

[2026-01-19 14:57:04.474] [DEBUG  ] CloseDocument called for: E-LAM-158.dwg
    Source: DraftSightHelper.cs -> CloseDocument() [Line 198]

[2026-01-19 14:57:04.736] [INFO   ] Successfully closed document: E-LAM-158.dwg
    Source: DraftSightHelper.cs -> CloseDocument() [Line 205]

[2026-01-19 14:57:04.755] [DEBUG  ] Generating thumbnail for: Y:\Autocad\Template\~LAMACOIDS\Lams\E-LAM-158.pdf
    Source: ThumbnailGenerator.cs -> GenerateThumbnail() [Line 68]

[2026-01-19 14:57:04.755] [INFO   ] Creating placeholder thumbnail (PDF rendering disabled): C:\Users\dlebel\Downloads\LamCreator-main (1)\LamCreator-main\Lamacoid Creator\Lamacoid Creator\bin\Debug\Thumbnails\E-LAM-158.png
    Source: ThumbnailGenerator.cs -> GenerateThumbnail() [Line 72]

[2026-01-19 14:57:04.774] [DEBUG  ] OpenTemplate called for: Y:\Autocad\Template\~LAMACOIDS\Lams\E-LAM-159.dwg
    Source: DraftSightHelper.cs -> OpenTemplate() [Line 87]

[2026-01-19 14:57:05.254] [INFO   ] Performance: Opening document E-LAM-159.dwg completed in 490ms
    Source: DraftSightHelper.cs -> OpenTemplate() [Line 108]

[2026-01-19 14:57:05.254] [INFO   ] Successfully opened template: E-LAM-159.dwg
    Source: DraftSightHelper.cs -> OpenTemplate() [Line 109]

[2026-01-19 14:57:05.270] [DEBUG  ] Extracted properties from E-LAM-159: Contents='DI3-04', Colour='ORANGE WITH BLACK TEXT'
    Source: LamacoidIndex.cs -> ExtractPropertiesFromDwg() [Line 177]

[2026-01-19 14:57:05.270] [DEBUG  ] CloseDocument called for: E-LAM-159.dwg
    Source: DraftSightHelper.cs -> CloseDocument() [Line 198]

[2026-01-19 14:57:05.549] [INFO   ] Successfully closed document: E-LAM-159.dwg
    Source: DraftSightHelper.cs -> CloseDocument() [Line 205]

[2026-01-19 14:57:05.552] [DEBUG  ] Generating thumbnail for: Y:\Autocad\Template\~LAMACOIDS\Lams\E-LAM-159.pdf
    Source: ThumbnailGenerator.cs -> GenerateThumbnail() [Line 68]

[2026-01-19 14:57:05.552] [INFO   ] Creating placeholder thumbnail (PDF rendering disabled): C:\Users\dlebel\Downloads\LamCreator-main (1)\LamCreator-main\Lamacoid Creator\Lamacoid Creator\bin\Debug\Thumbnails\E-LAM-159.png
    Source: ThumbnailGenerator.cs -> GenerateThumbnail() [Line 72]

[2026-01-19 14:57:05.571] [DEBUG  ] OpenTemplate called for: Y:\Autocad\Template\~LAMACOIDS\Lams\E-LAM-160.dwg
    Source: DraftSightHelper.cs -> OpenTemplate() [Line 87]

[2026-01-19 14:57:06.051] [INFO   ] Performance: Opening document E-LAM-160.dwg completed in 490ms
    Source: DraftSightHelper.cs -> OpenTemplate() [Line 108]

[2026-01-19 14:57:06.051] [INFO   ] Successfully opened template: E-LAM-160.dwg
    Source: DraftSightHelper.cs -> OpenTemplate() [Line 109]

[2026-01-19 14:57:06.072] [DEBUG  ] Extracted properties from E-LAM-160: Contents='AI3-01', Colour='ORANGE WITH BLACK TEXT'
    Source: LamacoidIndex.cs -> ExtractPropertiesFromDwg() [Line 177]

[2026-01-19 14:57:06.072] [DEBUG  ] CloseDocument called for: E-LAM-160.dwg
    Source: DraftSightHelper.cs -> CloseDocument() [Line 198]

[2026-01-19 14:57:06.343] [INFO   ] Successfully closed document: E-LAM-160.dwg
    Source: DraftSightHelper.cs -> CloseDocument() [Line 205]

[2026-01-19 14:57:06.347] [DEBUG  ] Generating thumbnail for: Y:\Autocad\Template\~LAMACOIDS\Lams\E-LAM-160.pdf
    Source: ThumbnailGenerator.cs -> GenerateThumbnail() [Line 68]

[2026-01-19 14:57:06.347] [INFO   ] Creating placeholder thumbnail (PDF rendering disabled): C:\Users\dlebel\Downloads\LamCreator-main (1)\LamCreator-main\Lamacoid Creator\Lamacoid Creator\bin\Debug\Thumbnails\E-LAM-160.png
    Source: ThumbnailGenerator.cs -> GenerateThumbnail() [Line 72]

[2026-01-19 14:57:06.354] [DEBUG  ] OpenTemplate called for: Y:\Autocad\Template\~LAMACOIDS\Lams\E-LAM-161.dwg
    Source: DraftSightHelper.cs -> OpenTemplate() [Line 87]

[2026-01-19 14:57:06.854] [INFO   ] Performance: Opening document E-LAM-161.dwg completed in 487ms
    Source: DraftSightHelper.cs -> OpenTemplate() [Line 108]

[2026-01-19 14:57:06.854] [INFO   ] Successfully opened template: E-LAM-161.dwg
    Source: DraftSightHelper.cs -> OpenTemplate() [Line 109]

[2026-01-19 14:57:06.865] [DEBUG  ] Extracted properties from E-LAM-161: Contents='AI3-02', Colour='ORANGE WITH BLACK TEXT'
    Source: LamacoidIndex.cs -> ExtractPropertiesFromDwg() [Line 177]

[2026-01-19 14:57:06.865] [DEBUG  ] CloseDocument called for: E-LAM-161.dwg
    Source: DraftSightHelper.cs -> CloseDocument() [Line 198]

[2026-01-19 14:57:07.135] [INFO   ] Successfully closed document: E-LAM-161.dwg
    Source: DraftSightHelper.cs -> CloseDocument() [Line 205]

[2026-01-19 14:57:07.135] [DEBUG  ] Generating thumbnail for: Y:\Autocad\Template\~LAMACOIDS\Lams\E-LAM-161.pdf
    Source: ThumbnailGenerator.cs -> GenerateThumbnail() [Line 68]

[2026-01-19 14:57:07.135] [INFO   ] Creating placeholder thumbnail (PDF rendering disabled): C:\Users\dlebel\Downloads\LamCreator-main (1)\LamCreator-main\Lamacoid Creator\Lamacoid Creator\bin\Debug\Thumbnails\E-LAM-161.png
    Source: ThumbnailGenerator.cs -> GenerateThumbnail() [Line 72]

[2026-01-19 14:57:07.163] [DEBUG  ] OpenTemplate called for: Y:\Autocad\Template\~LAMACOIDS\Lams\E-LAM-162.dwg
    Source: DraftSightHelper.cs -> OpenTemplate() [Line 87]

[2026-01-19 14:57:07.683] [INFO   ] Performance: Opening document E-LAM-162.dwg completed in 518ms
    Source: DraftSightHelper.cs -> OpenTemplate() [Line 108]

[2026-01-19 14:57:07.683] [INFO   ] Successfully opened template: E-LAM-162.dwg
    Source: DraftSightHelper.cs -> OpenTemplate() [Line 109]

[2026-01-19 14:57:07.695] [DEBUG  ] Extracted properties from E-LAM-162: Contents='AI3-03', Colour='ORANGE WITH BLACK TEXT'
    Source: LamacoidIndex.cs -> ExtractPropertiesFromDwg() [Line 177]

[2026-01-19 14:57:07.696] [DEBUG  ] CloseDocument called for: E-LAM-162.dwg
    Source: DraftSightHelper.cs -> CloseDocument() [Line 198]

[2026-01-19 14:57:07.970] [INFO   ] Successfully closed document: E-LAM-162.dwg
    Source: DraftSightHelper.cs -> CloseDocument() [Line 205]

[2026-01-19 14:57:07.970] [DEBUG  ] Generating thumbnail for: Y:\Autocad\Template\~LAMACOIDS\Lams\E-LAM-162.pdf
    Source: ThumbnailGenerator.cs -> GenerateThumbnail() [Line 68]

[2026-01-19 14:57:07.970] [INFO   ] Creating placeholder thumbnail (PDF rendering disabled): C:\Users\dlebel\Downloads\LamCreator-main (1)\LamCreator-main\Lamacoid Creator\Lamacoid Creator\bin\Debug\Thumbnails\E-LAM-162.png
    Source: ThumbnailGenerator.cs -> GenerateThumbnail() [Line 72]

[2026-01-19 14:57:07.986] [DEBUG  ] OpenTemplate called for: Y:\Autocad\Template\~LAMACOIDS\Lams\E-LAM-163.dwg
    Source: DraftSightHelper.cs -> OpenTemplate() [Line 87]

[2026-01-19 14:57:08.471] [INFO   ] Performance: Opening document E-LAM-163.dwg completed in 491ms
    Source: DraftSightHelper.cs -> OpenTemplate() [Line 108]

[2026-01-19 14:57:08.471] [INFO   ] Successfully opened template: E-LAM-163.dwg
    Source: DraftSightHelper.cs -> OpenTemplate() [Line 109]

[2026-01-19 14:57:08.487] [DEBUG  ] Extracted properties from E-LAM-163: Contents='AI3-04', Colour='ORANGE WITH BLACK TEXT'
    Source: LamacoidIndex.cs -> ExtractPropertiesFromDwg() [Line 177]

[2026-01-19 14:57:08.487] [DEBUG  ] CloseDocument called for: E-LAM-163.dwg
    Source: DraftSightHelper.cs -> CloseDocument() [Line 198]

[2026-01-19 14:57:08.755] [INFO   ] Successfully closed document: E-LAM-163.dwg
    Source: DraftSightHelper.cs -> CloseDocument() [Line 205]

[2026-01-19 14:57:08.773] [DEBUG  ] Generating thumbnail for: Y:\Autocad\Template\~LAMACOIDS\Lams\E-LAM-163.pdf
    Source: ThumbnailGenerator.cs -> GenerateThumbnail() [Line 68]

[2026-01-19 14:57:08.773] [INFO   ] Creating placeholder thumbnail (PDF rendering disabled): C:\Users\dlebel\Downloads\LamCreator-main (1)\LamCreator-main\Lamacoid Creator\Lamacoid Creator\bin\Debug\Thumbnails\E-LAM-163.png
    Source: ThumbnailGenerator.cs -> GenerateThumbnail() [Line 72]

[2026-01-19 14:57:08.788] [DEBUG  ] OpenTemplate called for: Y:\Autocad\Template\~LAMACOIDS\Lams\E-LAM-164.dwg
    Source: DraftSightHelper.cs -> OpenTemplate() [Line 87]

[2026-01-19 14:57:09.319] [INFO   ] Performance: Opening document E-LAM-164.dwg completed in 530ms
    Source: DraftSightHelper.cs -> OpenTemplate() [Line 108]

[2026-01-19 14:57:09.319] [INFO   ] Successfully opened template: E-LAM-164.dwg
    Source: DraftSightHelper.cs -> OpenTemplate() [Line 109]

[2026-01-19 14:57:09.328] [DEBUG  ] Extracted properties from E-LAM-164: Contents='DO1-01', Colour='ORANGE WITH BLACK TEXT'
    Source: LamacoidIndex.cs -> ExtractPropertiesFromDwg() [Line 177]

[2026-01-19 14:57:09.328] [DEBUG  ] CloseDocument called for: E-LAM-164.dwg
    Source: DraftSightHelper.cs -> CloseDocument() [Line 198]

[2026-01-19 14:57:09.607] [INFO   ] Successfully closed document: E-LAM-164.dwg
    Source: DraftSightHelper.cs -> CloseDocument() [Line 205]

[2026-01-19 14:57:09.610] [DEBUG  ] Generating thumbnail for: Y:\Autocad\Template\~LAMACOIDS\Lams\E-LAM-164.pdf
    Source: ThumbnailGenerator.cs -> GenerateThumbnail() [Line 68]

[2026-01-19 14:57:09.610] [INFO   ] Creating placeholder thumbnail (PDF rendering disabled): C:\Users\dlebel\Downloads\LamCreator-main (1)\LamCreator-main\Lamacoid Creator\Lamacoid Creator\bin\Debug\Thumbnails\E-LAM-164.png
    Source: ThumbnailGenerator.cs -> GenerateThumbnail() [Line 72]

[2026-01-19 14:57:09.620] [DEBUG  ] OpenTemplate called for: Y:\Autocad\Template\~LAMACOIDS\Lams\E-LAM-165.dwg
    Source: DraftSightHelper.cs -> OpenTemplate() [Line 87]

[2026-01-19 14:57:10.121] [INFO   ] Performance: Opening document E-LAM-165.dwg completed in 494ms
    Source: DraftSightHelper.cs -> OpenTemplate() [Line 108]

[2026-01-19 14:57:10.122] [INFO   ] Successfully opened template: E-LAM-165.dwg
    Source: DraftSightHelper.cs -> OpenTemplate() [Line 109]

[2026-01-19 14:57:10.130] [DEBUG  ] Extracted properties from E-LAM-165: Contents='DO1-02', Colour='ORANGE WITH BLACK TEXT'
    Source: LamacoidIndex.cs -> ExtractPropertiesFromDwg() [Line 177]

[2026-01-19 14:57:10.130] [DEBUG  ] CloseDocument called for: E-LAM-165.dwg
    Source: DraftSightHelper.cs -> CloseDocument() [Line 198]

[2026-01-19 14:57:10.407] [INFO   ] Successfully closed document: E-LAM-165.dwg
    Source: DraftSightHelper.cs -> CloseDocument() [Line 205]

[2026-01-19 14:57:10.410] [DEBUG  ] Generating thumbnail for: Y:\Autocad\Template\~LAMACOIDS\Lams\E-LAM-165.pdf
    Source: ThumbnailGenerator.cs -> GenerateThumbnail() [Line 68]

[2026-01-19 14:57:10.410] [INFO   ] Creating placeholder thumbnail (PDF rendering disabled): C:\Users\dlebel\Downloads\LamCreator-main (1)\LamCreator-main\Lamacoid Creator\Lamacoid Creator\bin\Debug\Thumbnails\E-LAM-165.png
    Source: ThumbnailGenerator.cs -> GenerateThumbnail() [Line 72]

[2026-01-19 14:57:10.438] [DEBUG  ] OpenTemplate called for: Y:\Autocad\Template\~LAMACOIDS\Lams\E-LAM-166.dwg
    Source: DraftSightHelper.cs -> OpenTemplate() [Line 87]

[2026-01-19 14:57:10.936] [INFO   ] Performance: Opening document E-LAM-166.dwg completed in 497ms
    Source: DraftSightHelper.cs -> OpenTemplate() [Line 108]

[2026-01-19 14:57:10.936] [INFO   ] Successfully opened template: E-LAM-166.dwg
    Source: DraftSightHelper.cs -> OpenTemplate() [Line 109]

[2026-01-19 14:57:10.937] [DEBUG  ] Extracted properties from E-LAM-166: Contents='DO1-03', Colour='ORANGE WITH BLACK TEXT'
    Source: LamacoidIndex.cs -> ExtractPropertiesFromDwg() [Line 177]

[2026-01-19 14:57:10.937] [DEBUG  ] CloseDocument called for: E-LAM-166.dwg
    Source: DraftSightHelper.cs -> CloseDocument() [Line 198]

[2026-01-19 14:57:11.221] [INFO   ] Successfully closed document: E-LAM-166.dwg
    Source: DraftSightHelper.cs -> CloseDocument() [Line 205]

[2026-01-19 14:57:11.221] [DEBUG  ] Generating thumbnail for: Y:\Autocad\Template\~LAMACOIDS\Lams\E-LAM-166.pdf
    Source: ThumbnailGenerator.cs -> GenerateThumbnail() [Line 68]

[2026-01-19 14:57:11.221] [INFO   ] Creating placeholder thumbnail (PDF rendering disabled): C:\Users\dlebel\Downloads\LamCreator-main (1)\LamCreator-main\Lamacoid Creator\Lamacoid Creator\bin\Debug\Thumbnails\E-LAM-166.png
    Source: ThumbnailGenerator.cs -> GenerateThumbnail() [Line 72]

[2026-01-19 14:57:11.238] [DEBUG  ] OpenTemplate called for: Y:\Autocad\Template\~LAMACOIDS\Lams\E-LAM-167.dwg
    Source: DraftSightHelper.cs -> OpenTemplate() [Line 87]

[2026-01-19 14:57:11.742] [INFO   ] Performance: Opening document E-LAM-167.dwg completed in 500ms
    Source: DraftSightHelper.cs -> OpenTemplate() [Line 108]

[2026-01-19 14:57:11.742] [INFO   ] Successfully opened template: E-LAM-167.dwg
    Source: DraftSightHelper.cs -> OpenTemplate() [Line 109]

[2026-01-19 14:57:11.742] [DEBUG  ] Extracted properties from E-LAM-167: Contents='DO1-04', Colour='ORANGE WITH BLACK TEXT'
    Source: LamacoidIndex.cs -> ExtractPropertiesFromDwg() [Line 177]

[2026-01-19 14:57:11.742] [DEBUG  ] CloseDocument called for: E-LAM-167.dwg
    Source: DraftSightHelper.cs -> CloseDocument() [Line 198]

[2026-01-19 14:57:12.024] [INFO   ] Successfully closed document: E-LAM-167.dwg
    Source: DraftSightHelper.cs -> CloseDocument() [Line 205]

[2026-01-19 14:57:12.027] [DEBUG  ] Generating thumbnail for: Y:\Autocad\Template\~LAMACOIDS\Lams\E-LAM-167.pdf
    Source: ThumbnailGenerator.cs -> GenerateThumbnail() [Line 68]

[2026-01-19 14:57:12.027] [INFO   ] Creating placeholder thumbnail (PDF rendering disabled): C:\Users\dlebel\Downloads\LamCreator-main (1)\LamCreator-main\Lamacoid Creator\Lamacoid Creator\bin\Debug\Thumbnails\E-LAM-167.png
    Source: ThumbnailGenerator.cs -> GenerateThumbnail() [Line 72]

[2026-01-19 14:57:12.046] [DEBUG  ] OpenTemplate called for: Y:\Autocad\Template\~LAMACOIDS\Lams\E-LAM-168.dwg
    Source: DraftSightHelper.cs -> OpenTemplate() [Line 87]

[2026-01-19 14:57:12.590] [INFO   ] Performance: Opening document E-LAM-168.dwg completed in 543ms
    Source: DraftSightHelper.cs -> OpenTemplate() [Line 108]

[2026-01-19 14:57:12.590] [INFO   ] Successfully opened template: E-LAM-168.dwg
    Source: DraftSightHelper.cs -> OpenTemplate() [Line 109]

[2026-01-19 14:57:12.599] [DEBUG  ] Extracted properties from E-LAM-168: Contents='CT1-01', Colour='ORANGE WITH BLACK TEXT'
    Source: LamacoidIndex.cs -> ExtractPropertiesFromDwg() [Line 177]

[2026-01-19 14:57:12.599] [DEBUG  ] CloseDocument called for: E-LAM-168.dwg
    Source: DraftSightHelper.cs -> CloseDocument() [Line 198]

[2026-01-19 14:57:12.871] [INFO   ] Successfully closed document: E-LAM-168.dwg
    Source: DraftSightHelper.cs -> CloseDocument() [Line 205]

[2026-01-19 14:57:12.875] [DEBUG  ] Generating thumbnail for: Y:\Autocad\Template\~LAMACOIDS\Lams\E-LAM-168.pdf
    Source: ThumbnailGenerator.cs -> GenerateThumbnail() [Line 68]

[2026-01-19 14:57:12.875] [INFO   ] Creating placeholder thumbnail (PDF rendering disabled): C:\Users\dlebel\Downloads\LamCreator-main (1)\LamCreator-main\Lamacoid Creator\Lamacoid Creator\bin\Debug\Thumbnails\E-LAM-168.png
    Source: ThumbnailGenerator.cs -> GenerateThumbnail() [Line 72]

[2026-01-19 14:57:12.896] [DEBUG  ] OpenTemplate called for: Y:\Autocad\Template\~LAMACOIDS\Lams\E-LAM-169.dwg
    Source: DraftSightHelper.cs -> OpenTemplate() [Line 87]

[2026-01-19 14:57:13.437] [INFO   ] Performance: Opening document E-LAM-169.dwg completed in 540ms
    Source: DraftSightHelper.cs -> OpenTemplate() [Line 108]

[2026-01-19 14:57:13.438] [INFO   ] Successfully opened template: E-LAM-169.dwg
    Source: DraftSightHelper.cs -> OpenTemplate() [Line 109]

[2026-01-19 14:57:13.446] [DEBUG  ] Extracted properties from E-LAM-169: Contents='CT1-02', Colour='ORANGE WITH BLACK TEXT'
    Source: LamacoidIndex.cs -> ExtractPropertiesFromDwg() [Line 177]

[2026-01-19 14:57:13.446] [DEBUG  ] CloseDocument called for: E-LAM-169.dwg
    Source: DraftSightHelper.cs -> CloseDocument() [Line 198]

[2026-01-19 14:57:13.729] [INFO   ] Successfully closed document: E-LAM-169.dwg
    Source: DraftSightHelper.cs -> CloseDocument() [Line 205]

[2026-01-19 14:57:13.731] [DEBUG  ] Generating thumbnail for: Y:\Autocad\Template\~LAMACOIDS\Lams\E-LAM-169.pdf
    Source: ThumbnailGenerator.cs -> GenerateThumbnail() [Line 68]

[2026-01-19 14:57:13.731] [INFO   ] Creating placeholder thumbnail (PDF rendering disabled): C:\Users\dlebel\Downloads\LamCreator-main (1)\LamCreator-main\Lamacoid Creator\Lamacoid Creator\bin\Debug\Thumbnails\E-LAM-169.png
    Source: ThumbnailGenerator.cs -> GenerateThumbnail() [Line 72]

[2026-01-19 14:57:13.748] [DEBUG  ] OpenTemplate called for: Y:\Autocad\Template\~LAMACOIDS\Lams\E-LAM-170.dwg
    Source: DraftSightHelper.cs -> OpenTemplate() [Line 87]

[2026-01-19 14:57:14.270] [INFO   ] Performance: Opening document E-LAM-170.dwg completed in 520ms
    Source: DraftSightHelper.cs -> OpenTemplate() [Line 108]

[2026-01-19 14:57:14.270] [INFO   ] Successfully opened template: E-LAM-170.dwg
    Source: DraftSightHelper.cs -> OpenTemplate() [Line 109]

[2026-01-19 14:57:14.273] [DEBUG  ] Extracted properties from E-LAM-170: Contents='CT1-03', Colour='ORANGE WITH BLACK TEXT'
    Source: LamacoidIndex.cs -> ExtractPropertiesFromDwg() [Line 177]

[2026-01-19 14:57:14.273] [DEBUG  ] CloseDocument called for: E-LAM-170.dwg
    Source: DraftSightHelper.cs -> CloseDocument() [Line 198]

[2026-01-19 14:57:14.551] [INFO   ] Successfully closed document: E-LAM-170.dwg
    Source: DraftSightHelper.cs -> CloseDocument() [Line 205]

[2026-01-19 14:57:14.551] [DEBUG  ] Generating thumbnail for: Y:\Autocad\Template\~LAMACOIDS\Lams\E-LAM-170.pdf
    Source: ThumbnailGenerator.cs -> GenerateThumbnail() [Line 68]

[2026-01-19 14:57:14.551] [INFO   ] Creating placeholder thumbnail (PDF rendering disabled): C:\Users\dlebel\Downloads\LamCreator-main (1)\LamCreator-main\Lamacoid Creator\Lamacoid Creator\bin\Debug\Thumbnails\E-LAM-170.png
    Source: ThumbnailGenerator.cs -> GenerateThumbnail() [Line 72]

[2026-01-19 14:57:14.570] [DEBUG  ] OpenTemplate called for: Y:\Autocad\Template\~LAMACOIDS\Lams\E-LAM-171.dwg
    Source: DraftSightHelper.cs -> OpenTemplate() [Line 87]

[2026-01-19 14:57:15.097] [INFO   ] Performance: Opening document E-LAM-171.dwg completed in 514ms
    Source: DraftSightHelper.cs -> OpenTemplate() [Line 108]

[2026-01-19 14:57:15.097] [INFO   ] Successfully opened template: E-LAM-171.dwg
    Source: DraftSightHelper.cs -> OpenTemplate() [Line 109]

[2026-01-19 14:57:15.106] [DEBUG  ] Extracted properties from E-LAM-171: Contents='CT1-04', Colour='ORANGE WITH BLACK TEXT'
    Source: LamacoidIndex.cs -> ExtractPropertiesFromDwg() [Line 177]

[2026-01-19 14:57:15.106] [DEBUG  ] CloseDocument called for: E-LAM-171.dwg
    Source: DraftSightHelper.cs -> CloseDocument() [Line 198]

[2026-01-19 14:57:15.369] [INFO   ] Successfully closed document: E-LAM-171.dwg
    Source: DraftSightHelper.cs -> CloseDocument() [Line 205]

[2026-01-19 14:57:15.369] [DEBUG  ] Generating thumbnail for: Y:\Autocad\Template\~LAMACOIDS\Lams\E-LAM-171.pdf
    Source: ThumbnailGenerator.cs -> GenerateThumbnail() [Line 68]

[2026-01-19 14:57:15.369] [INFO   ] Creating placeholder thumbnail (PDF rendering disabled): C:\Users\dlebel\Downloads\LamCreator-main (1)\LamCreator-main\Lamacoid Creator\Lamacoid Creator\bin\Debug\Thumbnails\E-LAM-171.png
    Source: ThumbnailGenerator.cs -> GenerateThumbnail() [Line 72]

[2026-01-19 14:57:15.385] [DEBUG  ] OpenTemplate called for: Y:\Autocad\Template\~LAMACOIDS\Lams\E-LAM-172.dwg
    Source: DraftSightHelper.cs -> OpenTemplate() [Line 87]

[2026-01-19 14:57:15.886] [INFO   ] Performance: Opening document E-LAM-172.dwg completed in 488ms
    Source: DraftSightHelper.cs -> OpenTemplate() [Line 108]

[2026-01-19 14:57:15.887] [INFO   ] Successfully opened template: E-LAM-172.dwg
    Source: DraftSightHelper.cs -> OpenTemplate() [Line 109]

[2026-01-19 14:57:15.896] [DEBUG  ] Extracted properties from E-LAM-172: Contents='DO2-01', Colour='ORANGE WITH BLACK TEXT'
    Source: LamacoidIndex.cs -> ExtractPropertiesFromDwg() [Line 177]

[2026-01-19 14:57:15.896] [DEBUG  ] CloseDocument called for: E-LAM-172.dwg
    Source: DraftSightHelper.cs -> CloseDocument() [Line 198]

[2026-01-19 14:57:16.172] [INFO   ] Successfully closed document: E-LAM-172.dwg
    Source: DraftSightHelper.cs -> CloseDocument() [Line 205]

[2026-01-19 14:57:16.175] [DEBUG  ] Generating thumbnail for: Y:\Autocad\Template\~LAMACOIDS\Lams\E-LAM-172.pdf
    Source: ThumbnailGenerator.cs -> GenerateThumbnail() [Line 68]

[2026-01-19 14:57:16.175] [INFO   ] Creating placeholder thumbnail (PDF rendering disabled): C:\Users\dlebel\Downloads\LamCreator-main (1)\LamCreator-main\Lamacoid Creator\Lamacoid Creator\bin\Debug\Thumbnails\E-LAM-172.png
    Source: ThumbnailGenerator.cs -> GenerateThumbnail() [Line 72]

[2026-01-19 14:57:16.192] [DEBUG  ] OpenTemplate called for: Y:\Autocad\Template\~LAMACOIDS\Lams\E-LAM-173.dwg
    Source: DraftSightHelper.cs -> OpenTemplate() [Line 87]

[2026-01-19 14:57:16.687] [INFO   ] Performance: Opening document E-LAM-173.dwg completed in 495ms
    Source: DraftSightHelper.cs -> OpenTemplate() [Line 108]

[2026-01-19 14:57:16.688] [INFO   ] Successfully opened template: E-LAM-173.dwg
    Source: DraftSightHelper.cs -> OpenTemplate() [Line 109]

[2026-01-19 14:57:16.699] [DEBUG  ] Extracted properties from E-LAM-173: Contents='DO2-02', Colour='ORANGE WITH BLACK TEXT'
    Source: LamacoidIndex.cs -> ExtractPropertiesFromDwg() [Line 177]

[2026-01-19 14:57:16.699] [DEBUG  ] CloseDocument called for: E-LAM-173.dwg
    Source: DraftSightHelper.cs -> CloseDocument() [Line 198]

[2026-01-19 14:57:16.974] [INFO   ] Successfully closed document: E-LAM-173.dwg
    Source: DraftSightHelper.cs -> CloseDocument() [Line 205]

[2026-01-19 14:57:16.976] [DEBUG  ] Generating thumbnail for: Y:\Autocad\Template\~LAMACOIDS\Lams\E-LAM-173.pdf
    Source: ThumbnailGenerator.cs -> GenerateThumbnail() [Line 68]

[2026-01-19 14:57:16.976] [INFO   ] Creating placeholder thumbnail (PDF rendering disabled): C:\Users\dlebel\Downloads\LamCreator-main (1)\LamCreator-main\Lamacoid Creator\Lamacoid Creator\bin\Debug\Thumbnails\E-LAM-173.png
    Source: ThumbnailGenerator.cs -> GenerateThumbnail() [Line 72]

[2026-01-19 14:57:16.996] [DEBUG  ] OpenTemplate called for: Y:\Autocad\Template\~LAMACOIDS\Lams\E-LAM-174.dwg
    Source: DraftSightHelper.cs -> OpenTemplate() [Line 87]

[2026-01-19 14:57:17.523] [INFO   ] Performance: Opening document E-LAM-174.dwg completed in 527ms
    Source: DraftSightHelper.cs -> OpenTemplate() [Line 108]

[2026-01-19 14:57:17.523] [INFO   ] Successfully opened template: E-LAM-174.dwg
    Source: DraftSightHelper.cs -> OpenTemplate() [Line 109]

[2026-01-19 14:57:17.532] [DEBUG  ] Extracted properties from E-LAM-174: Contents='DO2-03', Colour='ORANGE WITH BLACK TEXT'
    Source: LamacoidIndex.cs -> ExtractPropertiesFromDwg() [Line 177]

[2026-01-19 14:57:17.532] [DEBUG  ] CloseDocument called for: E-LAM-174.dwg
    Source: DraftSightHelper.cs -> CloseDocument() [Line 198]

[2026-01-19 14:57:17.805] [INFO   ] Successfully closed document: E-LAM-174.dwg
    Source: DraftSightHelper.cs -> CloseDocument() [Line 205]

[2026-01-19 14:57:17.805] [DEBUG  ] Generating thumbnail for: Y:\Autocad\Template\~LAMACOIDS\Lams\E-LAM-174.pdf
    Source: ThumbnailGenerator.cs -> GenerateThumbnail() [Line 68]

[2026-01-19 14:57:17.805] [INFO   ] Creating placeholder thumbnail (PDF rendering disabled): C:\Users\dlebel\Downloads\LamCreator-main (1)\LamCreator-main\Lamacoid Creator\Lamacoid Creator\bin\Debug\Thumbnails\E-LAM-174.png
    Source: ThumbnailGenerator.cs -> GenerateThumbnail() [Line 72]

[2026-01-19 14:57:17.827] [DEBUG  ] OpenTemplate called for: Y:\Autocad\Template\~LAMACOIDS\Lams\E-LAM-175.dwg
    Source: DraftSightHelper.cs -> OpenTemplate() [Line 87]

[2026-01-19 14:57:18.350] [INFO   ] Performance: Opening document E-LAM-175.dwg completed in 514ms
    Source: DraftSightHelper.cs -> OpenTemplate() [Line 108]

[2026-01-19 14:57:18.350] [INFO   ] Successfully opened template: E-LAM-175.dwg
    Source: DraftSightHelper.cs -> OpenTemplate() [Line 109]

[2026-01-19 14:57:18.359] [DEBUG  ] Extracted properties from E-LAM-175: Contents='DO2-04', Colour='ORANGE WITH BLACK TEXT'
    Source: LamacoidIndex.cs -> ExtractPropertiesFromDwg() [Line 177]

[2026-01-19 14:57:18.359] [DEBUG  ] CloseDocument called for: E-LAM-175.dwg
    Source: DraftSightHelper.cs -> CloseDocument() [Line 198]

[2026-01-19 14:57:18.637] [INFO   ] Successfully closed document: E-LAM-175.dwg
    Source: DraftSightHelper.cs -> CloseDocument() [Line 205]

[2026-01-19 14:57:18.637] [DEBUG  ] Generating thumbnail for: Y:\Autocad\Template\~LAMACOIDS\Lams\E-LAM-175.pdf
    Source: ThumbnailGenerator.cs -> GenerateThumbnail() [Line 68]

[2026-01-19 14:57:18.637] [INFO   ] Creating placeholder thumbnail (PDF rendering disabled): C:\Users\dlebel\Downloads\LamCreator-main (1)\LamCreator-main\Lamacoid Creator\Lamacoid Creator\bin\Debug\Thumbnails\E-LAM-175.png
    Source: ThumbnailGenerator.cs -> GenerateThumbnail() [Line 72]

[2026-01-19 14:57:18.658] [DEBUG  ] OpenTemplate called for: Y:\Autocad\Template\~LAMACOIDS\Lams\E-LAM-176.dwg
    Source: DraftSightHelper.cs -> OpenTemplate() [Line 87]

[2026-01-19 14:57:19.150] [INFO   ] Performance: Opening document E-LAM-176.dwg completed in 489ms
    Source: DraftSightHelper.cs -> OpenTemplate() [Line 108]

[2026-01-19 14:57:19.150] [INFO   ] Successfully opened template: E-LAM-176.dwg
    Source: DraftSightHelper.cs -> OpenTemplate() [Line 109]

[2026-01-19 14:57:19.153] [DEBUG  ] Extracted properties from E-LAM-176: Contents='PDB1-01', Colour='ORANGE WITH BLACK TEXT'
    Source: LamacoidIndex.cs -> ExtractPropertiesFromDwg() [Line 177]

[2026-01-19 14:57:19.153] [DEBUG  ] CloseDocument called for: E-LAM-176.dwg
    Source: DraftSightHelper.cs -> CloseDocument() [Line 198]

[2026-01-19 14:57:19.421] [INFO   ] Successfully closed document: E-LAM-176.dwg
    Source: DraftSightHelper.cs -> CloseDocument() [Line 205]

[2026-01-19 14:57:19.421] [DEBUG  ] Generating thumbnail for: Y:\Autocad\Template\~LAMACOIDS\Lams\E-LAM-176.pdf
    Source: ThumbnailGenerator.cs -> GenerateThumbnail() [Line 68]

[2026-01-19 14:57:19.421] [INFO   ] Creating placeholder thumbnail (PDF rendering disabled): C:\Users\dlebel\Downloads\LamCreator-main (1)\LamCreator-main\Lamacoid Creator\Lamacoid Creator\bin\Debug\Thumbnails\E-LAM-176.png
    Source: ThumbnailGenerator.cs -> GenerateThumbnail() [Line 72]

[2026-01-19 14:57:19.455] [DEBUG  ] OpenTemplate called for: Y:\Autocad\Template\~LAMACOIDS\Lams\E-LAM-177.dwg
    Source: DraftSightHelper.cs -> OpenTemplate() [Line 87]

[2026-01-19 14:57:19.984] [INFO   ] Performance: Opening document E-LAM-177.dwg completed in 530ms
    Source: DraftSightHelper.cs -> OpenTemplate() [Line 108]

[2026-01-19 14:57:19.985] [INFO   ] Successfully opened template: E-LAM-177.dwg
    Source: DraftSightHelper.cs -> OpenTemplate() [Line 109]

[2026-01-19 14:57:19.991] [DEBUG  ] Extracted properties from E-LAM-177: Contents='PDB1-02', Colour='ORANGE WITH BLACK TEXT'
    Source: LamacoidIndex.cs -> ExtractPropertiesFromDwg() [Line 177]

[2026-01-19 14:57:19.991] [DEBUG  ] CloseDocument called for: E-LAM-177.dwg
    Source: DraftSightHelper.cs -> CloseDocument() [Line 198]

[2026-01-19 14:57:20.254] [INFO   ] Successfully closed document: E-LAM-177.dwg
    Source: DraftSightHelper.cs -> CloseDocument() [Line 205]

[2026-01-19 14:57:20.271] [DEBUG  ] Generating thumbnail for: Y:\Autocad\Template\~LAMACOIDS\Lams\E-LAM-177.pdf
    Source: ThumbnailGenerator.cs -> GenerateThumbnail() [Line 68]

[2026-01-19 14:57:20.271] [INFO   ] Creating placeholder thumbnail (PDF rendering disabled): C:\Users\dlebel\Downloads\LamCreator-main (1)\LamCreator-main\Lamacoid Creator\Lamacoid Creator\bin\Debug\Thumbnails\E-LAM-177.png
    Source: ThumbnailGenerator.cs -> GenerateThumbnail() [Line 72]

[2026-01-19 14:57:20.288] [DEBUG  ] OpenTemplate called for: Y:\Autocad\Template\~LAMACOIDS\Lams\E-LAM-178.dwg
    Source: DraftSightHelper.cs -> OpenTemplate() [Line 87]

[2026-01-19 14:57:20.773] [INFO   ] Performance: Opening document E-LAM-178.dwg completed in 495ms
    Source: DraftSightHelper.cs -> OpenTemplate() [Line 108]

[2026-01-19 14:57:20.773] [INFO   ] Successfully opened template: E-LAM-178.dwg
    Source: DraftSightHelper.cs -> OpenTemplate() [Line 109]

[2026-01-19 14:57:20.794] [DEBUG  ] Extracted properties from E-LAM-178: Contents='PDB1-03', Colour='ORANGE WITH BLACK TEXT'
    Source: LamacoidIndex.cs -> ExtractPropertiesFromDwg() [Line 177]

[2026-01-19 14:57:20.794] [DEBUG  ] CloseDocument called for: E-LAM-178.dwg
    Source: DraftSightHelper.cs -> CloseDocument() [Line 198]

[2026-01-19 14:57:21.067] [INFO   ] Successfully closed document: E-LAM-178.dwg
    Source: DraftSightHelper.cs -> CloseDocument() [Line 205]

[2026-01-19 14:57:21.070] [DEBUG  ] Generating thumbnail for: Y:\Autocad\Template\~LAMACOIDS\Lams\E-LAM-178.pdf
    Source: ThumbnailGenerator.cs -> GenerateThumbnail() [Line 68]

[2026-01-19 14:57:21.070] [INFO   ] Creating placeholder thumbnail (PDF rendering disabled): C:\Users\dlebel\Downloads\LamCreator-main (1)\LamCreator-main\Lamacoid Creator\Lamacoid Creator\bin\Debug\Thumbnails\E-LAM-178.png
    Source: ThumbnailGenerator.cs -> GenerateThumbnail() [Line 72]

[2026-01-19 14:57:21.086] [DEBUG  ] OpenTemplate called for: Y:\Autocad\Template\~LAMACOIDS\Lams\E-LAM-179.dwg
    Source: DraftSightHelper.cs -> OpenTemplate() [Line 87]

[2026-01-19 14:57:21.588] [INFO   ] Performance: Opening document E-LAM-179.dwg completed in 500ms
    Source: DraftSightHelper.cs -> OpenTemplate() [Line 108]

[2026-01-19 14:57:21.588] [INFO   ] Successfully opened template: E-LAM-179.dwg
    Source: DraftSightHelper.cs -> OpenTemplate() [Line 109]

[2026-01-19 14:57:21.597] [DEBUG  ] Extracted properties from E-LAM-179: Contents='PDB1-04', Colour='ORANGE WITH BLACK TEXT'
    Source: LamacoidIndex.cs -> ExtractPropertiesFromDwg() [Line 177]

[2026-01-19 14:57:21.597] [DEBUG  ] CloseDocument called for: E-LAM-179.dwg
    Source: DraftSightHelper.cs -> CloseDocument() [Line 198]

[2026-01-19 14:57:21.876] [INFO   ] Successfully closed document: E-LAM-179.dwg
    Source: DraftSightHelper.cs -> CloseDocument() [Line 205]

[2026-01-19 14:57:21.879] [DEBUG  ] Generating thumbnail for: Y:\Autocad\Template\~LAMACOIDS\Lams\E-LAM-179.pdf
    Source: ThumbnailGenerator.cs -> GenerateThumbnail() [Line 68]

[2026-01-19 14:57:21.879] [INFO   ] Creating placeholder thumbnail (PDF rendering disabled): C:\Users\dlebel\Downloads\LamCreator-main (1)\LamCreator-main\Lamacoid Creator\Lamacoid Creator\bin\Debug\Thumbnails\E-LAM-179.png
    Source: ThumbnailGenerator.cs -> GenerateThumbnail() [Line 72]

[2026-01-19 14:57:21.887] [DEBUG  ] OpenTemplate called for: Y:\Autocad\Template\~LAMACOIDS\Lams\E-LAM-180.dwg
    Source: DraftSightHelper.cs -> OpenTemplate() [Line 87]

[2026-01-19 14:57:22.390] [INFO   ] Performance: Opening document E-LAM-180.dwg completed in 491ms
    Source: DraftSightHelper.cs -> OpenTemplate() [Line 108]

[2026-01-19 14:57:22.390] [INFO   ] Successfully opened template: E-LAM-180.dwg
    Source: DraftSightHelper.cs -> OpenTemplate() [Line 109]

[2026-01-19 14:57:22.402] [DEBUG  ] Extracted properties from E-LAM-180: Contents='CB1-01', Colour='ORANGE WITH BLACK TEXT'
    Source: LamacoidIndex.cs -> ExtractPropertiesFromDwg() [Line 177]

[2026-01-19 14:57:22.402] [DEBUG  ] CloseDocument called for: E-LAM-180.dwg
    Source: DraftSightHelper.cs -> CloseDocument() [Line 198]

[2026-01-19 14:57:22.680] [INFO   ] Successfully closed document: E-LAM-180.dwg
    Source: DraftSightHelper.cs -> CloseDocument() [Line 205]

[2026-01-19 14:57:22.680] [DEBUG  ] Generating thumbnail for: Y:\Autocad\Template\~LAMACOIDS\Lams\E-LAM-180.pdf
    Source: ThumbnailGenerator.cs -> GenerateThumbnail() [Line 68]

[2026-01-19 14:57:22.680] [INFO   ] Creating placeholder thumbnail (PDF rendering disabled): C:\Users\dlebel\Downloads\LamCreator-main (1)\LamCreator-main\Lamacoid Creator\Lamacoid Creator\bin\Debug\Thumbnails\E-LAM-180.png
    Source: ThumbnailGenerator.cs -> GenerateThumbnail() [Line 72]

[2026-01-19 14:57:22.703] [DEBUG  ] OpenTemplate called for: Y:\Autocad\Template\~LAMACOIDS\Lams\E-LAM-181.dwg
    Source: DraftSightHelper.cs -> OpenTemplate() [Line 87]

[2026-01-19 14:57:23.198] [INFO   ] Performance: Opening document E-LAM-181.dwg completed in 497ms
    Source: DraftSightHelper.cs -> OpenTemplate() [Line 108]

[2026-01-19 14:57:23.198] [INFO   ] Successfully opened template: E-LAM-181.dwg
    Source: DraftSightHelper.cs -> OpenTemplate() [Line 109]

[2026-01-19 14:57:23.206] [DEBUG  ] Extracted properties from E-LAM-181: Contents='CB1-02', Colour='ORANGE WITH BLACK TEXT'
    Source: LamacoidIndex.cs -> ExtractPropertiesFromDwg() [Line 177]

[2026-01-19 14:57:23.206] [DEBUG  ] CloseDocument called for: E-LAM-181.dwg
    Source: DraftSightHelper.cs -> CloseDocument() [Line 198]

[2026-01-19 14:57:23.487] [INFO   ] Successfully closed document: E-LAM-181.dwg
    Source: DraftSightHelper.cs -> CloseDocument() [Line 205]

[2026-01-19 14:57:23.487] [DEBUG  ] Generating thumbnail for: Y:\Autocad\Template\~LAMACOIDS\Lams\E-LAM-181.pdf
    Source: ThumbnailGenerator.cs -> GenerateThumbnail() [Line 68]

[2026-01-19 14:57:23.487] [INFO   ] Creating placeholder thumbnail (PDF rendering disabled): C:\Users\dlebel\Downloads\LamCreator-main (1)\LamCreator-main\Lamacoid Creator\Lamacoid Creator\bin\Debug\Thumbnails\E-LAM-181.png
    Source: ThumbnailGenerator.cs -> GenerateThumbnail() [Line 72]

[2026-01-19 14:57:23.506] [DEBUG  ] OpenTemplate called for: Y:\Autocad\Template\~LAMACOIDS\Lams\E-LAM-182.dwg
    Source: DraftSightHelper.cs -> OpenTemplate() [Line 87]

[2026-01-19 14:57:24.041] [INFO   ] Performance: Opening document E-LAM-182.dwg completed in 526ms
    Source: DraftSightHelper.cs -> OpenTemplate() [Line 108]

[2026-01-19 14:57:24.041] [INFO   ] Successfully opened template: E-LAM-182.dwg
    Source: DraftSightHelper.cs -> OpenTemplate() [Line 109]

[2026-01-19 14:57:24.046] [DEBUG  ] Extracted properties from E-LAM-182: Contents='CB1-03', Colour='ORANGE WITH BLACK TEXT'
    Source: LamacoidIndex.cs -> ExtractPropertiesFromDwg() [Line 177]

[2026-01-19 14:57:24.046] [DEBUG  ] CloseDocument called for: E-LAM-182.dwg
    Source: DraftSightHelper.cs -> CloseDocument() [Line 198]

[2026-01-19 14:57:24.317] [INFO   ] Successfully closed document: E-LAM-182.dwg
    Source: DraftSightHelper.cs -> CloseDocument() [Line 205]

[2026-01-19 14:57:24.317] [DEBUG  ] Generating thumbnail for: Y:\Autocad\Template\~LAMACOIDS\Lams\E-LAM-182.pdf
    Source: ThumbnailGenerator.cs -> GenerateThumbnail() [Line 68]

[2026-01-19 14:57:24.317] [INFO   ] Creating placeholder thumbnail (PDF rendering disabled): C:\Users\dlebel\Downloads\LamCreator-main (1)\LamCreator-main\Lamacoid Creator\Lamacoid Creator\bin\Debug\Thumbnails\E-LAM-182.png
    Source: ThumbnailGenerator.cs -> GenerateThumbnail() [Line 72]

[2026-01-19 14:57:24.346] [DEBUG  ] OpenTemplate called for: Y:\Autocad\Template\~LAMACOIDS\Lams\E-LAM-183.dwg
    Source: DraftSightHelper.cs -> OpenTemplate() [Line 87]

[2026-01-19 14:57:24.858] [INFO   ] Performance: Opening document E-LAM-183.dwg completed in 514ms
    Source: DraftSightHelper.cs -> OpenTemplate() [Line 108]

[2026-01-19 14:57:24.858] [INFO   ] Successfully opened template: E-LAM-183.dwg
    Source: DraftSightHelper.cs -> OpenTemplate() [Line 109]

[2026-01-19 14:57:24.870] [DEBUG  ] Extracted properties from E-LAM-183: Contents='CB1-04', Colour='ORANGE WITH BLACK TEXT'
    Source: LamacoidIndex.cs -> ExtractPropertiesFromDwg() [Line 177]

[2026-01-19 14:57:24.870] [DEBUG  ] CloseDocument called for: E-LAM-183.dwg
    Source: DraftSightHelper.cs -> CloseDocument() [Line 198]

[2026-01-19 14:57:25.136] [INFO   ] Successfully closed document: E-LAM-183.dwg
    Source: DraftSightHelper.cs -> CloseDocument() [Line 205]

[2026-01-19 14:57:25.147] [DEBUG  ] Generating thumbnail for: Y:\Autocad\Template\~LAMACOIDS\Lams\E-LAM-183.pdf
    Source: ThumbnailGenerator.cs -> GenerateThumbnail() [Line 68]

[2026-01-19 14:57:25.147] [INFO   ] Creating placeholder thumbnail (PDF rendering disabled): C:\Users\dlebel\Downloads\LamCreator-main (1)\LamCreator-main\Lamacoid Creator\Lamacoid Creator\bin\Debug\Thumbnails\E-LAM-183.png
    Source: ThumbnailGenerator.cs -> GenerateThumbnail() [Line 72]

[2026-01-19 14:57:25.167] [DEBUG  ] OpenTemplate called for: Y:\Autocad\Template\~LAMACOIDS\Lams\E-LAM-184.dwg
    Source: DraftSightHelper.cs -> OpenTemplate() [Line 87]

[2026-01-19 14:57:25.669] [INFO   ] Performance: Opening document E-LAM-184.dwg completed in 503ms
    Source: DraftSightHelper.cs -> OpenTemplate() [Line 108]

[2026-01-19 14:57:25.669] [INFO   ] Successfully opened template: E-LAM-184.dwg
    Source: DraftSightHelper.cs -> OpenTemplate() [Line 109]

[2026-01-19 14:57:25.676] [DEBUG  ] Extracted properties from E-LAM-184: Contents='CB2-01', Colour='ORANGE WITH BLACK TEXT'
    Source: LamacoidIndex.cs -> ExtractPropertiesFromDwg() [Line 177]

[2026-01-19 14:57:25.676] [DEBUG  ] CloseDocument called for: E-LAM-184.dwg
    Source: DraftSightHelper.cs -> CloseDocument() [Line 198]

[2026-01-19 14:57:25.954] [INFO   ] Successfully closed document: E-LAM-184.dwg
    Source: DraftSightHelper.cs -> CloseDocument() [Line 205]

[2026-01-19 14:57:25.954] [DEBUG  ] Generating thumbnail for: Y:\Autocad\Template\~LAMACOIDS\Lams\E-LAM-184.pdf
    Source: ThumbnailGenerator.cs -> GenerateThumbnail() [Line 68]

[2026-01-19 14:57:25.954] [INFO   ] Creating placeholder thumbnail (PDF rendering disabled): C:\Users\dlebel\Downloads\LamCreator-main (1)\LamCreator-main\Lamacoid Creator\Lamacoid Creator\bin\Debug\Thumbnails\E-LAM-184.png
    Source: ThumbnailGenerator.cs -> GenerateThumbnail() [Line 72]

[2026-01-19 14:57:25.970] [DEBUG  ] OpenTemplate called for: Y:\Autocad\Template\~LAMACOIDS\Lams\E-LAM-185.dwg
    Source: DraftSightHelper.cs -> OpenTemplate() [Line 87]

[2026-01-19 14:57:26.471] [INFO   ] Performance: Opening document E-LAM-185.dwg completed in 493ms
    Source: DraftSightHelper.cs -> OpenTemplate() [Line 108]

[2026-01-19 14:57:26.472] [INFO   ] Successfully opened template: E-LAM-185.dwg
    Source: DraftSightHelper.cs -> OpenTemplate() [Line 109]

[2026-01-19 14:57:26.481] [DEBUG  ] Extracted properties from E-LAM-185: Contents='CB2-02', Colour='ORANGE WITH BLACK TEXT'
    Source: LamacoidIndex.cs -> ExtractPropertiesFromDwg() [Line 177]

[2026-01-19 14:57:26.481] [DEBUG  ] CloseDocument called for: E-LAM-185.dwg
    Source: DraftSightHelper.cs -> CloseDocument() [Line 198]

[2026-01-19 14:57:26.753] [INFO   ] Successfully closed document: E-LAM-185.dwg
    Source: DraftSightHelper.cs -> CloseDocument() [Line 205]

[2026-01-19 14:57:26.753] [DEBUG  ] Generating thumbnail for: Y:\Autocad\Template\~LAMACOIDS\Lams\E-LAM-185.pdf
    Source: ThumbnailGenerator.cs -> GenerateThumbnail() [Line 68]

[2026-01-19 14:57:26.753] [INFO   ] Creating placeholder thumbnail (PDF rendering disabled): C:\Users\dlebel\Downloads\LamCreator-main (1)\LamCreator-main\Lamacoid Creator\Lamacoid Creator\bin\Debug\Thumbnails\E-LAM-185.png
    Source: ThumbnailGenerator.cs -> GenerateThumbnail() [Line 72]

[2026-01-19 14:57:26.773] [DEBUG  ] OpenTemplate called for: Y:\Autocad\Template\~LAMACOIDS\Lams\E-LAM-186.dwg
    Source: DraftSightHelper.cs -> OpenTemplate() [Line 87]

[2026-01-19 14:57:27.269] [INFO   ] Performance: Opening document E-LAM-186.dwg completed in 491ms
    Source: DraftSightHelper.cs -> OpenTemplate() [Line 108]

[2026-01-19 14:57:27.269] [INFO   ] Successfully opened template: E-LAM-186.dwg
    Source: DraftSightHelper.cs -> OpenTemplate() [Line 109]

[2026-01-19 14:57:27.274] [DEBUG  ] Extracted properties from E-LAM-186: Contents='CB2-03', Colour='ORANGE WITH BLACK TEXT'
    Source: LamacoidIndex.cs -> ExtractPropertiesFromDwg() [Line 177]

[2026-01-19 14:57:27.274] [DEBUG  ] CloseDocument called for: E-LAM-186.dwg
    Source: DraftSightHelper.cs -> CloseDocument() [Line 198]

[2026-01-19 14:57:27.565] [INFO   ] Successfully closed document: E-LAM-186.dwg
    Source: DraftSightHelper.cs -> CloseDocument() [Line 205]

[2026-01-19 14:57:27.570] [DEBUG  ] Generating thumbnail for: Y:\Autocad\Template\~LAMACOIDS\Lams\E-LAM-186.pdf
    Source: ThumbnailGenerator.cs -> GenerateThumbnail() [Line 68]

[2026-01-19 14:57:27.570] [INFO   ] Creating placeholder thumbnail (PDF rendering disabled): C:\Users\dlebel\Downloads\LamCreator-main (1)\LamCreator-main\Lamacoid Creator\Lamacoid Creator\bin\Debug\Thumbnails\E-LAM-186.png
    Source: ThumbnailGenerator.cs -> GenerateThumbnail() [Line 72]

[2026-01-19 14:57:27.586] [DEBUG  ] OpenTemplate called for: Y:\Autocad\Template\~LAMACOIDS\Lams\E-LAM-187.dwg
    Source: DraftSightHelper.cs -> OpenTemplate() [Line 87]

[2026-01-19 14:57:28.117] [INFO   ] Performance: Opening document E-LAM-187.dwg completed in 531ms
    Source: DraftSightHelper.cs -> OpenTemplate() [Line 108]

[2026-01-19 14:57:28.117] [INFO   ] Successfully opened template: E-LAM-187.dwg
    Source: DraftSightHelper.cs -> OpenTemplate() [Line 109]

[2026-01-19 14:57:28.117] [DEBUG  ] Extracted properties from E-LAM-187: Contents='CB2-04', Colour='ORANGE WITH BLACK TEXT'
    Source: LamacoidIndex.cs -> ExtractPropertiesFromDwg() [Line 177]

[2026-01-19 14:57:28.117] [DEBUG  ] CloseDocument called for: E-LAM-187.dwg
    Source: DraftSightHelper.cs -> CloseDocument() [Line 198]

[2026-01-19 14:57:28.405] [INFO   ] Successfully closed document: E-LAM-187.dwg
    Source: DraftSightHelper.cs -> CloseDocument() [Line 205]

[2026-01-19 14:57:28.408] [DEBUG  ] Generating thumbnail for: Y:\Autocad\Template\~LAMACOIDS\Lams\E-LAM-187.pdf
    Source: ThumbnailGenerator.cs -> GenerateThumbnail() [Line 68]

[2026-01-19 14:57:28.409] [INFO   ] Creating placeholder thumbnail (PDF rendering disabled): C:\Users\dlebel\Downloads\LamCreator-main (1)\LamCreator-main\Lamacoid Creator\Lamacoid Creator\bin\Debug\Thumbnails\E-LAM-187.png
    Source: ThumbnailGenerator.cs -> GenerateThumbnail() [Line 72]

[2026-01-19 14:57:28.418] [DEBUG  ] OpenTemplate called for: Y:\Autocad\Template\~LAMACOIDS\Lams\E-LAM-188.dwg
    Source: DraftSightHelper.cs -> OpenTemplate() [Line 87]

[2026-01-19 14:57:28.969] [INFO   ] Performance: Opening document E-LAM-188.dwg completed in 547ms
    Source: DraftSightHelper.cs -> OpenTemplate() [Line 108]

[2026-01-19 14:57:28.969] [INFO   ] Successfully opened template: E-LAM-188.dwg
    Source: DraftSightHelper.cs -> OpenTemplate() [Line 109]

[2026-01-19 14:57:29.070] [DEBUG  ] Extracted properties from E-LAM-188: Contents='CB3-01', Colour='ORANGE WITH BLACK TEXT'
    Source: LamacoidIndex.cs -> ExtractPropertiesFromDwg() [Line 177]

[2026-01-19 14:57:29.070] [DEBUG  ] CloseDocument called for: E-LAM-188.dwg
    Source: DraftSightHelper.cs -> CloseDocument() [Line 198]

[2026-01-19 14:57:29.339] [INFO   ] Successfully closed document: E-LAM-188.dwg
    Source: DraftSightHelper.cs -> CloseDocument() [Line 205]

[2026-01-19 14:57:29.339] [DEBUG  ] Generating thumbnail for: Y:\Autocad\Template\~LAMACOIDS\Lams\E-LAM-188.pdf
    Source: ThumbnailGenerator.cs -> GenerateThumbnail() [Line 68]

[2026-01-19 14:57:29.339] [INFO   ] Creating placeholder thumbnail (PDF rendering disabled): C:\Users\dlebel\Downloads\LamCreator-main (1)\LamCreator-main\Lamacoid Creator\Lamacoid Creator\bin\Debug\Thumbnails\E-LAM-188.png
    Source: ThumbnailGenerator.cs -> GenerateThumbnail() [Line 72]

[2026-01-19 14:57:29.359] [DEBUG  ] OpenTemplate called for: Y:\Autocad\Template\~LAMACOIDS\Lams\E-LAM-189.dwg
    Source: DraftSightHelper.cs -> OpenTemplate() [Line 87]

[2026-01-19 14:57:29.863] [INFO   ] Performance: Opening document E-LAM-189.dwg completed in 499ms
    Source: DraftSightHelper.cs -> OpenTemplate() [Line 108]

[2026-01-19 14:57:29.863] [INFO   ] Successfully opened template: E-LAM-189.dwg
    Source: DraftSightHelper.cs -> OpenTemplate() [Line 109]

[2026-01-19 14:57:29.870] [DEBUG  ] Extracted properties from E-LAM-189: Contents='CB3-02', Colour='ORANGE WITH BLACK TEXT'
    Source: LamacoidIndex.cs -> ExtractPropertiesFromDwg() [Line 177]

[2026-01-19 14:57:29.870] [DEBUG  ] CloseDocument called for: E-LAM-189.dwg
    Source: DraftSightHelper.cs -> CloseDocument() [Line 198]

[2026-01-19 14:57:30.147] [INFO   ] Successfully closed document: E-LAM-189.dwg
    Source: DraftSightHelper.cs -> CloseDocument() [Line 205]

[2026-01-19 14:57:30.150] [DEBUG  ] Generating thumbnail for: Y:\Autocad\Template\~LAMACOIDS\Lams\E-LAM-189.pdf
    Source: ThumbnailGenerator.cs -> GenerateThumbnail() [Line 68]

[2026-01-19 14:57:30.151] [INFO   ] Creating placeholder thumbnail (PDF rendering disabled): C:\Users\dlebel\Downloads\LamCreator-main (1)\LamCreator-main\Lamacoid Creator\Lamacoid Creator\bin\Debug\Thumbnails\E-LAM-189.png
    Source: ThumbnailGenerator.cs -> GenerateThumbnail() [Line 72]

[2026-01-19 14:57:30.167] [DEBUG  ] OpenTemplate called for: Y:\Autocad\Template\~LAMACOIDS\Lams\E-LAM-190.dwg
    Source: DraftSightHelper.cs -> OpenTemplate() [Line 87]

[2026-01-19 14:57:30.678] [INFO   ] Performance: Opening document E-LAM-190.dwg completed in 510ms
    Source: DraftSightHelper.cs -> OpenTemplate() [Line 108]

[2026-01-19 14:57:30.678] [INFO   ] Successfully opened template: E-LAM-190.dwg
    Source: DraftSightHelper.cs -> OpenTemplate() [Line 109]

[2026-01-19 14:57:30.687] [DEBUG  ] Extracted properties from E-LAM-190: Contents='CB3-03', Colour='ORANGE WITH BLACK TEXT'
    Source: LamacoidIndex.cs -> ExtractPropertiesFromDwg() [Line 177]

[2026-01-19 14:57:30.687] [DEBUG  ] CloseDocument called for: E-LAM-190.dwg
    Source: DraftSightHelper.cs -> CloseDocument() [Line 198]

[2026-01-19 14:57:30.956] [INFO   ] Successfully closed document: E-LAM-190.dwg
    Source: DraftSightHelper.cs -> CloseDocument() [Line 205]

[2026-01-19 14:57:30.958] [DEBUG  ] Generating thumbnail for: Y:\Autocad\Template\~LAMACOIDS\Lams\E-LAM-190.pdf
    Source: ThumbnailGenerator.cs -> GenerateThumbnail() [Line 68]

[2026-01-19 14:57:30.958] [INFO   ] Creating placeholder thumbnail (PDF rendering disabled): C:\Users\dlebel\Downloads\LamCreator-main (1)\LamCreator-main\Lamacoid Creator\Lamacoid Creator\bin\Debug\Thumbnails\E-LAM-190.png
    Source: ThumbnailGenerator.cs -> GenerateThumbnail() [Line 72]

[2026-01-19 14:57:30.974] [DEBUG  ] OpenTemplate called for: Y:\Autocad\Template\~LAMACOIDS\Lams\E-LAM-191.dwg
    Source: DraftSightHelper.cs -> OpenTemplate() [Line 87]

[2026-01-19 14:57:31.541] [INFO   ] Performance: Opening document E-LAM-191.dwg completed in 563ms
    Source: DraftSightHelper.cs -> OpenTemplate() [Line 108]

[2026-01-19 14:57:31.542] [INFO   ] Successfully opened template: E-LAM-191.dwg
    Source: DraftSightHelper.cs -> OpenTemplate() [Line 109]

[2026-01-19 14:57:31.550] [DEBUG  ] Extracted properties from E-LAM-191: Contents='CB3-04', Colour='ORANGE WITH BLACK TEXT'
    Source: LamacoidIndex.cs -> ExtractPropertiesFromDwg() [Line 177]

[2026-01-19 14:57:31.551] [DEBUG  ] CloseDocument called for: E-LAM-191.dwg
    Source: DraftSightHelper.cs -> CloseDocument() [Line 198]

[2026-01-19 14:57:31.817] [INFO   ] Successfully closed document: E-LAM-191.dwg
    Source: DraftSightHelper.cs -> CloseDocument() [Line 205]

[2026-01-19 14:57:31.817] [DEBUG  ] Generating thumbnail for: Y:\Autocad\Template\~LAMACOIDS\Lams\E-LAM-191.pdf
    Source: ThumbnailGenerator.cs -> GenerateThumbnail() [Line 68]

[2026-01-19 14:57:31.817] [INFO   ] Creating placeholder thumbnail (PDF rendering disabled): C:\Users\dlebel\Downloads\LamCreator-main (1)\LamCreator-main\Lamacoid Creator\Lamacoid Creator\bin\Debug\Thumbnails\E-LAM-191.png
    Source: ThumbnailGenerator.cs -> GenerateThumbnail() [Line 72]

[2026-01-19 14:57:31.835] [DEBUG  ] OpenTemplate called for: Y:\Autocad\Template\~LAMACOIDS\Lams\E-LAM-192.dwg
    Source: DraftSightHelper.cs -> OpenTemplate() [Line 87]

[2026-01-19 14:57:32.369] [INFO   ] Performance: Opening document E-LAM-192.dwg completed in 536ms
    Source: DraftSightHelper.cs -> OpenTemplate() [Line 108]

[2026-01-19 14:57:32.369] [INFO   ] Successfully opened template: E-LAM-192.dwg
    Source: DraftSightHelper.cs -> OpenTemplate() [Line 109]

[2026-01-19 14:57:32.384] [DEBUG  ] Extracted properties from E-LAM-192: Contents='OL1-01', Colour='ORANGE WITH BLACK TEXT'
    Source: LamacoidIndex.cs -> ExtractPropertiesFromDwg() [Line 177]

[2026-01-19 14:57:32.384] [DEBUG  ] CloseDocument called for: E-LAM-192.dwg
    Source: DraftSightHelper.cs -> CloseDocument() [Line 198]

[2026-01-19 14:57:32.677] [INFO   ] Successfully closed document: E-LAM-192.dwg
    Source: DraftSightHelper.cs -> CloseDocument() [Line 205]

[2026-01-19 14:57:32.680] [DEBUG  ] Generating thumbnail for: Y:\Autocad\Template\~LAMACOIDS\Lams\E-LAM-192.pdf
    Source: ThumbnailGenerator.cs -> GenerateThumbnail() [Line 68]

[2026-01-19 14:57:32.680] [INFO   ] Creating placeholder thumbnail (PDF rendering disabled): C:\Users\dlebel\Downloads\LamCreator-main (1)\LamCreator-main\Lamacoid Creator\Lamacoid Creator\bin\Debug\Thumbnails\E-LAM-192.png
    Source: ThumbnailGenerator.cs -> GenerateThumbnail() [Line 72]

[2026-01-19 14:57:32.700] [DEBUG  ] OpenTemplate called for: Y:\Autocad\Template\~LAMACOIDS\Lams\E-LAM-193.dwg
    Source: DraftSightHelper.cs -> OpenTemplate() [Line 87]

[2026-01-19 14:57:33.195] [INFO   ] Performance: Opening document E-LAM-193.dwg completed in 500ms
    Source: DraftSightHelper.cs -> OpenTemplate() [Line 108]

[2026-01-19 14:57:33.195] [INFO   ] Successfully opened template: E-LAM-193.dwg
    Source: DraftSightHelper.cs -> OpenTemplate() [Line 109]

[2026-01-19 14:57:33.195] [DEBUG  ] Extracted properties from E-LAM-193: Contents='OL1-02', Colour='ORANGE WITH BLACK TEXT'
    Source: LamacoidIndex.cs -> ExtractPropertiesFromDwg() [Line 177]

[2026-01-19 14:57:33.195] [DEBUG  ] CloseDocument called for: E-LAM-193.dwg
    Source: DraftSightHelper.cs -> CloseDocument() [Line 198]

[2026-01-19 14:57:33.486] [INFO   ] Successfully closed document: E-LAM-193.dwg
    Source: DraftSightHelper.cs -> CloseDocument() [Line 205]

[2026-01-19 14:57:33.486] [DEBUG  ] Generating thumbnail for: Y:\Autocad\Template\~LAMACOIDS\Lams\E-LAM-193.pdf
    Source: ThumbnailGenerator.cs -> GenerateThumbnail() [Line 68]

[2026-01-19 14:57:33.486] [INFO   ] Creating placeholder thumbnail (PDF rendering disabled): C:\Users\dlebel\Downloads\LamCreator-main (1)\LamCreator-main\Lamacoid Creator\Lamacoid Creator\bin\Debug\Thumbnails\E-LAM-193.png
    Source: ThumbnailGenerator.cs -> GenerateThumbnail() [Line 72]

[2026-01-19 14:57:33.502] [DEBUG  ] OpenTemplate called for: Y:\Autocad\Template\~LAMACOIDS\Lams\E-LAM-194.dwg
    Source: DraftSightHelper.cs -> OpenTemplate() [Line 87]

[2026-01-19 14:57:34.072] [INFO   ] Performance: Opening document E-LAM-194.dwg completed in 560ms
    Source: DraftSightHelper.cs -> OpenTemplate() [Line 108]

[2026-01-19 14:57:34.072] [INFO   ] Successfully opened template: E-LAM-194.dwg
    Source: DraftSightHelper.cs -> OpenTemplate() [Line 109]

[2026-01-19 14:57:34.081] [DEBUG  ] Extracted properties from E-LAM-194: Contents='OL1-03', Colour='ORANGE WITH BLACK TEXT'
    Source: LamacoidIndex.cs -> ExtractPropertiesFromDwg() [Line 177]

[2026-01-19 14:57:34.081] [DEBUG  ] CloseDocument called for: E-LAM-194.dwg
    Source: DraftSightHelper.cs -> CloseDocument() [Line 198]

[2026-01-19 14:57:34.359] [INFO   ] Successfully closed document: E-LAM-194.dwg
    Source: DraftSightHelper.cs -> CloseDocument() [Line 205]

[2026-01-19 14:57:34.363] [DEBUG  ] Generating thumbnail for: Y:\Autocad\Template\~LAMACOIDS\Lams\E-LAM-194.pdf
    Source: ThumbnailGenerator.cs -> GenerateThumbnail() [Line 68]

[2026-01-19 14:57:34.363] [INFO   ] Creating placeholder thumbnail (PDF rendering disabled): C:\Users\dlebel\Downloads\LamCreator-main (1)\LamCreator-main\Lamacoid Creator\Lamacoid Creator\bin\Debug\Thumbnails\E-LAM-194.png
    Source: ThumbnailGenerator.cs -> GenerateThumbnail() [Line 72]

[2026-01-19 14:57:34.377] [DEBUG  ] OpenTemplate called for: Y:\Autocad\Template\~LAMACOIDS\Lams\E-LAM-195.dwg
    Source: DraftSightHelper.cs -> OpenTemplate() [Line 87]

[2026-01-19 14:57:34.900] [INFO   ] Performance: Opening document E-LAM-195.dwg completed in 522ms
    Source: DraftSightHelper.cs -> OpenTemplate() [Line 108]

[2026-01-19 14:57:34.900] [INFO   ] Successfully opened template: E-LAM-195.dwg
    Source: DraftSightHelper.cs -> OpenTemplate() [Line 109]

[2026-01-19 14:57:34.909] [DEBUG  ] Extracted properties from E-LAM-195: Contents='OL1-04', Colour='ORANGE WITH BLACK TEXT'
    Source: LamacoidIndex.cs -> ExtractPropertiesFromDwg() [Line 177]

[2026-01-19 14:57:34.909] [DEBUG  ] CloseDocument called for: E-LAM-195.dwg
    Source: DraftSightHelper.cs -> CloseDocument() [Line 198]

[2026-01-19 14:57:35.178] [INFO   ] Successfully closed document: E-LAM-195.dwg
    Source: DraftSightHelper.cs -> CloseDocument() [Line 205]

[2026-01-19 14:57:35.181] [DEBUG  ] Generating thumbnail for: Y:\Autocad\Template\~LAMACOIDS\Lams\E-LAM-195.pdf
    Source: ThumbnailGenerator.cs -> GenerateThumbnail() [Line 68]

[2026-01-19 14:57:35.181] [INFO   ] Creating placeholder thumbnail (PDF rendering disabled): C:\Users\dlebel\Downloads\LamCreator-main (1)\LamCreator-main\Lamacoid Creator\Lamacoid Creator\bin\Debug\Thumbnails\E-LAM-195.png
    Source: ThumbnailGenerator.cs -> GenerateThumbnail() [Line 72]

[2026-01-19 14:57:35.187] [DEBUG  ] OpenTemplate called for: Y:\Autocad\Template\~LAMACOIDS\Lams\E-LAM-196.dwg
    Source: DraftSightHelper.cs -> OpenTemplate() [Line 87]

[2026-01-19 14:57:35.701] [INFO   ] Performance: Opening document E-LAM-196.dwg completed in 503ms
    Source: DraftSightHelper.cs -> OpenTemplate() [Line 108]

[2026-01-19 14:57:35.702] [INFO   ] Successfully opened template: E-LAM-196.dwg
    Source: DraftSightHelper.cs -> OpenTemplate() [Line 109]

[2026-01-19 14:57:35.710] [DEBUG  ] Extracted properties from E-LAM-196: Contents='MS3-01', Colour='ORANGE WITH BLACK TEXT'
    Source: LamacoidIndex.cs -> ExtractPropertiesFromDwg() [Line 177]

[2026-01-19 14:57:35.710] [DEBUG  ] CloseDocument called for: E-LAM-196.dwg
    Source: DraftSightHelper.cs -> CloseDocument() [Line 198]

[2026-01-19 14:57:35.969] [INFO   ] Successfully closed document: E-LAM-196.dwg
    Source: DraftSightHelper.cs -> CloseDocument() [Line 205]

[2026-01-19 14:57:35.969] [DEBUG  ] Generating thumbnail for: Y:\Autocad\Template\~LAMACOIDS\Lams\E-LAM-196.pdf
    Source: ThumbnailGenerator.cs -> GenerateThumbnail() [Line 68]

[2026-01-19 14:57:35.969] [INFO   ] Creating placeholder thumbnail (PDF rendering disabled): C:\Users\dlebel\Downloads\LamCreator-main (1)\LamCreator-main\Lamacoid Creator\Lamacoid Creator\bin\Debug\Thumbnails\E-LAM-196.png
    Source: ThumbnailGenerator.cs -> GenerateThumbnail() [Line 72]

[2026-01-19 14:57:35.985] [DEBUG  ] OpenTemplate called for: Y:\Autocad\Template\~LAMACOIDS\Lams\E-LAM-197.dwg
    Source: DraftSightHelper.cs -> OpenTemplate() [Line 87]

[2026-01-19 14:57:36.504] [INFO   ] Performance: Opening document E-LAM-197.dwg completed in 503ms
    Source: DraftSightHelper.cs -> OpenTemplate() [Line 108]

[2026-01-19 14:57:36.504] [INFO   ] Successfully opened template: E-LAM-197.dwg
    Source: DraftSightHelper.cs -> OpenTemplate() [Line 109]

[2026-01-19 14:57:36.508] [DEBUG  ] Extracted properties from E-LAM-197: Contents='MS3-02', Colour='ORANGE WITH BLACK TEXT'
    Source: LamacoidIndex.cs -> ExtractPropertiesFromDwg() [Line 177]

[2026-01-19 14:57:36.508] [DEBUG  ] CloseDocument called for: E-LAM-197.dwg
    Source: DraftSightHelper.cs -> CloseDocument() [Line 198]

[2026-01-19 14:57:36.793] [INFO   ] Successfully closed document: E-LAM-197.dwg
    Source: DraftSightHelper.cs -> CloseDocument() [Line 205]

[2026-01-19 14:57:36.797] [DEBUG  ] Generating thumbnail for: Y:\Autocad\Template\~LAMACOIDS\Lams\E-LAM-197.pdf
    Source: ThumbnailGenerator.cs -> GenerateThumbnail() [Line 68]

[2026-01-19 14:57:36.797] [INFO   ] Creating placeholder thumbnail (PDF rendering disabled): C:\Users\dlebel\Downloads\LamCreator-main (1)\LamCreator-main\Lamacoid Creator\Lamacoid Creator\bin\Debug\Thumbnails\E-LAM-197.png
    Source: ThumbnailGenerator.cs -> GenerateThumbnail() [Line 72]

[2026-01-19 14:57:36.814] [DEBUG  ] OpenTemplate called for: Y:\Autocad\Template\~LAMACOIDS\Lams\E-LAM-198.dwg
    Source: DraftSightHelper.cs -> OpenTemplate() [Line 87]

[2026-01-19 14:57:37.332] [INFO   ] Performance: Opening document E-LAM-198.dwg completed in 517ms
    Source: DraftSightHelper.cs -> OpenTemplate() [Line 108]

[2026-01-19 14:57:37.332] [INFO   ] Successfully opened template: E-LAM-198.dwg
    Source: DraftSightHelper.cs -> OpenTemplate() [Line 109]

[2026-01-19 14:57:37.342] [DEBUG  ] Extracted properties from E-LAM-198: Contents='MS3-03', Colour='ORANGE WITH BLACK TEXT'
    Source: LamacoidIndex.cs -> ExtractPropertiesFromDwg() [Line 177]

[2026-01-19 14:57:37.342] [DEBUG  ] CloseDocument called for: E-LAM-198.dwg
    Source: DraftSightHelper.cs -> CloseDocument() [Line 198]

[2026-01-19 14:57:37.631] [INFO   ] Successfully closed document: E-LAM-198.dwg
    Source: DraftSightHelper.cs -> CloseDocument() [Line 205]

[2026-01-19 14:57:37.634] [DEBUG  ] Generating thumbnail for: Y:\Autocad\Template\~LAMACOIDS\Lams\E-LAM-198.pdf
    Source: ThumbnailGenerator.cs -> GenerateThumbnail() [Line 68]

[2026-01-19 14:57:37.635] [INFO   ] Creating placeholder thumbnail (PDF rendering disabled): C:\Users\dlebel\Downloads\LamCreator-main (1)\LamCreator-main\Lamacoid Creator\Lamacoid Creator\bin\Debug\Thumbnails\E-LAM-198.png
    Source: ThumbnailGenerator.cs -> GenerateThumbnail() [Line 72]

[2026-01-19 14:57:37.651] [DEBUG  ] OpenTemplate called for: Y:\Autocad\Template\~LAMACOIDS\Lams\E-LAM-199.dwg
    Source: DraftSightHelper.cs -> OpenTemplate() [Line 87]

[2026-01-19 14:57:38.146] [INFO   ] Performance: Opening document E-LAM-199.dwg completed in 494ms
    Source: DraftSightHelper.cs -> OpenTemplate() [Line 108]

[2026-01-19 14:57:38.146] [INFO   ] Successfully opened template: E-LAM-199.dwg
    Source: DraftSightHelper.cs -> OpenTemplate() [Line 109]

[2026-01-19 14:57:38.162] [DEBUG  ] Extracted properties from E-LAM-199: Contents='MS3-04', Colour='ORANGE WITH BLACK TEXT'
    Source: LamacoidIndex.cs -> ExtractPropertiesFromDwg() [Line 177]

[2026-01-19 14:57:38.163] [DEBUG  ] CloseDocument called for: E-LAM-199.dwg
    Source: DraftSightHelper.cs -> CloseDocument() [Line 198]

[2026-01-19 14:57:38.437] [INFO   ] Successfully closed document: E-LAM-199.dwg
    Source: DraftSightHelper.cs -> CloseDocument() [Line 205]

[2026-01-19 14:57:38.441] [DEBUG  ] Generating thumbnail for: Y:\Autocad\Template\~LAMACOIDS\Lams\E-LAM-199.pdf
    Source: ThumbnailGenerator.cs -> GenerateThumbnail() [Line 68]

[2026-01-19 14:57:38.441] [INFO   ] Creating placeholder thumbnail (PDF rendering disabled): C:\Users\dlebel\Downloads\LamCreator-main (1)\LamCreator-main\Lamacoid Creator\Lamacoid Creator\bin\Debug\Thumbnails\E-LAM-199.png
    Source: ThumbnailGenerator.cs -> GenerateThumbnail() [Line 72]

[2026-01-19 14:57:38.459] [DEBUG  ] OpenTemplate called for: Y:\Autocad\Template\~LAMACOIDS\Lams\E-LAM-200.dwg
    Source: DraftSightHelper.cs -> OpenTemplate() [Line 87]

[2026-01-19 14:57:39.019] [INFO   ] Performance: Opening document E-LAM-200.dwg completed in 559ms
    Source: DraftSightHelper.cs -> OpenTemplate() [Line 108]

[2026-01-19 14:57:39.019] [INFO   ] Successfully opened template: E-LAM-200.dwg
    Source: DraftSightHelper.cs -> OpenTemplate() [Line 109]

[2026-01-19 14:57:39.031] [DEBUG  ] Extracted properties from E-LAM-200: Contents='CB4-01', Colour='ORANGE WITH BLACK TEXT'
    Source: LamacoidIndex.cs -> ExtractPropertiesFromDwg() [Line 177]

[2026-01-19 14:57:39.031] [DEBUG  ] CloseDocument called for: E-LAM-200.dwg
    Source: DraftSightHelper.cs -> CloseDocument() [Line 198]

[2026-01-19 14:57:39.303] [INFO   ] Successfully closed document: E-LAM-200.dwg
    Source: DraftSightHelper.cs -> CloseDocument() [Line 205]

[2026-01-19 14:57:39.305] [DEBUG  ] Generating thumbnail for: Y:\Autocad\Template\~LAMACOIDS\Lams\E-LAM-200.pdf
    Source: ThumbnailGenerator.cs -> GenerateThumbnail() [Line 68]

[2026-01-19 14:57:39.305] [INFO   ] Creating placeholder thumbnail (PDF rendering disabled): C:\Users\dlebel\Downloads\LamCreator-main (1)\LamCreator-main\Lamacoid Creator\Lamacoid Creator\bin\Debug\Thumbnails\E-LAM-200.png
    Source: ThumbnailGenerator.cs -> GenerateThumbnail() [Line 72]

[2026-01-19 14:57:39.326] [DEBUG  ] OpenTemplate called for: Y:\Autocad\Template\~LAMACOIDS\Lams\E-LAM-201.dwg
    Source: DraftSightHelper.cs -> OpenTemplate() [Line 87]

[2026-01-19 14:57:39.822] [INFO   ] Performance: Opening document E-LAM-201.dwg completed in 495ms
    Source: DraftSightHelper.cs -> OpenTemplate() [Line 108]

[2026-01-19 14:57:39.822] [INFO   ] Successfully opened template: E-LAM-201.dwg
    Source: DraftSightHelper.cs -> OpenTemplate() [Line 109]

[2026-01-19 14:57:39.830] [DEBUG  ] Extracted properties from E-LAM-201: Contents='CB4-02', Colour='ORANGE WITH BLACK TEXT'
    Source: LamacoidIndex.cs -> ExtractPropertiesFromDwg() [Line 177]

[2026-01-19 14:57:39.831] [DEBUG  ] CloseDocument called for: E-LAM-201.dwg
    Source: DraftSightHelper.cs -> CloseDocument() [Line 198]

[2026-01-19 14:57:40.102] [INFO   ] Successfully closed document: E-LAM-201.dwg
    Source: DraftSightHelper.cs -> CloseDocument() [Line 205]

[2026-01-19 14:57:40.102] [DEBUG  ] Generating thumbnail for: Y:\Autocad\Template\~LAMACOIDS\Lams\E-LAM-201.pdf
    Source: ThumbnailGenerator.cs -> GenerateThumbnail() [Line 68]

[2026-01-19 14:57:40.102] [INFO   ] Creating placeholder thumbnail (PDF rendering disabled): C:\Users\dlebel\Downloads\LamCreator-main (1)\LamCreator-main\Lamacoid Creator\Lamacoid Creator\bin\Debug\Thumbnails\E-LAM-201.png
    Source: ThumbnailGenerator.cs -> GenerateThumbnail() [Line 72]

[2026-01-19 14:57:40.118] [DEBUG  ] OpenTemplate called for: Y:\Autocad\Template\~LAMACOIDS\Lams\E-LAM-202.dwg
    Source: DraftSightHelper.cs -> OpenTemplate() [Line 87]

[2026-01-19 14:57:40.683] [INFO   ] Performance: Opening document E-LAM-202.dwg completed in 554ms
    Source: DraftSightHelper.cs -> OpenTemplate() [Line 108]

[2026-01-19 14:57:40.683] [INFO   ] Successfully opened template: E-LAM-202.dwg
    Source: DraftSightHelper.cs -> OpenTemplate() [Line 109]

[2026-01-19 14:57:40.692] [DEBUG  ] Extracted properties from E-LAM-202: Contents='CB4-03', Colour='ORANGE WITH BLACK TEXT'
    Source: LamacoidIndex.cs -> ExtractPropertiesFromDwg() [Line 177]

[2026-01-19 14:57:40.693] [DEBUG  ] CloseDocument called for: E-LAM-202.dwg
    Source: DraftSightHelper.cs -> CloseDocument() [Line 198]

[2026-01-19 14:57:40.963] [INFO   ] Successfully closed document: E-LAM-202.dwg
    Source: DraftSightHelper.cs -> CloseDocument() [Line 205]

[2026-01-19 14:57:40.963] [DEBUG  ] Generating thumbnail for: Y:\Autocad\Template\~LAMACOIDS\Lams\E-LAM-202.pdf
    Source: ThumbnailGenerator.cs -> GenerateThumbnail() [Line 68]

[2026-01-19 14:57:40.963] [INFO   ] Creating placeholder thumbnail (PDF rendering disabled): C:\Users\dlebel\Downloads\LamCreator-main (1)\LamCreator-main\Lamacoid Creator\Lamacoid Creator\bin\Debug\Thumbnails\E-LAM-202.png
    Source: ThumbnailGenerator.cs -> GenerateThumbnail() [Line 72]

[2026-01-19 14:57:40.986] [DEBUG  ] OpenTemplate called for: Y:\Autocad\Template\~LAMACOIDS\Lams\E-LAM-203.dwg
    Source: DraftSightHelper.cs -> OpenTemplate() [Line 87]

[2026-01-19 14:57:41.477] [INFO   ] Performance: Opening document E-LAM-203.dwg completed in 495ms
    Source: DraftSightHelper.cs -> OpenTemplate() [Line 108]

[2026-01-19 14:57:41.477] [INFO   ] Successfully opened template: E-LAM-203.dwg
    Source: DraftSightHelper.cs -> OpenTemplate() [Line 109]

[2026-01-19 14:57:41.493] [DEBUG  ] Extracted properties from E-LAM-203: Contents='CB4-04', Colour='ORANGE WITH BLACK TEXT'
    Source: LamacoidIndex.cs -> ExtractPropertiesFromDwg() [Line 177]

[2026-01-19 14:57:41.493] [DEBUG  ] CloseDocument called for: E-LAM-203.dwg
    Source: DraftSightHelper.cs -> CloseDocument() [Line 198]

[2026-01-19 14:57:41.776] [INFO   ] Successfully closed document: E-LAM-203.dwg
    Source: DraftSightHelper.cs -> CloseDocument() [Line 205]

[2026-01-19 14:57:41.779] [DEBUG  ] Generating thumbnail for: Y:\Autocad\Template\~LAMACOIDS\Lams\E-LAM-203.pdf
    Source: ThumbnailGenerator.cs -> GenerateThumbnail() [Line 68]

[2026-01-19 14:57:41.779] [INFO   ] Creating placeholder thumbnail (PDF rendering disabled): C:\Users\dlebel\Downloads\LamCreator-main (1)\LamCreator-main\Lamacoid Creator\Lamacoid Creator\bin\Debug\Thumbnails\E-LAM-203.png
    Source: ThumbnailGenerator.cs -> GenerateThumbnail() [Line 72]

[2026-01-19 14:57:41.796] [DEBUG  ] OpenTemplate called for: Y:\Autocad\Template\~LAMACOIDS\Lams\E-LAM-204.dwg
    Source: DraftSightHelper.cs -> OpenTemplate() [Line 87]

[2026-01-19 14:57:42.293] [INFO   ] Performance: Opening document E-LAM-204.dwg completed in 496ms
    Source: DraftSightHelper.cs -> OpenTemplate() [Line 108]

[2026-01-19 14:57:42.293] [INFO   ] Successfully opened template: E-LAM-204.dwg
    Source: DraftSightHelper.cs -> OpenTemplate() [Line 109]

[2026-01-19 14:57:42.303] [DEBUG  ] Extracted properties from E-LAM-204: Contents='CB5-01', Colour='ORANGE WITH BLACK TEXT'
    Source: LamacoidIndex.cs -> ExtractPropertiesFromDwg() [Line 177]

[2026-01-19 14:57:42.303] [DEBUG  ] CloseDocument called for: E-LAM-204.dwg
    Source: DraftSightHelper.cs -> CloseDocument() [Line 198]

[2026-01-19 14:57:42.589] [INFO   ] Successfully closed document: E-LAM-204.dwg
    Source: DraftSightHelper.cs -> CloseDocument() [Line 205]

[2026-01-19 14:57:42.593] [DEBUG  ] Generating thumbnail for: Y:\Autocad\Template\~LAMACOIDS\Lams\E-LAM-204.pdf
    Source: ThumbnailGenerator.cs -> GenerateThumbnail() [Line 68]

[2026-01-19 14:57:42.593] [INFO   ] Creating placeholder thumbnail (PDF rendering disabled): C:\Users\dlebel\Downloads\LamCreator-main (1)\LamCreator-main\Lamacoid Creator\Lamacoid Creator\bin\Debug\Thumbnails\E-LAM-204.png
    Source: ThumbnailGenerator.cs -> GenerateThumbnail() [Line 72]

[2026-01-19 14:57:42.599] [DEBUG  ] OpenTemplate called for: Y:\Autocad\Template\~LAMACOIDS\Lams\E-LAM-205.dwg
    Source: DraftSightHelper.cs -> OpenTemplate() [Line 87]

[2026-01-19 14:57:43.105] [INFO   ] Performance: Opening document E-LAM-205.dwg completed in 503ms
    Source: DraftSightHelper.cs -> OpenTemplate() [Line 108]

[2026-01-19 14:57:43.105] [INFO   ] Successfully opened template: E-LAM-205.dwg
    Source: DraftSightHelper.cs -> OpenTemplate() [Line 109]

[2026-01-19 14:57:43.123] [DEBUG  ] Extracted properties from E-LAM-205: Contents='CB5-02', Colour='ORANGE WITH BLACK TEXT'
    Source: LamacoidIndex.cs -> ExtractPropertiesFromDwg() [Line 177]

[2026-01-19 14:57:43.123] [DEBUG  ] CloseDocument called for: E-LAM-205.dwg
    Source: DraftSightHelper.cs -> CloseDocument() [Line 198]

[2026-01-19 14:57:43.392] [INFO   ] Successfully closed document: E-LAM-205.dwg
    Source: DraftSightHelper.cs -> CloseDocument() [Line 205]

[2026-01-19 14:57:43.403] [DEBUG  ] Generating thumbnail for: Y:\Autocad\Template\~LAMACOIDS\Lams\E-LAM-205.pdf
    Source: ThumbnailGenerator.cs -> GenerateThumbnail() [Line 68]

[2026-01-19 14:57:43.403] [INFO   ] Creating placeholder thumbnail (PDF rendering disabled): C:\Users\dlebel\Downloads\LamCreator-main (1)\LamCreator-main\Lamacoid Creator\Lamacoid Creator\bin\Debug\Thumbnails\E-LAM-205.png
    Source: ThumbnailGenerator.cs -> GenerateThumbnail() [Line 72]

[2026-01-19 14:57:43.418] [DEBUG  ] OpenTemplate called for: Y:\Autocad\Template\~LAMACOIDS\Lams\E-LAM-206.dwg
    Source: DraftSightHelper.cs -> OpenTemplate() [Line 87]

[2026-01-19 14:57:43.920] [INFO   ] Performance: Opening document E-LAM-206.dwg completed in 501ms
    Source: DraftSightHelper.cs -> OpenTemplate() [Line 108]

[2026-01-19 14:57:43.920] [INFO   ] Successfully opened template: E-LAM-206.dwg
    Source: DraftSightHelper.cs -> OpenTemplate() [Line 109]

[2026-01-19 14:57:43.920] [DEBUG  ] Extracted properties from E-LAM-206: Contents='CB5-03', Colour='ORANGE WITH BLACK TEXT'
    Source: LamacoidIndex.cs -> ExtractPropertiesFromDwg() [Line 177]

[2026-01-19 14:57:43.920] [DEBUG  ] CloseDocument called for: E-LAM-206.dwg
    Source: DraftSightHelper.cs -> CloseDocument() [Line 198]

[2026-01-19 14:57:44.207] [INFO   ] Successfully closed document: E-LAM-206.dwg
    Source: DraftSightHelper.cs -> CloseDocument() [Line 205]

[2026-01-19 14:57:44.211] [DEBUG  ] Generating thumbnail for: Y:\Autocad\Template\~LAMACOIDS\Lams\E-LAM-206.pdf
    Source: ThumbnailGenerator.cs -> GenerateThumbnail() [Line 68]

[2026-01-19 14:57:44.211] [INFO   ] Creating placeholder thumbnail (PDF rendering disabled): C:\Users\dlebel\Downloads\LamCreator-main (1)\LamCreator-main\Lamacoid Creator\Lamacoid Creator\bin\Debug\Thumbnails\E-LAM-206.png
    Source: ThumbnailGenerator.cs -> GenerateThumbnail() [Line 72]

[2026-01-19 14:57:44.226] [DEBUG  ] OpenTemplate called for: Y:\Autocad\Template\~LAMACOIDS\Lams\E-LAM-207.dwg
    Source: DraftSightHelper.cs -> OpenTemplate() [Line 87]

[2026-01-19 14:57:44.732] [INFO   ] Performance: Opening document E-LAM-207.dwg completed in 503ms
    Source: DraftSightHelper.cs -> OpenTemplate() [Line 108]

[2026-01-19 14:57:44.733] [INFO   ] Successfully opened template: E-LAM-207.dwg
    Source: DraftSightHelper.cs -> OpenTemplate() [Line 109]

[2026-01-19 14:57:44.746] [DEBUG  ] Extracted properties from E-LAM-207: Contents='CB5-04', Colour='ORANGE WITH BLACK TEXT'
    Source: LamacoidIndex.cs -> ExtractPropertiesFromDwg() [Line 177]

[2026-01-19 14:57:44.746] [DEBUG  ] CloseDocument called for: E-LAM-207.dwg
    Source: DraftSightHelper.cs -> CloseDocument() [Line 198]

[2026-01-19 14:57:45.025] [INFO   ] Successfully closed document: E-LAM-207.dwg
    Source: DraftSightHelper.cs -> CloseDocument() [Line 205]

[2026-01-19 14:57:45.029] [DEBUG  ] Generating thumbnail for: Y:\Autocad\Template\~LAMACOIDS\Lams\E-LAM-207.pdf
    Source: ThumbnailGenerator.cs -> GenerateThumbnail() [Line 68]

[2026-01-19 14:57:45.029] [INFO   ] Creating placeholder thumbnail (PDF rendering disabled): C:\Users\dlebel\Downloads\LamCreator-main (1)\LamCreator-main\Lamacoid Creator\Lamacoid Creator\bin\Debug\Thumbnails\E-LAM-207.png
    Source: ThumbnailGenerator.cs -> GenerateThumbnail() [Line 72]

[2026-01-19 14:57:45.046] [DEBUG  ] OpenTemplate called for: Y:\Autocad\Template\~LAMACOIDS\Lams\E-LAM-208.dwg
    Source: DraftSightHelper.cs -> OpenTemplate() [Line 87]

[2026-01-19 14:57:45.570] [INFO   ] Performance: Opening document E-LAM-208.dwg completed in 533ms
    Source: DraftSightHelper.cs -> OpenTemplate() [Line 108]

[2026-01-19 14:57:45.570] [INFO   ] Successfully opened template: E-LAM-208.dwg
    Source: DraftSightHelper.cs -> OpenTemplate() [Line 109]

[2026-01-19 14:57:45.588] [DEBUG  ] Extracted properties from E-LAM-208: Contents='OL2-01', Colour='ORANGE WITH BLACK TEXT'
    Source: LamacoidIndex.cs -> ExtractPropertiesFromDwg() [Line 177]

[2026-01-19 14:57:45.589] [DEBUG  ] CloseDocument called for: E-LAM-208.dwg
    Source: DraftSightHelper.cs -> CloseDocument() [Line 198]

[2026-01-19 14:57:45.862] [INFO   ] Successfully closed document: E-LAM-208.dwg
    Source: DraftSightHelper.cs -> CloseDocument() [Line 205]

[2026-01-19 14:57:45.866] [DEBUG  ] Generating thumbnail for: Y:\Autocad\Template\~LAMACOIDS\Lams\E-LAM-208.pdf
    Source: ThumbnailGenerator.cs -> GenerateThumbnail() [Line 68]

[2026-01-19 14:57:45.866] [INFO   ] Creating placeholder thumbnail (PDF rendering disabled): C:\Users\dlebel\Downloads\LamCreator-main (1)\LamCreator-main\Lamacoid Creator\Lamacoid Creator\bin\Debug\Thumbnails\E-LAM-208.png
    Source: ThumbnailGenerator.cs -> GenerateThumbnail() [Line 72]

[2026-01-19 14:57:45.884] [DEBUG  ] OpenTemplate called for: Y:\Autocad\Template\~LAMACOIDS\Lams\E-LAM-209.dwg
    Source: DraftSightHelper.cs -> OpenTemplate() [Line 87]

[2026-01-19 14:57:46.383] [INFO   ] Performance: Opening document E-LAM-209.dwg completed in 500ms
    Source: DraftSightHelper.cs -> OpenTemplate() [Line 108]

[2026-01-19 14:57:46.383] [INFO   ] Successfully opened template: E-LAM-209.dwg
    Source: DraftSightHelper.cs -> OpenTemplate() [Line 109]

[2026-01-19 14:57:46.383] [DEBUG  ] Extracted properties from E-LAM-209: Contents='OL2-02', Colour='ORANGE WITH BLACK TEXT'
    Source: LamacoidIndex.cs -> ExtractPropertiesFromDwg() [Line 177]

[2026-01-19 14:57:46.383] [DEBUG  ] CloseDocument called for: E-LAM-209.dwg
    Source: DraftSightHelper.cs -> CloseDocument() [Line 198]

[2026-01-19 14:57:46.673] [INFO   ] Successfully closed document: E-LAM-209.dwg
    Source: DraftSightHelper.cs -> CloseDocument() [Line 205]

[2026-01-19 14:57:46.677] [DEBUG  ] Generating thumbnail for: Y:\Autocad\Template\~LAMACOIDS\Lams\E-LAM-209.pdf
    Source: ThumbnailGenerator.cs -> GenerateThumbnail() [Line 68]

[2026-01-19 14:57:46.677] [INFO   ] Creating placeholder thumbnail (PDF rendering disabled): C:\Users\dlebel\Downloads\LamCreator-main (1)\LamCreator-main\Lamacoid Creator\Lamacoid Creator\bin\Debug\Thumbnails\E-LAM-209.png
    Source: ThumbnailGenerator.cs -> GenerateThumbnail() [Line 72]

[2026-01-19 14:57:46.694] [DEBUG  ] OpenTemplate called for: Y:\Autocad\Template\~LAMACOIDS\Lams\E-LAM-210.dwg
    Source: DraftSightHelper.cs -> OpenTemplate() [Line 87]

[2026-01-19 14:57:47.238] [INFO   ] Performance: Opening document E-LAM-210.dwg completed in 543ms
    Source: DraftSightHelper.cs -> OpenTemplate() [Line 108]

[2026-01-19 14:57:47.238] [INFO   ] Successfully opened template: E-LAM-210.dwg
    Source: DraftSightHelper.cs -> OpenTemplate() [Line 109]

[2026-01-19 14:57:47.249] [DEBUG  ] Extracted properties from E-LAM-210: Contents='OL2-03', Colour='ORANGE WITH BLACK TEXT'
    Source: LamacoidIndex.cs -> ExtractPropertiesFromDwg() [Line 177]

[2026-01-19 14:57:47.250] [DEBUG  ] CloseDocument called for: E-LAM-210.dwg
    Source: DraftSightHelper.cs -> CloseDocument() [Line 198]

[2026-01-19 14:57:47.519] [INFO   ] Successfully closed document: E-LAM-210.dwg
    Source: DraftSightHelper.cs -> CloseDocument() [Line 205]

[2026-01-19 14:57:47.519] [DEBUG  ] Generating thumbnail for: Y:\Autocad\Template\~LAMACOIDS\Lams\E-LAM-210.pdf
    Source: ThumbnailGenerator.cs -> GenerateThumbnail() [Line 68]

[2026-01-19 14:57:47.519] [INFO   ] Creating placeholder thumbnail (PDF rendering disabled): C:\Users\dlebel\Downloads\LamCreator-main (1)\LamCreator-main\Lamacoid Creator\Lamacoid Creator\bin\Debug\Thumbnails\E-LAM-210.png
    Source: ThumbnailGenerator.cs -> GenerateThumbnail() [Line 72]

[2026-01-19 14:57:47.539] [DEBUG  ] OpenTemplate called for: Y:\Autocad\Template\~LAMACOIDS\Lams\E-LAM-211.dwg
    Source: DraftSightHelper.cs -> OpenTemplate() [Line 87]

[2026-01-19 14:57:48.036] [INFO   ] Performance: Opening document E-LAM-211.dwg completed in 493ms
    Source: DraftSightHelper.cs -> OpenTemplate() [Line 108]

[2026-01-19 14:57:48.036] [INFO   ] Successfully opened template: E-LAM-211.dwg
    Source: DraftSightHelper.cs -> OpenTemplate() [Line 109]

[2026-01-19 14:57:48.036] [DEBUG  ] Extracted properties from E-LAM-211: Contents='OL2-04', Colour='ORANGE WITH BLACK TEXT'
    Source: LamacoidIndex.cs -> ExtractPropertiesFromDwg() [Line 177]

[2026-01-19 14:57:48.036] [DEBUG  ] CloseDocument called for: E-LAM-211.dwg
    Source: DraftSightHelper.cs -> CloseDocument() [Line 198]

[2026-01-19 14:57:48.321] [INFO   ] Successfully closed document: E-LAM-211.dwg
    Source: DraftSightHelper.cs -> CloseDocument() [Line 205]

[2026-01-19 14:57:48.324] [DEBUG  ] Generating thumbnail for: Y:\Autocad\Template\~LAMACOIDS\Lams\E-LAM-211.pdf
    Source: ThumbnailGenerator.cs -> GenerateThumbnail() [Line 68]

[2026-01-19 14:57:48.325] [INFO   ] Creating placeholder thumbnail (PDF rendering disabled): C:\Users\dlebel\Downloads\LamCreator-main (1)\LamCreator-main\Lamacoid Creator\Lamacoid Creator\bin\Debug\Thumbnails\E-LAM-211.png
    Source: ThumbnailGenerator.cs -> GenerateThumbnail() [Line 72]

[2026-01-19 14:57:48.337] [DEBUG  ] OpenTemplate called for: Y:\Autocad\Template\~LAMACOIDS\Lams\E-LAM-212.dwg
    Source: DraftSightHelper.cs -> OpenTemplate() [Line 87]

[2026-01-19 14:57:48.868] [INFO   ] Performance: Opening document E-LAM-212.dwg completed in 526ms
    Source: DraftSightHelper.cs -> OpenTemplate() [Line 108]

[2026-01-19 14:57:48.869] [INFO   ] Successfully opened template: E-LAM-212.dwg
    Source: DraftSightHelper.cs -> OpenTemplate() [Line 109]

[2026-01-19 14:57:48.880] [DEBUG  ] Extracted properties from E-LAM-212: Contents='NS1-00', Colour='ORANGE WITH BLACK TEXT'
    Source: LamacoidIndex.cs -> ExtractPropertiesFromDwg() [Line 177]

[2026-01-19 14:57:48.881] [DEBUG  ] CloseDocument called for: E-LAM-212.dwg
    Source: DraftSightHelper.cs -> CloseDocument() [Line 198]

[2026-01-19 14:57:49.151] [INFO   ] Successfully closed document: E-LAM-212.dwg
    Source: DraftSightHelper.cs -> CloseDocument() [Line 205]

[2026-01-19 14:57:49.151] [DEBUG  ] Generating thumbnail for: Y:\Autocad\Template\~LAMACOIDS\Lams\E-LAM-212.pdf
    Source: ThumbnailGenerator.cs -> GenerateThumbnail() [Line 68]

[2026-01-19 14:57:49.151] [INFO   ] Creating placeholder thumbnail (PDF rendering disabled): C:\Users\dlebel\Downloads\LamCreator-main (1)\LamCreator-main\Lamacoid Creator\Lamacoid Creator\bin\Debug\Thumbnails\E-LAM-212.png
    Source: ThumbnailGenerator.cs -> GenerateThumbnail() [Line 72]

[2026-01-19 14:57:49.180] [DEBUG  ] OpenTemplate called for: Y:\Autocad\Template\~LAMACOIDS\Lams\E-LAM-213.dwg
    Source: DraftSightHelper.cs -> OpenTemplate() [Line 87]

[2026-01-19 14:57:49.687] [INFO   ] Performance: Opening document E-LAM-213.dwg completed in 507ms
    Source: DraftSightHelper.cs -> OpenTemplate() [Line 108]

[2026-01-19 14:57:49.688] [INFO   ] Successfully opened template: E-LAM-213.dwg
    Source: DraftSightHelper.cs -> OpenTemplate() [Line 109]

[2026-01-19 14:57:49.700] [DEBUG  ] Extracted properties from E-LAM-213: Contents='AI1-00', Colour='ORANGE WITH BLACK TEXT'
    Source: LamacoidIndex.cs -> ExtractPropertiesFromDwg() [Line 177]

[2026-01-19 14:57:49.700] [DEBUG  ] CloseDocument called for: E-LAM-213.dwg
    Source: DraftSightHelper.cs -> CloseDocument() [Line 198]

[2026-01-19 14:57:49.972] [INFO   ] Successfully closed document: E-LAM-213.dwg
    Source: DraftSightHelper.cs -> CloseDocument() [Line 205]

[2026-01-19 14:57:49.972] [DEBUG  ] Generating thumbnail for: Y:\Autocad\Template\~LAMACOIDS\Lams\E-LAM-213.pdf
    Source: ThumbnailGenerator.cs -> GenerateThumbnail() [Line 68]

[2026-01-19 14:57:49.972] [INFO   ] Creating placeholder thumbnail (PDF rendering disabled): C:\Users\dlebel\Downloads\LamCreator-main (1)\LamCreator-main\Lamacoid Creator\Lamacoid Creator\bin\Debug\Thumbnails\E-LAM-213.png
    Source: ThumbnailGenerator.cs -> GenerateThumbnail() [Line 72]

[2026-01-19 14:57:49.998] [DEBUG  ] OpenTemplate called for: Y:\Autocad\Template\~LAMACOIDS\Lams\E-LAM-214.dwg
    Source: DraftSightHelper.cs -> OpenTemplate() [Line 87]

[2026-01-19 14:57:50.508] [INFO   ] Performance: Opening document E-LAM-214.dwg completed in 523ms
    Source: DraftSightHelper.cs -> OpenTemplate() [Line 108]

[2026-01-19 14:57:50.508] [INFO   ] Successfully opened template: E-LAM-214.dwg
    Source: DraftSightHelper.cs -> OpenTemplate() [Line 109]

[2026-01-19 14:57:50.528] [DEBUG  ] Extracted properties from E-LAM-214: Contents='NS3-00', Colour='ORANGE WITH BLACK TEXT'
    Source: LamacoidIndex.cs -> ExtractPropertiesFromDwg() [Line 177]

[2026-01-19 14:57:50.528] [DEBUG  ] CloseDocument called for: E-LAM-214.dwg
    Source: DraftSightHelper.cs -> CloseDocument() [Line 198]

[2026-01-19 14:57:50.809] [INFO   ] Successfully closed document: E-LAM-214.dwg
    Source: DraftSightHelper.cs -> CloseDocument() [Line 205]

[2026-01-19 14:57:50.813] [DEBUG  ] Generating thumbnail for: Y:\Autocad\Template\~LAMACOIDS\Lams\E-LAM-214.pdf
    Source: ThumbnailGenerator.cs -> GenerateThumbnail() [Line 68]

[2026-01-19 14:57:50.813] [INFO   ] Creating placeholder thumbnail (PDF rendering disabled): C:\Users\dlebel\Downloads\LamCreator-main (1)\LamCreator-main\Lamacoid Creator\Lamacoid Creator\bin\Debug\Thumbnails\E-LAM-214.png
    Source: ThumbnailGenerator.cs -> GenerateThumbnail() [Line 72]

[2026-01-19 14:57:50.829] [DEBUG  ] OpenTemplate called for: Y:\Autocad\Template\~LAMACOIDS\Lams\E-LAM-215.dwg
    Source: DraftSightHelper.cs -> OpenTemplate() [Line 87]

[2026-01-19 14:57:51.376] [INFO   ] Performance: Opening document E-LAM-215.dwg completed in 550ms
    Source: DraftSightHelper.cs -> OpenTemplate() [Line 108]

[2026-01-19 14:57:51.376] [INFO   ] Successfully opened template: E-LAM-215.dwg
    Source: DraftSightHelper.cs -> OpenTemplate() [Line 109]

[2026-01-19 14:57:51.384] [DEBUG  ] Extracted properties from E-LAM-215: Contents='CB1-00', Colour='ORANGE WITH BLACK TEXT'
    Source: LamacoidIndex.cs -> ExtractPropertiesFromDwg() [Line 177]

[2026-01-19 14:57:51.384] [DEBUG  ] CloseDocument called for: E-LAM-215.dwg
    Source: DraftSightHelper.cs -> CloseDocument() [Line 198]

[2026-01-19 14:57:51.669] [INFO   ] Successfully closed document: E-LAM-215.dwg
    Source: DraftSightHelper.cs -> CloseDocument() [Line 205]

[2026-01-19 14:57:51.669] [DEBUG  ] Generating thumbnail for: Y:\Autocad\Template\~LAMACOIDS\Lams\E-LAM-215.pdf
    Source: ThumbnailGenerator.cs -> GenerateThumbnail() [Line 68]

[2026-01-19 14:57:51.669] [INFO   ] Creating placeholder thumbnail (PDF rendering disabled): C:\Users\dlebel\Downloads\LamCreator-main (1)\LamCreator-main\Lamacoid Creator\Lamacoid Creator\bin\Debug\Thumbnails\E-LAM-215.png
    Source: ThumbnailGenerator.cs -> GenerateThumbnail() [Line 72]

[2026-01-19 14:57:51.689] [DEBUG  ] OpenTemplate called for: Y:\Autocad\Template\~LAMACOIDS\Lams\E-LAM-216.dwg
    Source: DraftSightHelper.cs -> OpenTemplate() [Line 87]

[2026-01-19 14:57:52.183] [INFO   ] Performance: Opening document E-LAM-216.dwg completed in 493ms
    Source: DraftSightHelper.cs -> OpenTemplate() [Line 108]

[2026-01-19 14:57:52.183] [INFO   ] Successfully opened template: E-LAM-216.dwg
    Source: DraftSightHelper.cs -> OpenTemplate() [Line 109]

[2026-01-19 14:57:52.187] [DEBUG  ] Extracted properties from E-LAM-216: Contents='PS2-00', Colour='ORANGE WITH BLACK TEXT'
    Source: LamacoidIndex.cs -> ExtractPropertiesFromDwg() [Line 177]

[2026-01-19 14:57:52.187] [DEBUG  ] CloseDocument called for: E-LAM-216.dwg
    Source: DraftSightHelper.cs -> CloseDocument() [Line 198]

[2026-01-19 14:57:52.462] [INFO   ] Successfully closed document: E-LAM-216.dwg
    Source: DraftSightHelper.cs -> CloseDocument() [Line 205]

[2026-01-19 14:57:52.466] [DEBUG  ] Generating thumbnail for: Y:\Autocad\Template\~LAMACOIDS\Lams\E-LAM-216.pdf
    Source: ThumbnailGenerator.cs -> GenerateThumbnail() [Line 68]

[2026-01-19 14:57:52.466] [INFO   ] Creating placeholder thumbnail (PDF rendering disabled): C:\Users\dlebel\Downloads\LamCreator-main (1)\LamCreator-main\Lamacoid Creator\Lamacoid Creator\bin\Debug\Thumbnails\E-LAM-216.png
    Source: ThumbnailGenerator.cs -> GenerateThumbnail() [Line 72]

[2026-01-19 14:57:52.481] [DEBUG  ] OpenTemplate called for: Y:\Autocad\Template\~LAMACOIDS\Lams\E-LAM-217.dwg
    Source: DraftSightHelper.cs -> OpenTemplate() [Line 87]

[2026-01-19 14:57:52.977] [INFO   ] Performance: Opening document E-LAM-217.dwg completed in 499ms
    Source: DraftSightHelper.cs -> OpenTemplate() [Line 108]

[2026-01-19 14:57:52.977] [INFO   ] Successfully opened template: E-LAM-217.dwg
    Source: DraftSightHelper.cs -> OpenTemplate() [Line 109]

[2026-01-19 14:57:52.987] [DEBUG  ] Extracted properties from E-LAM-217: Contents='NS2-00', Colour='ORANGE WITH BLACK TEXT'
    Source: LamacoidIndex.cs -> ExtractPropertiesFromDwg() [Line 177]

[2026-01-19 14:57:52.987] [DEBUG  ] CloseDocument called for: E-LAM-217.dwg
    Source: DraftSightHelper.cs -> CloseDocument() [Line 198]

[2026-01-19 14:57:53.262] [INFO   ] Successfully closed document: E-LAM-217.dwg
    Source: DraftSightHelper.cs -> CloseDocument() [Line 205]

[2026-01-19 14:57:53.267] [DEBUG  ] Generating thumbnail for: Y:\Autocad\Template\~LAMACOIDS\Lams\E-LAM-217.pdf
    Source: ThumbnailGenerator.cs -> GenerateThumbnail() [Line 68]

[2026-01-19 14:57:53.267] [INFO   ] Creating placeholder thumbnail (PDF rendering disabled): C:\Users\dlebel\Downloads\LamCreator-main (1)\LamCreator-main\Lamacoid Creator\Lamacoid Creator\bin\Debug\Thumbnails\E-LAM-217.png
    Source: ThumbnailGenerator.cs -> GenerateThumbnail() [Line 72]

[2026-01-19 14:57:53.283] [DEBUG  ] OpenTemplate called for: Y:\Autocad\Template\~LAMACOIDS\Lams\E-LAM-218.dwg
    Source: DraftSightHelper.cs -> OpenTemplate() [Line 87]

[2026-01-19 14:57:53.789] [INFO   ] Performance: Opening document E-LAM-218.dwg completed in 505ms
    Source: DraftSightHelper.cs -> OpenTemplate() [Line 108]

[2026-01-19 14:57:53.789] [INFO   ] Successfully opened template: E-LAM-218.dwg
    Source: DraftSightHelper.cs -> OpenTemplate() [Line 109]

[2026-01-19 14:57:53.793] [DEBUG  ] Extracted properties from E-LAM-218: Contents='PS1-00', Colour='ORANGE WITH BLACK TEXT'
    Source: LamacoidIndex.cs -> ExtractPropertiesFromDwg() [Line 177]

[2026-01-19 14:57:53.793] [DEBUG  ] CloseDocument called for: E-LAM-218.dwg
    Source: DraftSightHelper.cs -> CloseDocument() [Line 198]

[2026-01-19 14:57:54.072] [INFO   ] Successfully closed document: E-LAM-218.dwg
    Source: DraftSightHelper.cs -> CloseDocument() [Line 205]

[2026-01-19 14:57:54.076] [DEBUG  ] Generating thumbnail for: Y:\Autocad\Template\~LAMACOIDS\Lams\E-LAM-218.pdf
    Source: ThumbnailGenerator.cs -> GenerateThumbnail() [Line 68]

[2026-01-19 14:57:54.076] [INFO   ] Creating placeholder thumbnail (PDF rendering disabled): C:\Users\dlebel\Downloads\LamCreator-main (1)\LamCreator-main\Lamacoid Creator\Lamacoid Creator\bin\Debug\Thumbnails\E-LAM-218.png
    Source: ThumbnailGenerator.cs -> GenerateThumbnail() [Line 72]

[2026-01-19 14:57:54.087] [DEBUG  ] OpenTemplate called for: Y:\Autocad\Template\~LAMACOIDS\Lams\E-LAM-219.dwg
    Source: DraftSightHelper.cs -> OpenTemplate() [Line 87]

[2026-01-19 14:57:54.622] [INFO   ] Performance: Opening document E-LAM-219.dwg completed in 528ms
    Source: DraftSightHelper.cs -> OpenTemplate() [Line 108]

[2026-01-19 14:57:54.622] [INFO   ] Successfully opened template: E-LAM-219.dwg
    Source: DraftSightHelper.cs -> OpenTemplate() [Line 109]

[2026-01-19 14:57:54.631] [DEBUG  ] Extracted properties from E-LAM-219: Contents='DI1-00', Colour='ORANGE WITH BLACK TEXT'
    Source: LamacoidIndex.cs -> ExtractPropertiesFromDwg() [Line 177]

[2026-01-19 14:57:54.631] [DEBUG  ] CloseDocument called for: E-LAM-219.dwg
    Source: DraftSightHelper.cs -> CloseDocument() [Line 198]

[2026-01-19 14:57:54.900] [INFO   ] Successfully closed document: E-LAM-219.dwg
    Source: DraftSightHelper.cs -> CloseDocument() [Line 205]

[2026-01-19 14:57:54.900] [DEBUG  ] Generating thumbnail for: Y:\Autocad\Template\~LAMACOIDS\Lams\E-LAM-219.pdf
    Source: ThumbnailGenerator.cs -> GenerateThumbnail() [Line 68]

[2026-01-19 14:57:54.900] [INFO   ] Creating placeholder thumbnail (PDF rendering disabled): C:\Users\dlebel\Downloads\LamCreator-main (1)\LamCreator-main\Lamacoid Creator\Lamacoid Creator\bin\Debug\Thumbnails\E-LAM-219.png
    Source: ThumbnailGenerator.cs -> GenerateThumbnail() [Line 72]

[2026-01-19 14:57:54.933] [DEBUG  ] OpenTemplate called for: Y:\Autocad\Template\~LAMACOIDS\Lams\E-LAM-220.dwg
    Source: DraftSightHelper.cs -> OpenTemplate() [Line 87]

[2026-01-19 14:57:55.480] [INFO   ] Performance: Opening document E-LAM-220.dwg completed in 547ms
    Source: DraftSightHelper.cs -> OpenTemplate() [Line 108]

[2026-01-19 14:57:55.480] [INFO   ] Successfully opened template: E-LAM-220.dwg
    Source: DraftSightHelper.cs -> OpenTemplate() [Line 109]

[2026-01-19 14:57:55.486] [DEBUG  ] Extracted properties from E-LAM-220: Contents='PLC1-00', Colour='ORANGE WITH BLACK TEXT'
    Source: LamacoidIndex.cs -> ExtractPropertiesFromDwg() [Line 177]

[2026-01-19 14:57:55.486] [DEBUG  ] CloseDocument called for: E-LAM-220.dwg
    Source: DraftSightHelper.cs -> CloseDocument() [Line 198]

[2026-01-19 14:57:55.752] [INFO   ] Successfully closed document: E-LAM-220.dwg
    Source: DraftSightHelper.cs -> CloseDocument() [Line 205]

[2026-01-19 14:57:55.771] [DEBUG  ] Generating thumbnail for: Y:\Autocad\Template\~LAMACOIDS\Lams\E-LAM-220.pdf
    Source: ThumbnailGenerator.cs -> GenerateThumbnail() [Line 68]

[2026-01-19 14:57:55.771] [INFO   ] Creating placeholder thumbnail (PDF rendering disabled): C:\Users\dlebel\Downloads\LamCreator-main (1)\LamCreator-main\Lamacoid Creator\Lamacoid Creator\bin\Debug\Thumbnails\E-LAM-220.png
    Source: ThumbnailGenerator.cs -> GenerateThumbnail() [Line 72]

[2026-01-19 14:57:55.789] [DEBUG  ] OpenTemplate called for: Y:\Autocad\Template\~LAMACOIDS\Lams\E-LAM-221.dwg
    Source: DraftSightHelper.cs -> OpenTemplate() [Line 87]

[2026-01-19 14:57:56.292] [INFO   ] Performance: Opening document E-LAM-221.dwg completed in 504ms
    Source: DraftSightHelper.cs -> OpenTemplate() [Line 108]

[2026-01-19 14:57:56.293] [INFO   ] Successfully opened template: E-LAM-221.dwg
    Source: DraftSightHelper.cs -> OpenTemplate() [Line 109]

[2026-01-19 14:57:56.303] [DEBUG  ] Extracted properties from E-LAM-221: Contents='', Colour='GREEN WITH WHITE TEXT'
    Source: LamacoidIndex.cs -> ExtractPropertiesFromDwg() [Line 177]

[2026-01-19 14:57:56.303] [DEBUG  ] CloseDocument called for: E-LAM-221.dwg
    Source: DraftSightHelper.cs -> CloseDocument() [Line 198]

[2026-01-19 14:57:56.583] [INFO   ] Successfully closed document: E-LAM-221.dwg
    Source: DraftSightHelper.cs -> CloseDocument() [Line 205]

[2026-01-19 14:57:56.588] [DEBUG  ] Generating thumbnail for: Y:\Autocad\Template\~LAMACOIDS\Lams\E-LAM-221.pdf
    Source: ThumbnailGenerator.cs -> GenerateThumbnail() [Line 68]

[2026-01-19 14:57:56.588] [INFO   ] Creating placeholder thumbnail (PDF rendering disabled): C:\Users\dlebel\Downloads\LamCreator-main (1)\LamCreator-main\Lamacoid Creator\Lamacoid Creator\bin\Debug\Thumbnails\E-LAM-221.png
    Source: ThumbnailGenerator.cs -> GenerateThumbnail() [Line 72]

[2026-01-19 14:57:56.605] [DEBUG  ] OpenTemplate called for: Y:\Autocad\Template\~LAMACOIDS\Lams\E-LAM-222.dwg
    Source: DraftSightHelper.cs -> OpenTemplate() [Line 87]

[2026-01-19 14:57:57.098] [INFO   ] Performance: Opening document E-LAM-222.dwg completed in 496ms
    Source: DraftSightHelper.cs -> OpenTemplate() [Line 108]

[2026-01-19 14:57:57.098] [INFO   ] Successfully opened template: E-LAM-222.dwg
    Source: DraftSightHelper.cs -> OpenTemplate() [Line 109]

[2026-01-19 14:57:57.113] [DEBUG  ] Extracted properties from E-LAM-222: Contents='', Colour='GREEN WITH WHITE TEXT'
    Source: LamacoidIndex.cs -> ExtractPropertiesFromDwg() [Line 177]

[2026-01-19 14:57:57.113] [DEBUG  ] CloseDocument called for: E-LAM-222.dwg
    Source: DraftSightHelper.cs -> CloseDocument() [Line 198]

[2026-01-19 14:57:57.385] [INFO   ] Successfully closed document: E-LAM-222.dwg
    Source: DraftSightHelper.cs -> CloseDocument() [Line 205]

[2026-01-19 14:57:57.385] [DEBUG  ] Generating thumbnail for: Y:\Autocad\Template\~LAMACOIDS\Lams\E-LAM-222.pdf
    Source: ThumbnailGenerator.cs -> GenerateThumbnail() [Line 68]

[2026-01-19 14:57:57.385] [INFO   ] Creating placeholder thumbnail (PDF rendering disabled): C:\Users\dlebel\Downloads\LamCreator-main (1)\LamCreator-main\Lamacoid Creator\Lamacoid Creator\bin\Debug\Thumbnails\E-LAM-222.png
    Source: ThumbnailGenerator.cs -> GenerateThumbnail() [Line 72]

[2026-01-19 14:57:57.400] [DEBUG  ] OpenTemplate called for: Y:\Autocad\Template\~LAMACOIDS\Lams\E-LAM-223.dwg
    Source: DraftSightHelper.cs -> OpenTemplate() [Line 87]

[2026-01-19 14:57:57.935] [INFO   ] Performance: Opening document E-LAM-223.dwg completed in 530ms
    Source: DraftSightHelper.cs -> OpenTemplate() [Line 108]

[2026-01-19 14:57:57.935] [INFO   ] Successfully opened template: E-LAM-223.dwg
    Source: DraftSightHelper.cs -> OpenTemplate() [Line 109]

[2026-01-19 14:57:57.935] [DEBUG  ] Extracted properties from E-LAM-223: Contents='', Colour='GREEN WITH WHITE TEXT'
    Source: LamacoidIndex.cs -> ExtractPropertiesFromDwg() [Line 177]

[2026-01-19 14:57:57.935] [DEBUG  ] CloseDocument called for: E-LAM-223.dwg
    Source: DraftSightHelper.cs -> CloseDocument() [Line 198]

[2026-01-19 14:57:58.226] [INFO   ] Successfully closed document: E-LAM-223.dwg
    Source: DraftSightHelper.cs -> CloseDocument() [Line 205]

[2026-01-19 14:57:58.230] [DEBUG  ] Generating thumbnail for: Y:\Autocad\Template\~LAMACOIDS\Lams\E-LAM-223.pdf
    Source: ThumbnailGenerator.cs -> GenerateThumbnail() [Line 68]

[2026-01-19 14:57:58.230] [INFO   ] Creating placeholder thumbnail (PDF rendering disabled): C:\Users\dlebel\Downloads\LamCreator-main (1)\LamCreator-main\Lamacoid Creator\Lamacoid Creator\bin\Debug\Thumbnails\E-LAM-223.png
    Source: ThumbnailGenerator.cs -> GenerateThumbnail() [Line 72]

[2026-01-19 14:57:58.236] [DEBUG  ] OpenTemplate called for: Y:\Autocad\Template\~LAMACOIDS\Lams\E-LAM-224.dwg
    Source: DraftSightHelper.cs -> OpenTemplate() [Line 87]

[2026-01-19 14:57:58.752] [INFO   ] Performance: Opening document E-LAM-224.dwg completed in 506ms
    Source: DraftSightHelper.cs -> OpenTemplate() [Line 108]

[2026-01-19 14:57:58.752] [INFO   ] Successfully opened template: E-LAM-224.dwg
    Source: DraftSightHelper.cs -> OpenTemplate() [Line 109]

[2026-01-19 14:57:58.761] [DEBUG  ] Extracted properties from E-LAM-224: Contents='', Colour='ORANGE WITH BLACK TEXT'
    Source: LamacoidIndex.cs -> ExtractPropertiesFromDwg() [Line 177]

[2026-01-19 14:57:58.761] [DEBUG  ] CloseDocument called for: E-LAM-224.dwg
    Source: DraftSightHelper.cs -> CloseDocument() [Line 198]

[2026-01-19 14:57:59.041] [INFO   ] Successfully closed document: E-LAM-224.dwg
    Source: DraftSightHelper.cs -> CloseDocument() [Line 205]

[2026-01-19 14:57:59.057] [DEBUG  ] OpenTemplate called for: Y:\Autocad\Template\~LAMACOIDS\Lams\E-LAM-225.dwg
    Source: DraftSightHelper.cs -> OpenTemplate() [Line 87]

[2026-01-19 14:57:59.689] [INFO   ] Performance: Opening document E-LAM-225.dwg completed in 631ms
    Source: DraftSightHelper.cs -> OpenTemplate() [Line 108]

[2026-01-19 14:57:59.689] [INFO   ] Successfully opened template: E-LAM-225.dwg
    Source: DraftSightHelper.cs -> OpenTemplate() [Line 109]

[2026-01-19 14:57:59.697] [DEBUG  ] Extracted properties from E-LAM-225: Contents='', Colour='ORANGE WITH BLACK TEXT'
    Source: LamacoidIndex.cs -> ExtractPropertiesFromDwg() [Line 177]

[2026-01-19 14:57:59.697] [DEBUG  ] CloseDocument called for: E-LAM-225.dwg
    Source: DraftSightHelper.cs -> CloseDocument() [Line 198]

[2026-01-19 14:57:59.962] [INFO   ] Successfully closed document: E-LAM-225.dwg
    Source: DraftSightHelper.cs -> CloseDocument() [Line 205]

[2026-01-19 14:57:59.986] [DEBUG  ] OpenTemplate called for: Y:\Autocad\Template\~LAMACOIDS\Lams\E-LAM-226.dwg
    Source: DraftSightHelper.cs -> OpenTemplate() [Line 87]

[2026-01-19 14:58:00.485] [INFO   ] Performance: Opening document E-LAM-226.dwg completed in 503ms
    Source: DraftSightHelper.cs -> OpenTemplate() [Line 108]

[2026-01-19 14:58:00.485] [INFO   ] Successfully opened template: E-LAM-226.dwg
    Source: DraftSightHelper.cs -> OpenTemplate() [Line 109]

[2026-01-19 14:58:00.485] [DEBUG  ] Extracted properties from E-LAM-226: Contents='PB1-01', Colour='ORANGE WITH BLACK TEXT'
    Source: LamacoidIndex.cs -> ExtractPropertiesFromDwg() [Line 177]

[2026-01-19 14:58:00.485] [DEBUG  ] CloseDocument called for: E-LAM-226.dwg
    Source: DraftSightHelper.cs -> CloseDocument() [Line 198]

[2026-01-19 14:58:00.775] [INFO   ] Successfully closed document: E-LAM-226.dwg
    Source: DraftSightHelper.cs -> CloseDocument() [Line 205]

[2026-01-19 14:58:00.779] [DEBUG  ] Generating thumbnail for: Y:\Autocad\Template\~LAMACOIDS\Lams\E-LAM-226.pdf
    Source: ThumbnailGenerator.cs -> GenerateThumbnail() [Line 68]

[2026-01-19 14:58:00.780] [INFO   ] Creating placeholder thumbnail (PDF rendering disabled): C:\Users\dlebel\Downloads\LamCreator-main (1)\LamCreator-main\Lamacoid Creator\Lamacoid Creator\bin\Debug\Thumbnails\E-LAM-226.png
    Source: ThumbnailGenerator.cs -> GenerateThumbnail() [Line 72]

[2026-01-19 14:58:00.795] [DEBUG  ] OpenTemplate called for: Y:\Autocad\Template\~LAMACOIDS\Lams\E-LAM-227.dwg
    Source: DraftSightHelper.cs -> OpenTemplate() [Line 87]

[2026-01-19 14:58:01.324] [INFO   ] Performance: Opening document E-LAM-227.dwg completed in 527ms
    Source: DraftSightHelper.cs -> OpenTemplate() [Line 108]

[2026-01-19 14:58:01.324] [INFO   ] Successfully opened template: E-LAM-227.dwg
    Source: DraftSightHelper.cs -> OpenTemplate() [Line 109]

[2026-01-19 14:58:01.333] [DEBUG  ] Extracted properties from E-LAM-227: Contents='PB1-02', Colour='ORANGE WITH BLACK TEXT'
    Source: LamacoidIndex.cs -> ExtractPropertiesFromDwg() [Line 177]

[2026-01-19 14:58:01.334] [DEBUG  ] CloseDocument called for: E-LAM-227.dwg
    Source: DraftSightHelper.cs -> CloseDocument() [Line 198]

[2026-01-19 14:58:01.603] [INFO   ] Successfully closed document: E-LAM-227.dwg
    Source: DraftSightHelper.cs -> CloseDocument() [Line 205]

[2026-01-19 14:58:01.603] [DEBUG  ] Generating thumbnail for: Y:\Autocad\Template\~LAMACOIDS\Lams\E-LAM-227.pdf
    Source: ThumbnailGenerator.cs -> GenerateThumbnail() [Line 68]

[2026-01-19 14:58:01.603] [INFO   ] Creating placeholder thumbnail (PDF rendering disabled): C:\Users\dlebel\Downloads\LamCreator-main (1)\LamCreator-main\Lamacoid Creator\Lamacoid Creator\bin\Debug\Thumbnails\E-LAM-227.png
    Source: ThumbnailGenerator.cs -> GenerateThumbnail() [Line 72]

[2026-01-19 14:58:01.619] [DEBUG  ] OpenTemplate called for: Y:\Autocad\Template\~LAMACOIDS\Lams\E-LAM-228.dwg
    Source: DraftSightHelper.cs -> OpenTemplate() [Line 87]

[2026-01-19 14:58:02.138] [INFO   ] Performance: Opening document E-LAM-228.dwg completed in 504ms
    Source: DraftSightHelper.cs -> OpenTemplate() [Line 108]

[2026-01-19 14:58:02.138] [INFO   ] Successfully opened template: E-LAM-228.dwg
    Source: DraftSightHelper.cs -> OpenTemplate() [Line 109]

[2026-01-19 14:58:02.147] [DEBUG  ] Extracted properties from E-LAM-228: Contents='PB1-03', Colour='ORANGE WITH BLACK TEXT'
    Source: LamacoidIndex.cs -> ExtractPropertiesFromDwg() [Line 177]

[2026-01-19 14:58:02.147] [DEBUG  ] CloseDocument called for: E-LAM-228.dwg
    Source: DraftSightHelper.cs -> CloseDocument() [Line 198]

[2026-01-19 14:58:02.423] [INFO   ] Successfully closed document: E-LAM-228.dwg
    Source: DraftSightHelper.cs -> CloseDocument() [Line 205]

[2026-01-19 14:58:02.423] [DEBUG  ] Generating thumbnail for: Y:\Autocad\Template\~LAMACOIDS\Lams\E-LAM-228.pdf
    Source: ThumbnailGenerator.cs -> GenerateThumbnail() [Line 68]

[2026-01-19 14:58:02.423] [INFO   ] Creating placeholder thumbnail (PDF rendering disabled): C:\Users\dlebel\Downloads\LamCreator-main (1)\LamCreator-main\Lamacoid Creator\Lamacoid Creator\bin\Debug\Thumbnails\E-LAM-228.png
    Source: ThumbnailGenerator.cs -> GenerateThumbnail() [Line 72]

[2026-01-19 14:58:02.441] [DEBUG  ] OpenTemplate called for: Y:\Autocad\Template\~LAMACOIDS\Lams\E-LAM-229.dwg
    Source: DraftSightHelper.cs -> OpenTemplate() [Line 87]

[2026-01-19 14:58:02.983] [INFO   ] Performance: Opening document E-LAM-229.dwg completed in 538ms
    Source: DraftSightHelper.cs -> OpenTemplate() [Line 108]

[2026-01-19 14:58:02.983] [INFO   ] Successfully opened template: E-LAM-229.dwg
    Source: DraftSightHelper.cs -> OpenTemplate() [Line 109]

[2026-01-19 14:58:02.992] [DEBUG  ] Extracted properties from E-LAM-229: Contents='PB1-04', Colour='ORANGE WITH BLACK TEXT'
    Source: LamacoidIndex.cs -> ExtractPropertiesFromDwg() [Line 177]

[2026-01-19 14:58:02.993] [DEBUG  ] CloseDocument called for: E-LAM-229.dwg
    Source: DraftSightHelper.cs -> CloseDocument() [Line 198]

[2026-01-19 14:58:03.270] [INFO   ] Successfully closed document: E-LAM-229.dwg
    Source: DraftSightHelper.cs -> CloseDocument() [Line 205]

[2026-01-19 14:58:03.273] [DEBUG  ] Generating thumbnail for: Y:\Autocad\Template\~LAMACOIDS\Lams\E-LAM-229.pdf
    Source: ThumbnailGenerator.cs -> GenerateThumbnail() [Line 68]

[2026-01-19 14:58:03.273] [INFO   ] Creating placeholder thumbnail (PDF rendering disabled): C:\Users\dlebel\Downloads\LamCreator-main (1)\LamCreator-main\Lamacoid Creator\Lamacoid Creator\bin\Debug\Thumbnails\E-LAM-229.png
    Source: ThumbnailGenerator.cs -> GenerateThumbnail() [Line 72]

[2026-01-19 14:58:03.287] [DEBUG  ] OpenTemplate called for: Y:\Autocad\Template\~LAMACOIDS\Lams\E-LAM-230.dwg
    Source: DraftSightHelper.cs -> OpenTemplate() [Line 87]

[2026-01-19 14:58:03.802] [INFO   ] Performance: Opening document E-LAM-230.dwg completed in 510ms
    Source: DraftSightHelper.cs -> OpenTemplate() [Line 108]

[2026-01-19 14:58:03.802] [INFO   ] Successfully opened template: E-LAM-230.dwg
    Source: DraftSightHelper.cs -> OpenTemplate() [Line 109]

[2026-01-19 14:58:03.802] [DEBUG  ] Extracted properties from E-LAM-230: Contents='PB2-01', Colour='ORANGE WITH BLACK TEXT'
    Source: LamacoidIndex.cs -> ExtractPropertiesFromDwg() [Line 177]

[2026-01-19 14:58:03.802] [DEBUG  ] CloseDocument called for: E-LAM-230.dwg
    Source: DraftSightHelper.cs -> CloseDocument() [Line 198]

[2026-01-19 14:58:04.094] [INFO   ] Successfully closed document: E-LAM-230.dwg
    Source: DraftSightHelper.cs -> CloseDocument() [Line 205]

[2026-01-19 14:58:04.094] [DEBUG  ] Generating thumbnail for: Y:\Autocad\Template\~LAMACOIDS\Lams\E-LAM-230.pdf
    Source: ThumbnailGenerator.cs -> GenerateThumbnail() [Line 68]

[2026-01-19 14:58:04.094] [INFO   ] Creating placeholder thumbnail (PDF rendering disabled): C:\Users\dlebel\Downloads\LamCreator-main (1)\LamCreator-main\Lamacoid Creator\Lamacoid Creator\bin\Debug\Thumbnails\E-LAM-230.png
    Source: ThumbnailGenerator.cs -> GenerateThumbnail() [Line 72]

[2026-01-19 14:58:04.119] [DEBUG  ] OpenTemplate called for: Y:\Autocad\Template\~LAMACOIDS\Lams\E-LAM-231.dwg
    Source: DraftSightHelper.cs -> OpenTemplate() [Line 87]

[2026-01-19 14:58:04.652] [INFO   ] Performance: Opening document E-LAM-231.dwg completed in 545ms
    Source: DraftSightHelper.cs -> OpenTemplate() [Line 108]

[2026-01-19 14:58:04.652] [INFO   ] Successfully opened template: E-LAM-231.dwg
    Source: DraftSightHelper.cs -> OpenTemplate() [Line 109]

[2026-01-19 14:58:04.674] [DEBUG  ] Extracted properties from E-LAM-231: Contents='PB2-02', Colour='ORANGE WITH BLACK TEXT'
    Source: LamacoidIndex.cs -> ExtractPropertiesFromDwg() [Line 177]

[2026-01-19 14:58:04.674] [DEBUG  ] CloseDocument called for: E-LAM-231.dwg
    Source: DraftSightHelper.cs -> CloseDocument() [Line 198]

[2026-01-19 14:58:04.947] [INFO   ] Successfully closed document: E-LAM-231.dwg
    Source: DraftSightHelper.cs -> CloseDocument() [Line 205]

[2026-01-19 14:58:04.951] [DEBUG  ] Generating thumbnail for: Y:\Autocad\Template\~LAMACOIDS\Lams\E-LAM-231.pdf
    Source: ThumbnailGenerator.cs -> GenerateThumbnail() [Line 68]

[2026-01-19 14:58:04.952] [INFO   ] Creating placeholder thumbnail (PDF rendering disabled): C:\Users\dlebel\Downloads\LamCreator-main (1)\LamCreator-main\Lamacoid Creator\Lamacoid Creator\bin\Debug\Thumbnails\E-LAM-231.png
    Source: ThumbnailGenerator.cs -> GenerateThumbnail() [Line 72]

[2026-01-19 14:58:04.966] [DEBUG  ] OpenTemplate called for: Y:\Autocad\Template\~LAMACOIDS\Lams\E-LAM-232.dwg
    Source: DraftSightHelper.cs -> OpenTemplate() [Line 87]

[2026-01-19 14:58:05.518] [INFO   ] Performance: Opening document E-LAM-232.dwg completed in 556ms
    Source: DraftSightHelper.cs -> OpenTemplate() [Line 108]

[2026-01-19 14:58:05.518] [INFO   ] Successfully opened template: E-LAM-232.dwg
    Source: DraftSightHelper.cs -> OpenTemplate() [Line 109]

[2026-01-19 14:58:05.518] [DEBUG  ] Extracted properties from E-LAM-232: Contents='PB2-03', Colour='ORANGE WITH BLACK TEXT'
    Source: LamacoidIndex.cs -> ExtractPropertiesFromDwg() [Line 177]

[2026-01-19 14:58:05.518] [DEBUG  ] CloseDocument called for: E-LAM-232.dwg
    Source: DraftSightHelper.cs -> CloseDocument() [Line 198]

[2026-01-19 14:58:05.802] [INFO   ] Successfully closed document: E-LAM-232.dwg
    Source: DraftSightHelper.cs -> CloseDocument() [Line 205]

[2026-01-19 14:58:05.802] [DEBUG  ] Generating thumbnail for: Y:\Autocad\Template\~LAMACOIDS\Lams\E-LAM-232.pdf
    Source: ThumbnailGenerator.cs -> GenerateThumbnail() [Line 68]

[2026-01-19 14:58:05.802] [INFO   ] Creating placeholder thumbnail (PDF rendering disabled): C:\Users\dlebel\Downloads\LamCreator-main (1)\LamCreator-main\Lamacoid Creator\Lamacoid Creator\bin\Debug\Thumbnails\E-LAM-232.png
    Source: ThumbnailGenerator.cs -> GenerateThumbnail() [Line 72]

[2026-01-19 14:58:05.827] [DEBUG  ] OpenTemplate called for: Y:\Autocad\Template\~LAMACOIDS\Lams\E-LAM-233.dwg
    Source: DraftSightHelper.cs -> OpenTemplate() [Line 87]

[2026-01-19 14:58:06.352] [INFO   ] Performance: Opening document E-LAM-233.dwg completed in 528ms
    Source: DraftSightHelper.cs -> OpenTemplate() [Line 108]

[2026-01-19 14:58:06.352] [INFO   ] Successfully opened template: E-LAM-233.dwg
    Source: DraftSightHelper.cs -> OpenTemplate() [Line 109]

[2026-01-19 14:58:06.352] [DEBUG  ] Extracted properties from E-LAM-233: Contents='PB2-04', Colour='ORANGE WITH BLACK TEXT'
    Source: LamacoidIndex.cs -> ExtractPropertiesFromDwg() [Line 177]

[2026-01-19 14:58:06.352] [DEBUG  ] CloseDocument called for: E-LAM-233.dwg
    Source: DraftSightHelper.cs -> CloseDocument() [Line 198]

[2026-01-19 14:58:06.648] [INFO   ] Successfully closed document: E-LAM-233.dwg
    Source: DraftSightHelper.cs -> CloseDocument() [Line 205]

[2026-01-19 14:58:06.652] [DEBUG  ] Generating thumbnail for: Y:\Autocad\Template\~LAMACOIDS\Lams\E-LAM-233.pdf
    Source: ThumbnailGenerator.cs -> GenerateThumbnail() [Line 68]

[2026-01-19 14:58:06.652] [INFO   ] Creating placeholder thumbnail (PDF rendering disabled): C:\Users\dlebel\Downloads\LamCreator-main (1)\LamCreator-main\Lamacoid Creator\Lamacoid Creator\bin\Debug\Thumbnails\E-LAM-233.png
    Source: ThumbnailGenerator.cs -> GenerateThumbnail() [Line 72]

[2026-01-19 14:58:06.669] [DEBUG  ] OpenTemplate called for: Y:\Autocad\Template\~LAMACOIDS\Lams\E-LAM-234.dwg
    Source: DraftSightHelper.cs -> OpenTemplate() [Line 87]

[2026-01-19 14:58:07.174] [INFO   ] Performance: Opening document E-LAM-234.dwg completed in 504ms
    Source: DraftSightHelper.cs -> OpenTemplate() [Line 108]

[2026-01-19 14:58:07.174] [INFO   ] Successfully opened template: E-LAM-234.dwg
    Source: DraftSightHelper.cs -> OpenTemplate() [Line 109]

[2026-01-19 14:58:07.179] [DEBUG  ] Extracted properties from E-LAM-234: Contents='S3-01', Colour='ORANGE WITH BLACK TEXT'
    Source: LamacoidIndex.cs -> ExtractPropertiesFromDwg() [Line 177]

[2026-01-19 14:58:07.179] [DEBUG  ] CloseDocument called for: E-LAM-234.dwg
    Source: DraftSightHelper.cs -> CloseDocument() [Line 198]

[2026-01-19 14:58:07.452] [INFO   ] Successfully closed document: E-LAM-234.dwg
    Source: DraftSightHelper.cs -> CloseDocument() [Line 205]

[2026-01-19 14:58:07.452] [DEBUG  ] Generating thumbnail for: Y:\Autocad\Template\~LAMACOIDS\Lams\E-LAM-234.pdf
    Source: ThumbnailGenerator.cs -> GenerateThumbnail() [Line 68]

[2026-01-19 14:58:07.452] [INFO   ] Creating placeholder thumbnail (PDF rendering disabled): C:\Users\dlebel\Downloads\LamCreator-main (1)\LamCreator-main\Lamacoid Creator\Lamacoid Creator\bin\Debug\Thumbnails\E-LAM-234.png
    Source: ThumbnailGenerator.cs -> GenerateThumbnail() [Line 72]

[2026-01-19 14:58:07.468] [DEBUG  ] OpenTemplate called for: Y:\Autocad\Template\~LAMACOIDS\Lams\E-LAM-235.dwg
    Source: DraftSightHelper.cs -> OpenTemplate() [Line 87]

[2026-01-19 14:58:08.023] [INFO   ] Performance: Opening document E-LAM-235.dwg completed in 543ms
    Source: DraftSightHelper.cs -> OpenTemplate() [Line 108]

[2026-01-19 14:58:08.023] [INFO   ] Successfully opened template: E-LAM-235.dwg
    Source: DraftSightHelper.cs -> OpenTemplate() [Line 109]

[2026-01-19 14:58:08.032] [DEBUG  ] Extracted properties from E-LAM-235: Contents='S3-02', Colour='ORANGE WITH BLACK TEXT'
    Source: LamacoidIndex.cs -> ExtractPropertiesFromDwg() [Line 177]

[2026-01-19 14:58:08.032] [DEBUG  ] CloseDocument called for: E-LAM-235.dwg
    Source: DraftSightHelper.cs -> CloseDocument() [Line 198]

[2026-01-19 14:58:08.300] [INFO   ] Successfully closed document: E-LAM-235.dwg
    Source: DraftSightHelper.cs -> CloseDocument() [Line 205]

[2026-01-19 14:58:08.300] [DEBUG  ] Generating thumbnail for: Y:\Autocad\Template\~LAMACOIDS\Lams\E-LAM-235.pdf
    Source: ThumbnailGenerator.cs -> GenerateThumbnail() [Line 68]

[2026-01-19 14:58:08.300] [INFO   ] Creating placeholder thumbnail (PDF rendering disabled): C:\Users\dlebel\Downloads\LamCreator-main (1)\LamCreator-main\Lamacoid Creator\Lamacoid Creator\bin\Debug\Thumbnails\E-LAM-235.png
    Source: ThumbnailGenerator.cs -> GenerateThumbnail() [Line 72]

[2026-01-19 14:58:08.324] [DEBUG  ] OpenTemplate called for: Y:\Autocad\Template\~LAMACOIDS\Lams\E-LAM-236.dwg
    Source: DraftSightHelper.cs -> OpenTemplate() [Line 87]

[2026-01-19 14:58:08.859] [INFO   ] Performance: Opening document E-LAM-236.dwg completed in 535ms
    Source: DraftSightHelper.cs -> OpenTemplate() [Line 108]

[2026-01-19 14:58:08.859] [INFO   ] Successfully opened template: E-LAM-236.dwg
    Source: DraftSightHelper.cs -> OpenTemplate() [Line 109]

[2026-01-19 14:58:08.868] [DEBUG  ] Extracted properties from E-LAM-236: Contents='S3-03', Colour='ORANGE WITH BLACK TEXT'
    Source: LamacoidIndex.cs -> ExtractPropertiesFromDwg() [Line 177]

[2026-01-19 14:58:08.868] [DEBUG  ] CloseDocument called for: E-LAM-236.dwg
    Source: DraftSightHelper.cs -> CloseDocument() [Line 198]

[2026-01-19 14:58:09.139] [INFO   ] Successfully closed document: E-LAM-236.dwg
    Source: DraftSightHelper.cs -> CloseDocument() [Line 205]

[2026-01-19 14:58:09.143] [DEBUG  ] Generating thumbnail for: Y:\Autocad\Template\~LAMACOIDS\Lams\E-LAM-236.pdf
    Source: ThumbnailGenerator.cs -> GenerateThumbnail() [Line 68]

[2026-01-19 14:58:09.143] [INFO   ] Creating placeholder thumbnail (PDF rendering disabled): C:\Users\dlebel\Downloads\LamCreator-main (1)\LamCreator-main\Lamacoid Creator\Lamacoid Creator\bin\Debug\Thumbnails\E-LAM-236.png
    Source: ThumbnailGenerator.cs -> GenerateThumbnail() [Line 72]

[2026-01-19 14:58:09.159] [DEBUG  ] OpenTemplate called for: Y:\Autocad\Template\~LAMACOIDS\Lams\E-LAM-237.dwg
    Source: DraftSightHelper.cs -> OpenTemplate() [Line 87]

[2026-01-19 14:58:09.680] [INFO   ] Performance: Opening document E-LAM-237.dwg completed in 527ms
    Source: DraftSightHelper.cs -> OpenTemplate() [Line 108]

[2026-01-19 14:58:09.680] [INFO   ] Successfully opened template: E-LAM-237.dwg
    Source: DraftSightHelper.cs -> OpenTemplate() [Line 109]

[2026-01-19 14:58:09.694] [DEBUG  ] Extracted properties from E-LAM-237: Contents='S3-04', Colour='ORANGE WITH BLACK TEXT'
    Source: LamacoidIndex.cs -> ExtractPropertiesFromDwg() [Line 177]

[2026-01-19 14:58:09.694] [DEBUG  ] CloseDocument called for: E-LAM-237.dwg
    Source: DraftSightHelper.cs -> CloseDocument() [Line 198]

[2026-01-19 14:58:09.971] [INFO   ] Successfully closed document: E-LAM-237.dwg
    Source: DraftSightHelper.cs -> CloseDocument() [Line 205]

[2026-01-19 14:58:09.971] [DEBUG  ] Generating thumbnail for: Y:\Autocad\Template\~LAMACOIDS\Lams\E-LAM-237.pdf
    Source: ThumbnailGenerator.cs -> GenerateThumbnail() [Line 68]

[2026-01-19 14:58:09.971] [INFO   ] Creating placeholder thumbnail (PDF rendering disabled): C:\Users\dlebel\Downloads\LamCreator-main (1)\LamCreator-main\Lamacoid Creator\Lamacoid Creator\bin\Debug\Thumbnails\E-LAM-237.png
    Source: ThumbnailGenerator.cs -> GenerateThumbnail() [Line 72]

[2026-01-19 14:58:09.990] [DEBUG  ] OpenTemplate called for: Y:\Autocad\Template\~LAMACOIDS\Lams\E-LAM-238.dwg
    Source: DraftSightHelper.cs -> OpenTemplate() [Line 87]

[2026-01-19 14:58:10.544] [INFO   ] Performance: Opening document E-LAM-238.dwg completed in 557ms
    Source: DraftSightHelper.cs -> OpenTemplate() [Line 108]

[2026-01-19 14:58:10.544] [INFO   ] Successfully opened template: E-LAM-238.dwg
    Source: DraftSightHelper.cs -> OpenTemplate() [Line 109]

[2026-01-19 14:58:10.561] [DEBUG  ] Extracted properties from E-LAM-238: Contents='S4-01', Colour='ORANGE WITH BLACK TEXT'
    Source: LamacoidIndex.cs -> ExtractPropertiesFromDwg() [Line 177]

[2026-01-19 14:58:10.561] [DEBUG  ] CloseDocument called for: E-LAM-238.dwg
    Source: DraftSightHelper.cs -> CloseDocument() [Line 198]

[2026-01-19 14:58:10.819] [INFO   ] Successfully closed document: E-LAM-238.dwg
    Source: DraftSightHelper.cs -> CloseDocument() [Line 205]

[2026-01-19 14:58:10.835] [DEBUG  ] Generating thumbnail for: Y:\Autocad\Template\~LAMACOIDS\Lams\E-LAM-238.pdf
    Source: ThumbnailGenerator.cs -> GenerateThumbnail() [Line 68]

[2026-01-19 14:58:10.835] [INFO   ] Creating placeholder thumbnail (PDF rendering disabled): C:\Users\dlebel\Downloads\LamCreator-main (1)\LamCreator-main\Lamacoid Creator\Lamacoid Creator\bin\Debug\Thumbnails\E-LAM-238.png
    Source: ThumbnailGenerator.cs -> GenerateThumbnail() [Line 72]

[2026-01-19 14:58:10.850] [DEBUG  ] OpenTemplate called for: Y:\Autocad\Template\~LAMACOIDS\Lams\E-LAM-239.dwg
    Source: DraftSightHelper.cs -> OpenTemplate() [Line 87]

[2026-01-19 14:58:11.402] [INFO   ] Performance: Opening document E-LAM-239.dwg completed in 541ms
    Source: DraftSightHelper.cs -> OpenTemplate() [Line 108]

[2026-01-19 14:58:11.402] [INFO   ] Successfully opened template: E-LAM-239.dwg
    Source: DraftSightHelper.cs -> OpenTemplate() [Line 109]

[2026-01-19 14:58:11.411] [DEBUG  ] Extracted properties from E-LAM-239: Contents='S4-02', Colour='ORANGE WITH BLACK TEXT'
    Source: LamacoidIndex.cs -> ExtractPropertiesFromDwg() [Line 177]

[2026-01-19 14:58:11.411] [DEBUG  ] CloseDocument called for: E-LAM-239.dwg
    Source: DraftSightHelper.cs -> CloseDocument() [Line 198]

[2026-01-19 14:58:11.694] [INFO   ] Successfully closed document: E-LAM-239.dwg
    Source: DraftSightHelper.cs -> CloseDocument() [Line 205]

[2026-01-19 14:58:11.696] [DEBUG  ] Generating thumbnail for: Y:\Autocad\Template\~LAMACOIDS\Lams\E-LAM-239.pdf
    Source: ThumbnailGenerator.cs -> GenerateThumbnail() [Line 68]

[2026-01-19 14:58:11.696] [INFO   ] Creating placeholder thumbnail (PDF rendering disabled): C:\Users\dlebel\Downloads\LamCreator-main (1)\LamCreator-main\Lamacoid Creator\Lamacoid Creator\bin\Debug\Thumbnails\E-LAM-239.png
    Source: ThumbnailGenerator.cs -> GenerateThumbnail() [Line 72]

[2026-01-19 14:58:11.712] [DEBUG  ] OpenTemplate called for: Y:\Autocad\Template\~LAMACOIDS\Lams\E-LAM-240.dwg
    Source: DraftSightHelper.cs -> OpenTemplate() [Line 87]

[2026-01-19 14:58:12.251] [INFO   ] Performance: Opening document E-LAM-240.dwg completed in 535ms
    Source: DraftSightHelper.cs -> OpenTemplate() [Line 108]

[2026-01-19 14:58:12.251] [INFO   ] Successfully opened template: E-LAM-240.dwg
    Source: DraftSightHelper.cs -> OpenTemplate() [Line 109]

[2026-01-19 14:58:12.255] [DEBUG  ] Extracted properties from E-LAM-240: Contents='S4-03', Colour='ORANGE WITH BLACK TEXT'
    Source: LamacoidIndex.cs -> ExtractPropertiesFromDwg() [Line 177]

[2026-01-19 14:58:12.255] [DEBUG  ] CloseDocument called for: E-LAM-240.dwg
    Source: DraftSightHelper.cs -> CloseDocument() [Line 198]

[2026-01-19 14:58:12.544] [INFO   ] Successfully closed document: E-LAM-240.dwg
    Source: DraftSightHelper.cs -> CloseDocument() [Line 205]

[2026-01-19 14:58:12.547] [DEBUG  ] Generating thumbnail for: Y:\Autocad\Template\~LAMACOIDS\Lams\E-LAM-240.pdf
    Source: ThumbnailGenerator.cs -> GenerateThumbnail() [Line 68]

[2026-01-19 14:58:12.547] [INFO   ] Creating placeholder thumbnail (PDF rendering disabled): C:\Users\dlebel\Downloads\LamCreator-main (1)\LamCreator-main\Lamacoid Creator\Lamacoid Creator\bin\Debug\Thumbnails\E-LAM-240.png
    Source: ThumbnailGenerator.cs -> GenerateThumbnail() [Line 72]

[2026-01-19 14:58:12.563] [DEBUG  ] OpenTemplate called for: Y:\Autocad\Template\~LAMACOIDS\Lams\E-LAM-241.dwg
    Source: DraftSightHelper.cs -> OpenTemplate() [Line 87]

[2026-01-19 14:58:13.064] [INFO   ] Performance: Opening document E-LAM-241.dwg completed in 501ms
    Source: DraftSightHelper.cs -> OpenTemplate() [Line 108]

[2026-01-19 14:58:13.065] [INFO   ] Successfully opened template: E-LAM-241.dwg
    Source: DraftSightHelper.cs -> OpenTemplate() [Line 109]

[2026-01-19 14:58:13.073] [DEBUG  ] Extracted properties from E-LAM-241: Contents='S4-04', Colour='ORANGE WITH BLACK TEXT'
    Source: LamacoidIndex.cs -> ExtractPropertiesFromDwg() [Line 177]

[2026-01-19 14:58:13.073] [DEBUG  ] CloseDocument called for: E-LAM-241.dwg
    Source: DraftSightHelper.cs -> CloseDocument() [Line 198]

[2026-01-19 14:58:13.339] [INFO   ] Successfully closed document: E-LAM-241.dwg
    Source: DraftSightHelper.cs -> CloseDocument() [Line 205]

[2026-01-19 14:58:13.351] [DEBUG  ] Generating thumbnail for: Y:\Autocad\Template\~LAMACOIDS\Lams\E-LAM-241.pdf
    Source: ThumbnailGenerator.cs -> GenerateThumbnail() [Line 68]

[2026-01-19 14:58:13.351] [INFO   ] Creating placeholder thumbnail (PDF rendering disabled): C:\Users\dlebel\Downloads\LamCreator-main (1)\LamCreator-main\Lamacoid Creator\Lamacoid Creator\bin\Debug\Thumbnails\E-LAM-241.png
    Source: ThumbnailGenerator.cs -> GenerateThumbnail() [Line 72]

[2026-01-19 14:58:13.367] [DEBUG  ] OpenTemplate called for: Y:\Autocad\Template\~LAMACOIDS\Lams\E-LAM-242.dwg
    Source: DraftSightHelper.cs -> OpenTemplate() [Line 87]

[2026-01-19 14:58:13.902] [INFO   ] Performance: Opening document E-LAM-242.dwg completed in 534ms
    Source: DraftSightHelper.cs -> OpenTemplate() [Line 108]

[2026-01-19 14:58:13.902] [INFO   ] Successfully opened template: E-LAM-242.dwg
    Source: DraftSightHelper.cs -> OpenTemplate() [Line 109]

[2026-01-19 14:58:13.909] [DEBUG  ] Extracted properties from E-LAM-242: Contents='PL4-01', Colour='ORANGE WITH BLACK TEXT'
    Source: LamacoidIndex.cs -> ExtractPropertiesFromDwg() [Line 177]

[2026-01-19 14:58:13.909] [DEBUG  ] CloseDocument called for: E-LAM-242.dwg
    Source: DraftSightHelper.cs -> CloseDocument() [Line 198]

[2026-01-19 14:58:14.190] [INFO   ] Successfully closed document: E-LAM-242.dwg
    Source: DraftSightHelper.cs -> CloseDocument() [Line 205]

[2026-01-19 14:58:14.194] [DEBUG  ] Generating thumbnail for: Y:\Autocad\Template\~LAMACOIDS\Lams\E-LAM-242.pdf
    Source: ThumbnailGenerator.cs -> GenerateThumbnail() [Line 68]

[2026-01-19 14:58:14.194] [INFO   ] Creating placeholder thumbnail (PDF rendering disabled): C:\Users\dlebel\Downloads\LamCreator-main (1)\LamCreator-main\Lamacoid Creator\Lamacoid Creator\bin\Debug\Thumbnails\E-LAM-242.png
    Source: ThumbnailGenerator.cs -> GenerateThumbnail() [Line 72]

[2026-01-19 14:58:14.210] [DEBUG  ] OpenTemplate called for: Y:\Autocad\Template\~LAMACOIDS\Lams\E-LAM-243.dwg
    Source: DraftSightHelper.cs -> OpenTemplate() [Line 87]

[2026-01-19 14:58:14.731] [INFO   ] Performance: Opening document E-LAM-243.dwg completed in 521ms
    Source: DraftSightHelper.cs -> OpenTemplate() [Line 108]

[2026-01-19 14:58:14.732] [INFO   ] Successfully opened template: E-LAM-243.dwg
    Source: DraftSightHelper.cs -> OpenTemplate() [Line 109]

[2026-01-19 14:58:14.735] [DEBUG  ] Extracted properties from E-LAM-243: Contents='PL4-02', Colour='ORANGE WITH BLACK TEXT'
    Source: LamacoidIndex.cs -> ExtractPropertiesFromDwg() [Line 177]

[2026-01-19 14:58:14.735] [DEBUG  ] CloseDocument called for: E-LAM-243.dwg
    Source: DraftSightHelper.cs -> CloseDocument() [Line 198]

[2026-01-19 14:58:15.018] [INFO   ] Successfully closed document: E-LAM-243.dwg
    Source: DraftSightHelper.cs -> CloseDocument() [Line 205]

[2026-01-19 14:58:15.020] [DEBUG  ] Generating thumbnail for: Y:\Autocad\Template\~LAMACOIDS\Lams\E-LAM-243.pdf
    Source: ThumbnailGenerator.cs -> GenerateThumbnail() [Line 68]

[2026-01-19 14:58:15.020] [INFO   ] Creating placeholder thumbnail (PDF rendering disabled): C:\Users\dlebel\Downloads\LamCreator-main (1)\LamCreator-main\Lamacoid Creator\Lamacoid Creator\bin\Debug\Thumbnails\E-LAM-243.png
    Source: ThumbnailGenerator.cs -> GenerateThumbnail() [Line 72]

[2026-01-19 14:58:15.039] [DEBUG  ] OpenTemplate called for: Y:\Autocad\Template\~LAMACOIDS\Lams\E-LAM-244.dwg
    Source: DraftSightHelper.cs -> OpenTemplate() [Line 87]

[2026-01-19 14:58:15.583] [INFO   ] Performance: Opening document E-LAM-244.dwg completed in 543ms
    Source: DraftSightHelper.cs -> OpenTemplate() [Line 108]

[2026-01-19 14:58:15.583] [INFO   ] Successfully opened template: E-LAM-244.dwg
    Source: DraftSightHelper.cs -> OpenTemplate() [Line 109]

[2026-01-19 14:58:15.592] [DEBUG  ] Extracted properties from E-LAM-244: Contents='PL4-03', Colour='ORANGE WITH BLACK TEXT'
    Source: LamacoidIndex.cs -> ExtractPropertiesFromDwg() [Line 177]

[2026-01-19 14:58:15.592] [DEBUG  ] CloseDocument called for: E-LAM-244.dwg
    Source: DraftSightHelper.cs -> CloseDocument() [Line 198]

[2026-01-19 14:58:15.851] [INFO   ] Successfully closed document: E-LAM-244.dwg
    Source: DraftSightHelper.cs -> CloseDocument() [Line 205]

[2026-01-19 14:58:15.851] [DEBUG  ] Generating thumbnail for: Y:\Autocad\Template\~LAMACOIDS\Lams\E-LAM-244.pdf
    Source: ThumbnailGenerator.cs -> GenerateThumbnail() [Line 68]

[2026-01-19 14:58:15.851] [INFO   ] Creating placeholder thumbnail (PDF rendering disabled): C:\Users\dlebel\Downloads\LamCreator-main (1)\LamCreator-main\Lamacoid Creator\Lamacoid Creator\bin\Debug\Thumbnails\E-LAM-244.png
    Source: ThumbnailGenerator.cs -> GenerateThumbnail() [Line 72]

[2026-01-19 14:58:15.882] [DEBUG  ] OpenTemplate called for: Y:\Autocad\Template\~LAMACOIDS\Lams\E-LAM-245.dwg
    Source: DraftSightHelper.cs -> OpenTemplate() [Line 87]

[2026-01-19 14:58:16.435] [INFO   ] Performance: Opening document E-LAM-245.dwg completed in 558ms
    Source: DraftSightHelper.cs -> OpenTemplate() [Line 108]

[2026-01-19 14:58:16.435] [INFO   ] Successfully opened template: E-LAM-245.dwg
    Source: DraftSightHelper.cs -> OpenTemplate() [Line 109]

[2026-01-19 14:58:16.445] [DEBUG  ] Extracted properties from E-LAM-245: Contents='PL4-04', Colour='ORANGE WITH BLACK TEXT'
    Source: LamacoidIndex.cs -> ExtractPropertiesFromDwg() [Line 177]

[2026-01-19 14:58:16.445] [DEBUG  ] CloseDocument called for: E-LAM-245.dwg
    Source: DraftSightHelper.cs -> CloseDocument() [Line 198]

[2026-01-19 14:58:16.730] [INFO   ] Successfully closed document: E-LAM-245.dwg
    Source: DraftSightHelper.cs -> CloseDocument() [Line 205]

[2026-01-19 14:58:16.733] [DEBUG  ] Generating thumbnail for: Y:\Autocad\Template\~LAMACOIDS\Lams\E-LAM-245.pdf
    Source: ThumbnailGenerator.cs -> GenerateThumbnail() [Line 68]

[2026-01-19 14:58:16.734] [INFO   ] Creating placeholder thumbnail (PDF rendering disabled): C:\Users\dlebel\Downloads\LamCreator-main (1)\LamCreator-main\Lamacoid Creator\Lamacoid Creator\bin\Debug\Thumbnails\E-LAM-245.png
    Source: ThumbnailGenerator.cs -> GenerateThumbnail() [Line 72]

[2026-01-19 14:58:16.754] [DEBUG  ] OpenTemplate called for: Y:\Autocad\Template\~LAMACOIDS\Lams\E-LAM-246.dwg
    Source: DraftSightHelper.cs -> OpenTemplate() [Line 87]

[2026-01-19 14:58:17.255] [INFO   ] Performance: Opening document E-LAM-246.dwg completed in 500ms
    Source: DraftSightHelper.cs -> OpenTemplate() [Line 108]

[2026-01-19 14:58:17.255] [INFO   ] Successfully opened template: E-LAM-246.dwg
    Source: DraftSightHelper.cs -> OpenTemplate() [Line 109]

[2026-01-19 14:58:17.256] [DEBUG  ] Extracted properties from E-LAM-246: Contents='PL5-01', Colour='ORANGE WITH BLACK TEXT'
    Source: LamacoidIndex.cs -> ExtractPropertiesFromDwg() [Line 177]

[2026-01-19 14:58:17.256] [DEBUG  ] CloseDocument called for: E-LAM-246.dwg
    Source: DraftSightHelper.cs -> CloseDocument() [Line 198]

[2026-01-19 14:58:17.534] [INFO   ] Successfully closed document: E-LAM-246.dwg
    Source: DraftSightHelper.cs -> CloseDocument() [Line 205]

[2026-01-19 14:58:17.534] [DEBUG  ] Generating thumbnail for: Y:\Autocad\Template\~LAMACOIDS\Lams\E-LAM-246.pdf
    Source: ThumbnailGenerator.cs -> GenerateThumbnail() [Line 68]

[2026-01-19 14:58:17.534] [INFO   ] Creating placeholder thumbnail (PDF rendering disabled): C:\Users\dlebel\Downloads\LamCreator-main (1)\LamCreator-main\Lamacoid Creator\Lamacoid Creator\bin\Debug\Thumbnails\E-LAM-246.png
    Source: ThumbnailGenerator.cs -> GenerateThumbnail() [Line 72]

[2026-01-19 14:58:17.549] [DEBUG  ] OpenTemplate called for: Y:\Autocad\Template\~LAMACOIDS\Lams\E-LAM-247.dwg
    Source: DraftSightHelper.cs -> OpenTemplate() [Line 87]

[2026-01-19 14:58:18.052] [INFO   ] Performance: Opening document E-LAM-247.dwg completed in 502ms
    Source: DraftSightHelper.cs -> OpenTemplate() [Line 108]

[2026-01-19 14:58:18.052] [INFO   ] Successfully opened template: E-LAM-247.dwg
    Source: DraftSightHelper.cs -> OpenTemplate() [Line 109]

[2026-01-19 14:58:18.067] [DEBUG  ] Extracted properties from E-LAM-247: Contents='PL5-02', Colour='ORANGE WITH BLACK TEXT'
    Source: LamacoidIndex.cs -> ExtractPropertiesFromDwg() [Line 177]

[2026-01-19 14:58:18.067] [DEBUG  ] CloseDocument called for: E-LAM-247.dwg
    Source: DraftSightHelper.cs -> CloseDocument() [Line 198]

[2026-01-19 14:58:18.354] [INFO   ] Successfully closed document: E-LAM-247.dwg
    Source: DraftSightHelper.cs -> CloseDocument() [Line 205]

[2026-01-19 14:58:18.357] [DEBUG  ] Generating thumbnail for: Y:\Autocad\Template\~LAMACOIDS\Lams\E-LAM-247.pdf
    Source: ThumbnailGenerator.cs -> GenerateThumbnail() [Line 68]

[2026-01-19 14:58:18.357] [INFO   ] Creating placeholder thumbnail (PDF rendering disabled): C:\Users\dlebel\Downloads\LamCreator-main (1)\LamCreator-main\Lamacoid Creator\Lamacoid Creator\bin\Debug\Thumbnails\E-LAM-247.png
    Source: ThumbnailGenerator.cs -> GenerateThumbnail() [Line 72]

[2026-01-19 14:58:18.369] [DEBUG  ] OpenTemplate called for: Y:\Autocad\Template\~LAMACOIDS\Lams\E-LAM-248.dwg
    Source: DraftSightHelper.cs -> OpenTemplate() [Line 87]

[2026-01-19 14:58:18.883] [INFO   ] Performance: Opening document E-LAM-248.dwg completed in 511ms
    Source: DraftSightHelper.cs -> OpenTemplate() [Line 108]

[2026-01-19 14:58:18.883] [INFO   ] Successfully opened template: E-LAM-248.dwg
    Source: DraftSightHelper.cs -> OpenTemplate() [Line 109]

[2026-01-19 14:58:18.892] [DEBUG  ] Extracted properties from E-LAM-248: Contents='PL5-03', Colour='ORANGE WITH BLACK TEXT'
    Source: LamacoidIndex.cs -> ExtractPropertiesFromDwg() [Line 177]

[2026-01-19 14:58:18.892] [DEBUG  ] CloseDocument called for: E-LAM-248.dwg
    Source: DraftSightHelper.cs -> CloseDocument() [Line 198]

[2026-01-19 14:58:19.169] [INFO   ] Successfully closed document: E-LAM-248.dwg
    Source: DraftSightHelper.cs -> CloseDocument() [Line 205]

[2026-01-19 14:58:19.170] [DEBUG  ] Generating thumbnail for: Y:\Autocad\Template\~LAMACOIDS\Lams\E-LAM-248.pdf
    Source: ThumbnailGenerator.cs -> GenerateThumbnail() [Line 68]

[2026-01-19 14:58:19.170] [INFO   ] Creating placeholder thumbnail (PDF rendering disabled): C:\Users\dlebel\Downloads\LamCreator-main (1)\LamCreator-main\Lamacoid Creator\Lamacoid Creator\bin\Debug\Thumbnails\E-LAM-248.png
    Source: ThumbnailGenerator.cs -> GenerateThumbnail() [Line 72]

[2026-01-19 14:58:19.191] [DEBUG  ] OpenTemplate called for: Y:\Autocad\Template\~LAMACOIDS\Lams\E-LAM-249.dwg
    Source: DraftSightHelper.cs -> OpenTemplate() [Line 87]

[2026-01-19 14:58:19.720] [INFO   ] Performance: Opening document E-LAM-249.dwg completed in 528ms
    Source: DraftSightHelper.cs -> OpenTemplate() [Line 108]

[2026-01-19 14:58:19.720] [INFO   ] Successfully opened template: E-LAM-249.dwg
    Source: DraftSightHelper.cs -> OpenTemplate() [Line 109]

[2026-01-19 14:58:19.732] [DEBUG  ] Extracted properties from E-LAM-249: Contents='PL5-04', Colour='ORANGE WITH BLACK TEXT'
    Source: LamacoidIndex.cs -> ExtractPropertiesFromDwg() [Line 177]

[2026-01-19 14:58:19.732] [DEBUG  ] CloseDocument called for: E-LAM-249.dwg
    Source: DraftSightHelper.cs -> CloseDocument() [Line 198]

[2026-01-19 14:58:20.005] [INFO   ] Successfully closed document: E-LAM-249.dwg
    Source: DraftSightHelper.cs -> CloseDocument() [Line 205]

[2026-01-19 14:58:20.005] [DEBUG  ] Generating thumbnail for: Y:\Autocad\Template\~LAMACOIDS\Lams\E-LAM-249.pdf
    Source: ThumbnailGenerator.cs -> GenerateThumbnail() [Line 68]

[2026-01-19 14:58:20.005] [INFO   ] Creating placeholder thumbnail (PDF rendering disabled): C:\Users\dlebel\Downloads\LamCreator-main (1)\LamCreator-main\Lamacoid Creator\Lamacoid Creator\bin\Debug\Thumbnails\E-LAM-249.png
    Source: ThumbnailGenerator.cs -> GenerateThumbnail() [Line 72]

[2026-01-19 14:58:20.027] [DEBUG  ] OpenTemplate called for: Y:\Autocad\Template\~LAMACOIDS\Lams\E-LAM-250.dwg
    Source: DraftSightHelper.cs -> OpenTemplate() [Line 87]

[2026-01-19 14:58:20.574] [INFO   ] Performance: Opening document E-LAM-250.dwg completed in 545ms
    Source: DraftSightHelper.cs -> OpenTemplate() [Line 108]

[2026-01-19 14:58:20.574] [INFO   ] Successfully opened template: E-LAM-250.dwg
    Source: DraftSightHelper.cs -> OpenTemplate() [Line 109]

[2026-01-19 14:58:20.583] [DEBUG  ] Extracted properties from E-LAM-250: Contents='PL6-01', Colour='ORANGE WITH BLACK TEXT'
    Source: LamacoidIndex.cs -> ExtractPropertiesFromDwg() [Line 177]

[2026-01-19 14:58:20.583] [DEBUG  ] CloseDocument called for: E-LAM-250.dwg
    Source: DraftSightHelper.cs -> CloseDocument() [Line 198]

[2026-01-19 14:58:20.859] [INFO   ] Successfully closed document: E-LAM-250.dwg
    Source: DraftSightHelper.cs -> CloseDocument() [Line 205]

[2026-01-19 14:58:20.859] [DEBUG  ] Generating thumbnail for: Y:\Autocad\Template\~LAMACOIDS\Lams\E-LAM-250.pdf
    Source: ThumbnailGenerator.cs -> GenerateThumbnail() [Line 68]

[2026-01-19 14:58:20.859] [INFO   ] Creating placeholder thumbnail (PDF rendering disabled): C:\Users\dlebel\Downloads\LamCreator-main (1)\LamCreator-main\Lamacoid Creator\Lamacoid Creator\bin\Debug\Thumbnails\E-LAM-250.png
    Source: ThumbnailGenerator.cs -> GenerateThumbnail() [Line 72]

[2026-01-19 14:58:20.880] [DEBUG  ] OpenTemplate called for: Y:\Autocad\Template\~LAMACOIDS\Lams\E-LAM-251.dwg
    Source: DraftSightHelper.cs -> OpenTemplate() [Line 87]

[2026-01-19 14:58:21.422] [INFO   ] Performance: Opening document E-LAM-251.dwg completed in 540ms
    Source: DraftSightHelper.cs -> OpenTemplate() [Line 108]

[2026-01-19 14:58:21.422] [INFO   ] Successfully opened template: E-LAM-251.dwg
    Source: DraftSightHelper.cs -> OpenTemplate() [Line 109]

[2026-01-19 14:58:21.431] [DEBUG  ] Extracted properties from E-LAM-251: Contents='PL6-02', Colour='ORANGE WITH BLACK TEXT'
    Source: LamacoidIndex.cs -> ExtractPropertiesFromDwg() [Line 177]

[2026-01-19 14:58:21.431] [DEBUG  ] CloseDocument called for: E-LAM-251.dwg
    Source: DraftSightHelper.cs -> CloseDocument() [Line 198]

[2026-01-19 14:58:21.702] [INFO   ] Successfully closed document: E-LAM-251.dwg
    Source: DraftSightHelper.cs -> CloseDocument() [Line 205]

[2026-01-19 14:58:21.702] [DEBUG  ] Generating thumbnail for: Y:\Autocad\Template\~LAMACOIDS\Lams\E-LAM-251.pdf
    Source: ThumbnailGenerator.cs -> GenerateThumbnail() [Line 68]

[2026-01-19 14:58:21.702] [INFO   ] Creating placeholder thumbnail (PDF rendering disabled): C:\Users\dlebel\Downloads\LamCreator-main (1)\LamCreator-main\Lamacoid Creator\Lamacoid Creator\bin\Debug\Thumbnails\E-LAM-251.png
    Source: ThumbnailGenerator.cs -> GenerateThumbnail() [Line 72]

[2026-01-19 14:58:21.717] [DEBUG  ] OpenTemplate called for: Y:\Autocad\Template\~LAMACOIDS\Lams\E-LAM-252.dwg
    Source: DraftSightHelper.cs -> OpenTemplate() [Line 87]

[2026-01-19 14:58:22.258] [INFO   ] Performance: Opening document E-LAM-252.dwg completed in 543ms
    Source: DraftSightHelper.cs -> OpenTemplate() [Line 108]

[2026-01-19 14:58:22.258] [INFO   ] Successfully opened template: E-LAM-252.dwg
    Source: DraftSightHelper.cs -> OpenTemplate() [Line 109]

[2026-01-19 14:58:22.276] [DEBUG  ] Extracted properties from E-LAM-252: Contents='PL6-03', Colour='ORANGE WITH BLACK TEXT'
    Source: LamacoidIndex.cs -> ExtractPropertiesFromDwg() [Line 177]

[2026-01-19 14:58:22.276] [DEBUG  ] CloseDocument called for: E-LAM-252.dwg
    Source: DraftSightHelper.cs -> CloseDocument() [Line 198]

[2026-01-19 14:58:22.565] [INFO   ] Successfully closed document: E-LAM-252.dwg
    Source: DraftSightHelper.cs -> CloseDocument() [Line 205]

[2026-01-19 14:58:22.565] [DEBUG  ] Generating thumbnail for: Y:\Autocad\Template\~LAMACOIDS\Lams\E-LAM-252.pdf
    Source: ThumbnailGenerator.cs -> GenerateThumbnail() [Line 68]

[2026-01-19 14:58:22.565] [INFO   ] Creating placeholder thumbnail (PDF rendering disabled): C:\Users\dlebel\Downloads\LamCreator-main (1)\LamCreator-main\Lamacoid Creator\Lamacoid Creator\bin\Debug\Thumbnails\E-LAM-252.png
    Source: ThumbnailGenerator.cs -> GenerateThumbnail() [Line 72]

[2026-01-19 14:58:22.586] [DEBUG  ] OpenTemplate called for: Y:\Autocad\Template\~LAMACOIDS\Lams\E-LAM-253.dwg
    Source: DraftSightHelper.cs -> OpenTemplate() [Line 87]

[2026-01-19 14:58:23.138] [INFO   ] Performance: Opening document E-LAM-253.dwg completed in 551ms
    Source: DraftSightHelper.cs -> OpenTemplate() [Line 108]

[2026-01-19 14:58:23.139] [INFO   ] Successfully opened template: E-LAM-253.dwg
    Source: DraftSightHelper.cs -> OpenTemplate() [Line 109]

[2026-01-19 14:58:23.148] [DEBUG  ] Extracted properties from E-LAM-253: Contents='PL6-04', Colour='ORANGE WITH BLACK TEXT'
    Source: LamacoidIndex.cs -> ExtractPropertiesFromDwg() [Line 177]

[2026-01-19 14:58:23.148] [DEBUG  ] CloseDocument called for: E-LAM-253.dwg
    Source: DraftSightHelper.cs -> CloseDocument() [Line 198]

[2026-01-19 14:58:23.428] [INFO   ] Successfully closed document: E-LAM-253.dwg
    Source: DraftSightHelper.cs -> CloseDocument() [Line 205]

[2026-01-19 14:58:23.432] [DEBUG  ] Generating thumbnail for: Y:\Autocad\Template\~LAMACOIDS\Lams\E-LAM-253.pdf
    Source: ThumbnailGenerator.cs -> GenerateThumbnail() [Line 68]

[2026-01-19 14:58:23.432] [INFO   ] Creating placeholder thumbnail (PDF rendering disabled): C:\Users\dlebel\Downloads\LamCreator-main (1)\LamCreator-main\Lamacoid Creator\Lamacoid Creator\bin\Debug\Thumbnails\E-LAM-253.png
    Source: ThumbnailGenerator.cs -> GenerateThumbnail() [Line 72]

[2026-01-19 14:58:23.435] [DEBUG  ] OpenTemplate called for: Y:\Autocad\Template\~LAMACOIDS\Lams\E-LAM-254.dwg
    Source: DraftSightHelper.cs -> OpenTemplate() [Line 87]

[2026-01-19 14:58:23.982] [INFO   ] Performance: Opening document E-LAM-254.dwg completed in 533ms
    Source: DraftSightHelper.cs -> OpenTemplate() [Line 108]

[2026-01-19 14:58:23.982] [INFO   ] Successfully opened template: E-LAM-254.dwg
    Source: DraftSightHelper.cs -> OpenTemplate() [Line 109]

[2026-01-19 14:58:23.988] [DEBUG  ] Extracted properties from E-LAM-254: Contents='PL7-01', Colour='ORANGE WITH BLACK TEXT'
    Source: LamacoidIndex.cs -> ExtractPropertiesFromDwg() [Line 177]

[2026-01-19 14:58:23.988] [DEBUG  ] CloseDocument called for: E-LAM-254.dwg
    Source: DraftSightHelper.cs -> CloseDocument() [Line 198]

[2026-01-19 14:58:24.265] [INFO   ] Successfully closed document: E-LAM-254.dwg
    Source: DraftSightHelper.cs -> CloseDocument() [Line 205]

[2026-01-19 14:58:24.269] [DEBUG  ] Generating thumbnail for: Y:\Autocad\Template\~LAMACOIDS\Lams\E-LAM-254.pdf
    Source: ThumbnailGenerator.cs -> GenerateThumbnail() [Line 68]

[2026-01-19 14:58:24.269] [INFO   ] Creating placeholder thumbnail (PDF rendering disabled): C:\Users\dlebel\Downloads\LamCreator-main (1)\LamCreator-main\Lamacoid Creator\Lamacoid Creator\bin\Debug\Thumbnails\E-LAM-254.png
    Source: ThumbnailGenerator.cs -> GenerateThumbnail() [Line 72]

[2026-01-19 14:58:24.285] [DEBUG  ] OpenTemplate called for: Y:\Autocad\Template\~LAMACOIDS\Lams\E-LAM-255.dwg
    Source: DraftSightHelper.cs -> OpenTemplate() [Line 87]

[2026-01-19 14:58:24.832] [INFO   ] Performance: Opening document E-LAM-255.dwg completed in 559ms
    Source: DraftSightHelper.cs -> OpenTemplate() [Line 108]

[2026-01-19 14:58:24.832] [INFO   ] Successfully opened template: E-LAM-255.dwg
    Source: DraftSightHelper.cs -> OpenTemplate() [Line 109]

[2026-01-19 14:58:24.854] [DEBUG  ] Extracted properties from E-LAM-255: Contents='PL7-02', Colour='ORANGE WITH BLACK TEXT'
    Source: LamacoidIndex.cs -> ExtractPropertiesFromDwg() [Line 177]

[2026-01-19 14:58:24.854] [DEBUG  ] CloseDocument called for: E-LAM-255.dwg
    Source: DraftSightHelper.cs -> CloseDocument() [Line 198]

[2026-01-19 14:58:25.128] [INFO   ] Successfully closed document: E-LAM-255.dwg
    Source: DraftSightHelper.cs -> CloseDocument() [Line 205]

[2026-01-19 14:58:25.133] [DEBUG  ] Generating thumbnail for: Y:\Autocad\Template\~LAMACOIDS\Lams\E-LAM-255.pdf
    Source: ThumbnailGenerator.cs -> GenerateThumbnail() [Line 68]

[2026-01-19 14:58:25.133] [INFO   ] Creating placeholder thumbnail (PDF rendering disabled): C:\Users\dlebel\Downloads\LamCreator-main (1)\LamCreator-main\Lamacoid Creator\Lamacoid Creator\bin\Debug\Thumbnails\E-LAM-255.png
    Source: ThumbnailGenerator.cs -> GenerateThumbnail() [Line 72]

[2026-01-19 14:58:25.149] [DEBUG  ] OpenTemplate called for: Y:\Autocad\Template\~LAMACOIDS\Lams\E-LAM-256.dwg
    Source: DraftSightHelper.cs -> OpenTemplate() [Line 87]

[2026-01-19 14:58:25.696] [INFO   ] Performance: Opening document E-LAM-256.dwg completed in 546ms
    Source: DraftSightHelper.cs -> OpenTemplate() [Line 108]

[2026-01-19 14:58:25.696] [INFO   ] Successfully opened template: E-LAM-256.dwg
    Source: DraftSightHelper.cs -> OpenTemplate() [Line 109]

[2026-01-19 14:58:25.706] [DEBUG  ] Extracted properties from E-LAM-256: Contents='PL7-03', Colour='ORANGE WITH BLACK TEXT'
    Source: LamacoidIndex.cs -> ExtractPropertiesFromDwg() [Line 177]

[2026-01-19 14:58:25.706] [DEBUG  ] CloseDocument called for: E-LAM-256.dwg
    Source: DraftSightHelper.cs -> CloseDocument() [Line 198]

[2026-01-19 14:58:25.984] [INFO   ] Successfully closed document: E-LAM-256.dwg
    Source: DraftSightHelper.cs -> CloseDocument() [Line 205]

[2026-01-19 14:58:25.987] [DEBUG  ] Generating thumbnail for: Y:\Autocad\Template\~LAMACOIDS\Lams\E-LAM-256.pdf
    Source: ThumbnailGenerator.cs -> GenerateThumbnail() [Line 68]

[2026-01-19 14:58:25.987] [INFO   ] Creating placeholder thumbnail (PDF rendering disabled): C:\Users\dlebel\Downloads\LamCreator-main (1)\LamCreator-main\Lamacoid Creator\Lamacoid Creator\bin\Debug\Thumbnails\E-LAM-256.png
    Source: ThumbnailGenerator.cs -> GenerateThumbnail() [Line 72]

[2026-01-19 14:58:26.004] [DEBUG  ] OpenTemplate called for: Y:\Autocad\Template\~LAMACOIDS\Lams\E-LAM-257.dwg
    Source: DraftSightHelper.cs -> OpenTemplate() [Line 87]

[2026-01-19 14:58:26.501] [INFO   ] Performance: Opening document E-LAM-257.dwg completed in 508ms
    Source: DraftSightHelper.cs -> OpenTemplate() [Line 108]

[2026-01-19 14:58:26.501] [INFO   ] Successfully opened template: E-LAM-257.dwg
    Source: DraftSightHelper.cs -> OpenTemplate() [Line 109]

[2026-01-19 14:58:26.517] [DEBUG  ] Extracted properties from E-LAM-257: Contents='PL7-04', Colour='ORANGE WITH BLACK TEXT'
    Source: LamacoidIndex.cs -> ExtractPropertiesFromDwg() [Line 177]

[2026-01-19 14:58:26.517] [DEBUG  ] CloseDocument called for: E-LAM-257.dwg
    Source: DraftSightHelper.cs -> CloseDocument() [Line 198]

[2026-01-19 14:58:26.800] [INFO   ] Successfully closed document: E-LAM-257.dwg
    Source: DraftSightHelper.cs -> CloseDocument() [Line 205]

[2026-01-19 14:58:26.801] [DEBUG  ] Generating thumbnail for: Y:\Autocad\Template\~LAMACOIDS\Lams\E-LAM-257.pdf
    Source: ThumbnailGenerator.cs -> GenerateThumbnail() [Line 68]

[2026-01-19 14:58:26.801] [INFO   ] Creating placeholder thumbnail (PDF rendering disabled): C:\Users\dlebel\Downloads\LamCreator-main (1)\LamCreator-main\Lamacoid Creator\Lamacoid Creator\bin\Debug\Thumbnails\E-LAM-257.png
    Source: ThumbnailGenerator.cs -> GenerateThumbnail() [Line 72]

[2026-01-19 14:58:26.817] [DEBUG  ] OpenTemplate called for: Y:\Autocad\Template\~LAMACOIDS\Lams\E-LAM-258.dwg
    Source: DraftSightHelper.cs -> OpenTemplate() [Line 87]

[2026-01-19 14:58:27.375] [INFO   ] Performance: Opening document E-LAM-258.dwg completed in 553ms
    Source: DraftSightHelper.cs -> OpenTemplate() [Line 108]

[2026-01-19 14:58:27.375] [INFO   ] Successfully opened template: E-LAM-258.dwg
    Source: DraftSightHelper.cs -> OpenTemplate() [Line 109]

[2026-01-19 14:58:27.383] [DEBUG  ] Extracted properties from E-LAM-258: Contents='R2-01', Colour='ORANGE WITH BLACK TEXT'
    Source: LamacoidIndex.cs -> ExtractPropertiesFromDwg() [Line 177]

[2026-01-19 14:58:27.383] [DEBUG  ] CloseDocument called for: E-LAM-258.dwg
    Source: DraftSightHelper.cs -> CloseDocument() [Line 198]

[2026-01-19 14:58:27.669] [INFO   ] Successfully closed document: E-LAM-258.dwg
    Source: DraftSightHelper.cs -> CloseDocument() [Line 205]

[2026-01-19 14:58:27.673] [DEBUG  ] Generating thumbnail for: Y:\Autocad\Template\~LAMACOIDS\Lams\E-LAM-258.pdf
    Source: ThumbnailGenerator.cs -> GenerateThumbnail() [Line 68]

[2026-01-19 14:58:27.673] [INFO   ] Creating placeholder thumbnail (PDF rendering disabled): C:\Users\dlebel\Downloads\LamCreator-main (1)\LamCreator-main\Lamacoid Creator\Lamacoid Creator\bin\Debug\Thumbnails\E-LAM-258.png
    Source: ThumbnailGenerator.cs -> GenerateThumbnail() [Line 72]

[2026-01-19 14:58:27.693] [DEBUG  ] OpenTemplate called for: Y:\Autocad\Template\~LAMACOIDS\Lams\E-LAM-259.dwg
    Source: DraftSightHelper.cs -> OpenTemplate() [Line 87]

[2026-01-19 14:58:28.227] [INFO   ] Performance: Opening document E-LAM-259.dwg completed in 539ms
    Source: DraftSightHelper.cs -> OpenTemplate() [Line 108]

[2026-01-19 14:58:28.227] [INFO   ] Successfully opened template: E-LAM-259.dwg
    Source: DraftSightHelper.cs -> OpenTemplate() [Line 109]

[2026-01-19 14:58:28.243] [DEBUG  ] Extracted properties from E-LAM-259: Contents='R2-02', Colour='ORANGE WITH BLACK TEXT'
    Source: LamacoidIndex.cs -> ExtractPropertiesFromDwg() [Line 177]

[2026-01-19 14:58:28.243] [DEBUG  ] CloseDocument called for: E-LAM-259.dwg
    Source: DraftSightHelper.cs -> CloseDocument() [Line 198]

[2026-01-19 14:58:28.535] [INFO   ] Successfully closed document: E-LAM-259.dwg
    Source: DraftSightHelper.cs -> CloseDocument() [Line 205]

[2026-01-19 14:58:28.535] [DEBUG  ] Generating thumbnail for: Y:\Autocad\Template\~LAMACOIDS\Lams\E-LAM-259.pdf
    Source: ThumbnailGenerator.cs -> GenerateThumbnail() [Line 68]

[2026-01-19 14:58:28.535] [INFO   ] Creating placeholder thumbnail (PDF rendering disabled): C:\Users\dlebel\Downloads\LamCreator-main (1)\LamCreator-main\Lamacoid Creator\Lamacoid Creator\bin\Debug\Thumbnails\E-LAM-259.png
    Source: ThumbnailGenerator.cs -> GenerateThumbnail() [Line 72]

[2026-01-19 14:58:28.554] [DEBUG  ] OpenTemplate called for: Y:\Autocad\Template\~LAMACOIDS\Lams\E-LAM-260.dwg
    Source: DraftSightHelper.cs -> OpenTemplate() [Line 87]

[2026-01-19 14:58:29.065] [INFO   ] Performance: Opening document E-LAM-260.dwg completed in 508ms
    Source: DraftSightHelper.cs -> OpenTemplate() [Line 108]

[2026-01-19 14:58:29.065] [INFO   ] Successfully opened template: E-LAM-260.dwg
    Source: DraftSightHelper.cs -> OpenTemplate() [Line 109]

[2026-01-19 14:58:29.163] [DEBUG  ] Extracted properties from E-LAM-260: Contents='R2-03', Colour='ORANGE WITH BLACK TEXT'
    Source: LamacoidIndex.cs -> ExtractPropertiesFromDwg() [Line 177]

[2026-01-19 14:58:29.163] [DEBUG  ] CloseDocument called for: E-LAM-260.dwg
    Source: DraftSightHelper.cs -> CloseDocument() [Line 198]

[2026-01-19 14:58:29.443] [INFO   ] Successfully closed document: E-LAM-260.dwg
    Source: DraftSightHelper.cs -> CloseDocument() [Line 205]

[2026-01-19 14:58:29.446] [DEBUG  ] Generating thumbnail for: Y:\Autocad\Template\~LAMACOIDS\Lams\E-LAM-260.pdf
    Source: ThumbnailGenerator.cs -> GenerateThumbnail() [Line 68]

[2026-01-19 14:58:29.446] [INFO   ] Creating placeholder thumbnail (PDF rendering disabled): C:\Users\dlebel\Downloads\LamCreator-main (1)\LamCreator-main\Lamacoid Creator\Lamacoid Creator\bin\Debug\Thumbnails\E-LAM-260.png
    Source: ThumbnailGenerator.cs -> GenerateThumbnail() [Line 72]

[2026-01-19 14:58:29.461] [DEBUG  ] OpenTemplate called for: Y:\Autocad\Template\~LAMACOIDS\Lams\E-LAM-261.dwg
    Source: DraftSightHelper.cs -> OpenTemplate() [Line 87]

[2026-01-19 14:58:29.966] [INFO   ] Performance: Opening document E-LAM-261.dwg completed in 502ms
    Source: DraftSightHelper.cs -> OpenTemplate() [Line 108]

[2026-01-19 14:58:29.967] [INFO   ] Successfully opened template: E-LAM-261.dwg
    Source: DraftSightHelper.cs -> OpenTemplate() [Line 109]

[2026-01-19 14:58:29.979] [DEBUG  ] Extracted properties from E-LAM-261: Contents='R2-04', Colour='ORANGE WITH BLACK TEXT'
    Source: LamacoidIndex.cs -> ExtractPropertiesFromDwg() [Line 177]

[2026-01-19 14:58:29.980] [DEBUG  ] CloseDocument called for: E-LAM-261.dwg
    Source: DraftSightHelper.cs -> CloseDocument() [Line 198]

[2026-01-19 14:58:30.245] [INFO   ] Successfully closed document: E-LAM-261.dwg
    Source: DraftSightHelper.cs -> CloseDocument() [Line 205]

[2026-01-19 14:58:30.245] [DEBUG  ] Generating thumbnail for: Y:\Autocad\Template\~LAMACOIDS\Lams\E-LAM-261.pdf
    Source: ThumbnailGenerator.cs -> GenerateThumbnail() [Line 68]

[2026-01-19 14:58:30.245] [INFO   ] Creating placeholder thumbnail (PDF rendering disabled): C:\Users\dlebel\Downloads\LamCreator-main (1)\LamCreator-main\Lamacoid Creator\Lamacoid Creator\bin\Debug\Thumbnails\E-LAM-261.png
    Source: ThumbnailGenerator.cs -> GenerateThumbnail() [Line 72]

[2026-01-19 14:58:30.273] [DEBUG  ] OpenTemplate called for: Y:\Autocad\Template\~LAMACOIDS\Lams\E-LAM-262.dwg
    Source: DraftSightHelper.cs -> OpenTemplate() [Line 87]

[2026-01-19 14:58:30.788] [INFO   ] Performance: Opening document E-LAM-262.dwg completed in 514ms
    Source: DraftSightHelper.cs -> OpenTemplate() [Line 108]

[2026-01-19 14:58:30.788] [INFO   ] Successfully opened template: E-LAM-262.dwg
    Source: DraftSightHelper.cs -> OpenTemplate() [Line 109]

[2026-01-19 14:58:30.791] [DEBUG  ] Extracted properties from E-LAM-262: Contents='R3-01', Colour='ORANGE WITH BLACK TEXT'
    Source: LamacoidIndex.cs -> ExtractPropertiesFromDwg() [Line 177]

[2026-01-19 14:58:30.791] [DEBUG  ] CloseDocument called for: E-LAM-262.dwg
    Source: DraftSightHelper.cs -> CloseDocument() [Line 198]

[2026-01-19 14:58:31.071] [INFO   ] Successfully closed document: E-LAM-262.dwg
    Source: DraftSightHelper.cs -> CloseDocument() [Line 205]

[2026-01-19 14:58:31.071] [DEBUG  ] Generating thumbnail for: Y:\Autocad\Template\~LAMACOIDS\Lams\E-LAM-262.pdf
    Source: ThumbnailGenerator.cs -> GenerateThumbnail() [Line 68]

[2026-01-19 14:58:31.071] [INFO   ] Creating placeholder thumbnail (PDF rendering disabled): C:\Users\dlebel\Downloads\LamCreator-main (1)\LamCreator-main\Lamacoid Creator\Lamacoid Creator\bin\Debug\Thumbnails\E-LAM-262.png
    Source: ThumbnailGenerator.cs -> GenerateThumbnail() [Line 72]

[2026-01-19 14:58:31.087] [DEBUG  ] OpenTemplate called for: Y:\Autocad\Template\~LAMACOIDS\Lams\E-LAM-263.dwg
    Source: DraftSightHelper.cs -> OpenTemplate() [Line 87]

[2026-01-19 14:58:31.641] [INFO   ] Performance: Opening document E-LAM-263.dwg completed in 546ms
    Source: DraftSightHelper.cs -> OpenTemplate() [Line 108]

[2026-01-19 14:58:31.641] [INFO   ] Successfully opened template: E-LAM-263.dwg
    Source: DraftSightHelper.cs -> OpenTemplate() [Line 109]

[2026-01-19 14:58:31.649] [DEBUG  ] Extracted properties from E-LAM-263: Contents='R3-02', Colour='ORANGE WITH BLACK TEXT'
    Source: LamacoidIndex.cs -> ExtractPropertiesFromDwg() [Line 177]

[2026-01-19 14:58:31.650] [DEBUG  ] CloseDocument called for: E-LAM-263.dwg
    Source: DraftSightHelper.cs -> CloseDocument() [Line 198]

[2026-01-19 14:58:31.917] [INFO   ] Successfully closed document: E-LAM-263.dwg
    Source: DraftSightHelper.cs -> CloseDocument() [Line 205]

[2026-01-19 14:58:31.917] [DEBUG  ] Generating thumbnail for: Y:\Autocad\Template\~LAMACOIDS\Lams\E-LAM-263.pdf
    Source: ThumbnailGenerator.cs -> GenerateThumbnail() [Line 68]

[2026-01-19 14:58:31.917] [INFO   ] Creating placeholder thumbnail (PDF rendering disabled): C:\Users\dlebel\Downloads\LamCreator-main (1)\LamCreator-main\Lamacoid Creator\Lamacoid Creator\bin\Debug\Thumbnails\E-LAM-263.png
    Source: ThumbnailGenerator.cs -> GenerateThumbnail() [Line 72]

[2026-01-19 14:58:31.944] [DEBUG  ] OpenTemplate called for: Y:\Autocad\Template\~LAMACOIDS\Lams\E-LAM-264.dwg
    Source: DraftSightHelper.cs -> OpenTemplate() [Line 87]

[2026-01-19 14:58:32.503] [INFO   ] Performance: Opening document E-LAM-264.dwg completed in 558ms
    Source: DraftSightHelper.cs -> OpenTemplate() [Line 108]

[2026-01-19 14:58:32.503] [INFO   ] Successfully opened template: E-LAM-264.dwg
    Source: DraftSightHelper.cs -> OpenTemplate() [Line 109]

[2026-01-19 14:58:32.508] [DEBUG  ] Extracted properties from E-LAM-264: Contents='R3-03', Colour='ORANGE WITH BLACK TEXT'
    Source: LamacoidIndex.cs -> ExtractPropertiesFromDwg() [Line 177]

[2026-01-19 14:58:32.508] [DEBUG  ] CloseDocument called for: E-LAM-264.dwg
    Source: DraftSightHelper.cs -> CloseDocument() [Line 198]

[2026-01-19 14:58:32.794] [INFO   ] Successfully closed document: E-LAM-264.dwg
    Source: DraftSightHelper.cs -> CloseDocument() [Line 205]

[2026-01-19 14:58:32.794] [DEBUG  ] Generating thumbnail for: Y:\Autocad\Template\~LAMACOIDS\Lams\E-LAM-264.pdf
    Source: ThumbnailGenerator.cs -> GenerateThumbnail() [Line 68]

[2026-01-19 14:58:32.794] [INFO   ] Creating placeholder thumbnail (PDF rendering disabled): C:\Users\dlebel\Downloads\LamCreator-main (1)\LamCreator-main\Lamacoid Creator\Lamacoid Creator\bin\Debug\Thumbnails\E-LAM-264.png
    Source: ThumbnailGenerator.cs -> GenerateThumbnail() [Line 72]

[2026-01-19 14:58:32.818] [DEBUG  ] OpenTemplate called for: Y:\Autocad\Template\~LAMACOIDS\Lams\E-LAM-265.dwg
    Source: DraftSightHelper.cs -> OpenTemplate() [Line 87]

[2026-01-19 14:58:33.318] [INFO   ] Performance: Opening document E-LAM-265.dwg completed in 499ms
    Source: DraftSightHelper.cs -> OpenTemplate() [Line 108]

[2026-01-19 14:58:33.318] [INFO   ] Successfully opened template: E-LAM-265.dwg
    Source: DraftSightHelper.cs -> OpenTemplate() [Line 109]

[2026-01-19 14:58:33.318] [DEBUG  ] Extracted properties from E-LAM-265: Contents='R3-04', Colour='ORANGE WITH BLACK TEXT'
    Source: LamacoidIndex.cs -> ExtractPropertiesFromDwg() [Line 177]

[2026-01-19 14:58:33.318] [DEBUG  ] CloseDocument called for: E-LAM-265.dwg
    Source: DraftSightHelper.cs -> CloseDocument() [Line 198]

[2026-01-19 14:58:33.606] [INFO   ] Successfully closed document: E-LAM-265.dwg
    Source: DraftSightHelper.cs -> CloseDocument() [Line 205]

[2026-01-19 14:58:33.617] [DEBUG  ] Generating thumbnail for: Y:\Autocad\Template\~LAMACOIDS\Lams\E-LAM-265.pdf
    Source: ThumbnailGenerator.cs -> GenerateThumbnail() [Line 68]

[2026-01-19 14:58:33.617] [INFO   ] Creating placeholder thumbnail (PDF rendering disabled): C:\Users\dlebel\Downloads\LamCreator-main (1)\LamCreator-main\Lamacoid Creator\Lamacoid Creator\bin\Debug\Thumbnails\E-LAM-265.png
    Source: ThumbnailGenerator.cs -> GenerateThumbnail() [Line 72]

[2026-01-19 14:58:33.633] [DEBUG  ] OpenTemplate called for: Y:\Autocad\Template\~LAMACOIDS\Lams\E-LAM-266.dwg
    Source: DraftSightHelper.cs -> OpenTemplate() [Line 87]

[2026-01-19 14:58:34.165] [INFO   ] Performance: Opening document E-LAM-266.dwg completed in 541ms
    Source: DraftSightHelper.cs -> OpenTemplate() [Line 108]

[2026-01-19 14:58:34.165] [INFO   ] Successfully opened template: E-LAM-266.dwg
    Source: DraftSightHelper.cs -> OpenTemplate() [Line 109]

[2026-01-19 14:58:34.187] [DEBUG  ] Extracted properties from E-LAM-266: Contents='R4-01', Colour='ORANGE WITH BLACK TEXT'
    Source: LamacoidIndex.cs -> ExtractPropertiesFromDwg() [Line 177]

[2026-01-19 14:58:34.187] [DEBUG  ] CloseDocument called for: E-LAM-266.dwg
    Source: DraftSightHelper.cs -> CloseDocument() [Line 198]

[2026-01-19 14:58:34.463] [INFO   ] Successfully closed document: E-LAM-266.dwg
    Source: DraftSightHelper.cs -> CloseDocument() [Line 205]

[2026-01-19 14:58:34.466] [DEBUG  ] Generating thumbnail for: Y:\Autocad\Template\~LAMACOIDS\Lams\E-LAM-266.pdf
    Source: ThumbnailGenerator.cs -> GenerateThumbnail() [Line 68]

[2026-01-19 14:58:34.467] [INFO   ] Creating placeholder thumbnail (PDF rendering disabled): C:\Users\dlebel\Downloads\LamCreator-main (1)\LamCreator-main\Lamacoid Creator\Lamacoid Creator\bin\Debug\Thumbnails\E-LAM-266.png
    Source: ThumbnailGenerator.cs -> GenerateThumbnail() [Line 72]

[2026-01-19 14:58:34.478] [DEBUG  ] OpenTemplate called for: Y:\Autocad\Template\~LAMACOIDS\Lams\E-LAM-267.dwg
    Source: DraftSightHelper.cs -> OpenTemplate() [Line 87]

[2026-01-19 14:58:35.034] [INFO   ] Performance: Opening document E-LAM-267.dwg completed in 555ms
    Source: DraftSightHelper.cs -> OpenTemplate() [Line 108]

[2026-01-19 14:58:35.034] [INFO   ] Successfully opened template: E-LAM-267.dwg
    Source: DraftSightHelper.cs -> OpenTemplate() [Line 109]

[2026-01-19 14:58:35.054] [DEBUG  ] Extracted properties from E-LAM-267: Contents='R4-02', Colour='ORANGE WITH BLACK TEXT'
    Source: LamacoidIndex.cs -> ExtractPropertiesFromDwg() [Line 177]

[2026-01-19 14:58:35.054] [DEBUG  ] CloseDocument called for: E-LAM-267.dwg
    Source: DraftSightHelper.cs -> CloseDocument() [Line 198]

[2026-01-19 14:58:35.325] [INFO   ] Successfully closed document: E-LAM-267.dwg
    Source: DraftSightHelper.cs -> CloseDocument() [Line 205]

[2026-01-19 14:58:35.329] [DEBUG  ] Generating thumbnail for: Y:\Autocad\Template\~LAMACOIDS\Lams\E-LAM-267.pdf
    Source: ThumbnailGenerator.cs -> GenerateThumbnail() [Line 68]

[2026-01-19 14:58:35.330] [INFO   ] Creating placeholder thumbnail (PDF rendering disabled): C:\Users\dlebel\Downloads\LamCreator-main (1)\LamCreator-main\Lamacoid Creator\Lamacoid Creator\bin\Debug\Thumbnails\E-LAM-267.png
    Source: ThumbnailGenerator.cs -> GenerateThumbnail() [Line 72]

[2026-01-19 14:58:35.337] [DEBUG  ] OpenTemplate called for: Y:\Autocad\Template\~LAMACOIDS\Lams\E-LAM-268.dwg
    Source: DraftSightHelper.cs -> OpenTemplate() [Line 87]

[2026-01-19 14:58:35.850] [INFO   ] Performance: Opening document E-LAM-268.dwg completed in 514ms
    Source: DraftSightHelper.cs -> OpenTemplate() [Line 108]

[2026-01-19 14:58:35.850] [INFO   ] Successfully opened template: E-LAM-268.dwg
    Source: DraftSightHelper.cs -> OpenTemplate() [Line 109]

[2026-01-19 14:58:35.868] [DEBUG  ] Extracted properties from E-LAM-268: Contents='R4-03', Colour='ORANGE WITH BLACK TEXT'
    Source: LamacoidIndex.cs -> ExtractPropertiesFromDwg() [Line 177]

[2026-01-19 14:58:35.868] [DEBUG  ] CloseDocument called for: E-LAM-268.dwg
    Source: DraftSightHelper.cs -> CloseDocument() [Line 198]

[2026-01-19 14:58:36.146] [INFO   ] Successfully closed document: E-LAM-268.dwg
    Source: DraftSightHelper.cs -> CloseDocument() [Line 205]

[2026-01-19 14:58:36.149] [DEBUG  ] Generating thumbnail for: Y:\Autocad\Template\~LAMACOIDS\Lams\E-LAM-268.pdf
    Source: ThumbnailGenerator.cs -> GenerateThumbnail() [Line 68]

[2026-01-19 14:58:36.149] [INFO   ] Creating placeholder thumbnail (PDF rendering disabled): C:\Users\dlebel\Downloads\LamCreator-main (1)\LamCreator-main\Lamacoid Creator\Lamacoid Creator\bin\Debug\Thumbnails\E-LAM-268.png
    Source: ThumbnailGenerator.cs -> GenerateThumbnail() [Line 72]

[2026-01-19 14:58:36.151] [DEBUG  ] OpenTemplate called for: Y:\Autocad\Template\~LAMACOIDS\Lams\E-LAM-269.dwg
    Source: DraftSightHelper.cs -> OpenTemplate() [Line 87]

[2026-01-19 14:58:36.735] [INFO   ] Performance: Opening document E-LAM-269.dwg completed in 573ms
    Source: DraftSightHelper.cs -> OpenTemplate() [Line 108]

[2026-01-19 14:58:36.735] [INFO   ] Successfully opened template: E-LAM-269.dwg
    Source: DraftSightHelper.cs -> OpenTemplate() [Line 109]

[2026-01-19 14:58:36.743] [DEBUG  ] Extracted properties from E-LAM-269: Contents='R4-04', Colour='ORANGE WITH BLACK TEXT'
    Source: LamacoidIndex.cs -> ExtractPropertiesFromDwg() [Line 177]

[2026-01-19 14:58:36.743] [DEBUG  ] CloseDocument called for: E-LAM-269.dwg
    Source: DraftSightHelper.cs -> CloseDocument() [Line 198]

[2026-01-19 14:58:37.018] [INFO   ] Successfully closed document: E-LAM-269.dwg
    Source: DraftSightHelper.cs -> CloseDocument() [Line 205]

[2026-01-19 14:58:37.018] [DEBUG  ] Generating thumbnail for: Y:\Autocad\Template\~LAMACOIDS\Lams\E-LAM-269.pdf
    Source: ThumbnailGenerator.cs -> GenerateThumbnail() [Line 68]

[2026-01-19 14:58:37.018] [INFO   ] Creating placeholder thumbnail (PDF rendering disabled): C:\Users\dlebel\Downloads\LamCreator-main (1)\LamCreator-main\Lamacoid Creator\Lamacoid Creator\bin\Debug\Thumbnails\E-LAM-269.png
    Source: ThumbnailGenerator.cs -> GenerateThumbnail() [Line 72]

[2026-01-19 14:58:37.037] [DEBUG  ] OpenTemplate called for: Y:\Autocad\Template\~LAMACOIDS\Lams\E-LAM-270.dwg
    Source: DraftSightHelper.cs -> OpenTemplate() [Line 87]

[2026-01-19 14:58:37.582] [INFO   ] Performance: Opening document E-LAM-270.dwg completed in 550ms
    Source: DraftSightHelper.cs -> OpenTemplate() [Line 108]

[2026-01-19 14:58:37.582] [INFO   ] Successfully opened template: E-LAM-270.dwg
    Source: DraftSightHelper.cs -> OpenTemplate() [Line 109]

[2026-01-19 14:58:37.598] [DEBUG  ] Extracted properties from E-LAM-270: Contents='CN1-01', Colour='ORANGE WITH BLACK TEXT'
    Source: LamacoidIndex.cs -> ExtractPropertiesFromDwg() [Line 177]

[2026-01-19 14:58:37.598] [DEBUG  ] CloseDocument called for: E-LAM-270.dwg
    Source: DraftSightHelper.cs -> CloseDocument() [Line 198]

[2026-01-19 14:58:37.874] [INFO   ] Successfully closed document: E-LAM-270.dwg
    Source: DraftSightHelper.cs -> CloseDocument() [Line 205]

[2026-01-19 14:58:37.879] [DEBUG  ] Generating thumbnail for: Y:\Autocad\Template\~LAMACOIDS\Lams\E-LAM-270.pdf
    Source: ThumbnailGenerator.cs -> GenerateThumbnail() [Line 68]

[2026-01-19 14:58:37.879] [INFO   ] Creating placeholder thumbnail (PDF rendering disabled): C:\Users\dlebel\Downloads\LamCreator-main (1)\LamCreator-main\Lamacoid Creator\Lamacoid Creator\bin\Debug\Thumbnails\E-LAM-270.png
    Source: ThumbnailGenerator.cs -> GenerateThumbnail() [Line 72]

[2026-01-19 14:58:37.894] [DEBUG  ] OpenTemplate called for: Y:\Autocad\Template\~LAMACOIDS\Lams\E-LAM-271.dwg
    Source: DraftSightHelper.cs -> OpenTemplate() [Line 87]

[2026-01-19 14:58:38.470] [INFO   ] Performance: Opening document E-LAM-271.dwg completed in 573ms
    Source: DraftSightHelper.cs -> OpenTemplate() [Line 108]

[2026-01-19 14:58:38.470] [INFO   ] Successfully opened template: E-LAM-271.dwg
    Source: DraftSightHelper.cs -> OpenTemplate() [Line 109]

[2026-01-19 14:58:38.480] [DEBUG  ] Extracted properties from E-LAM-271: Contents='CN1-02', Colour='ORANGE WITH BLACK TEXT'
    Source: LamacoidIndex.cs -> ExtractPropertiesFromDwg() [Line 177]

[2026-01-19 14:58:38.480] [DEBUG  ] CloseDocument called for: E-LAM-271.dwg
    Source: DraftSightHelper.cs -> CloseDocument() [Line 198]

[2026-01-19 14:58:38.750] [INFO   ] Successfully closed document: E-LAM-271.dwg
    Source: DraftSightHelper.cs -> CloseDocument() [Line 205]

[2026-01-19 14:58:38.754] [DEBUG  ] Generating thumbnail for: Y:\Autocad\Template\~LAMACOIDS\Lams\E-LAM-271.pdf
    Source: ThumbnailGenerator.cs -> GenerateThumbnail() [Line 68]

[2026-01-19 14:58:38.754] [INFO   ] Creating placeholder thumbnail (PDF rendering disabled): C:\Users\dlebel\Downloads\LamCreator-main (1)\LamCreator-main\Lamacoid Creator\Lamacoid Creator\bin\Debug\Thumbnails\E-LAM-271.png
    Source: ThumbnailGenerator.cs -> GenerateThumbnail() [Line 72]

[2026-01-19 14:58:38.774] [DEBUG  ] OpenTemplate called for: Y:\Autocad\Template\~LAMACOIDS\Lams\E-LAM-272.dwg
    Source: DraftSightHelper.cs -> OpenTemplate() [Line 87]

[2026-01-19 14:58:39.267] [INFO   ] Performance: Opening document E-LAM-272.dwg completed in 503ms
    Source: DraftSightHelper.cs -> OpenTemplate() [Line 108]

[2026-01-19 14:58:39.267] [INFO   ] Successfully opened template: E-LAM-272.dwg
    Source: DraftSightHelper.cs -> OpenTemplate() [Line 109]

[2026-01-19 14:58:39.283] [DEBUG  ] Extracted properties from E-LAM-272: Contents='CN1-03', Colour='ORANGE WITH BLACK TEXT'
    Source: LamacoidIndex.cs -> ExtractPropertiesFromDwg() [Line 177]

[2026-01-19 14:58:39.283] [DEBUG  ] CloseDocument called for: E-LAM-272.dwg
    Source: DraftSightHelper.cs -> CloseDocument() [Line 198]

[2026-01-19 14:58:39.551] [INFO   ] Successfully closed document: E-LAM-272.dwg
    Source: DraftSightHelper.cs -> CloseDocument() [Line 205]

[2026-01-19 14:58:39.569] [DEBUG  ] Generating thumbnail for: Y:\Autocad\Template\~LAMACOIDS\Lams\E-LAM-272.pdf
    Source: ThumbnailGenerator.cs -> GenerateThumbnail() [Line 68]

[2026-01-19 14:58:39.569] [INFO   ] Creating placeholder thumbnail (PDF rendering disabled): C:\Users\dlebel\Downloads\LamCreator-main (1)\LamCreator-main\Lamacoid Creator\Lamacoid Creator\bin\Debug\Thumbnails\E-LAM-272.png
    Source: ThumbnailGenerator.cs -> GenerateThumbnail() [Line 72]

[2026-01-19 14:58:39.583] [DEBUG  ] OpenTemplate called for: Y:\Autocad\Template\~LAMACOIDS\Lams\E-LAM-273.dwg
    Source: DraftSightHelper.cs -> OpenTemplate() [Line 87]

[2026-01-19 14:58:40.118] [INFO   ] Performance: Opening document E-LAM-273.dwg completed in 544ms
    Source: DraftSightHelper.cs -> OpenTemplate() [Line 108]

[2026-01-19 14:58:40.118] [INFO   ] Successfully opened template: E-LAM-273.dwg
    Source: DraftSightHelper.cs -> OpenTemplate() [Line 109]

[2026-01-19 14:58:40.133] [DEBUG  ] Extracted properties from E-LAM-273: Contents='CN1-04', Colour='ORANGE WITH BLACK TEXT'
    Source: LamacoidIndex.cs -> ExtractPropertiesFromDwg() [Line 177]

[2026-01-19 14:58:40.133] [DEBUG  ] CloseDocument called for: E-LAM-273.dwg
    Source: DraftSightHelper.cs -> CloseDocument() [Line 198]

[2026-01-19 14:58:40.411] [INFO   ] Successfully closed document: E-LAM-273.dwg
    Source: DraftSightHelper.cs -> CloseDocument() [Line 205]

[2026-01-19 14:58:40.415] [DEBUG  ] Generating thumbnail for: Y:\Autocad\Template\~LAMACOIDS\Lams\E-LAM-273.pdf
    Source: ThumbnailGenerator.cs -> GenerateThumbnail() [Line 68]

[2026-01-19 14:58:40.415] [INFO   ] Creating placeholder thumbnail (PDF rendering disabled): C:\Users\dlebel\Downloads\LamCreator-main (1)\LamCreator-main\Lamacoid Creator\Lamacoid Creator\bin\Debug\Thumbnails\E-LAM-273.png
    Source: ThumbnailGenerator.cs -> GenerateThumbnail() [Line 72]

[2026-01-19 14:58:40.418] [DEBUG  ] OpenTemplate called for: Y:\Autocad\Template\~LAMACOIDS\Lams\E-LAM-274.dwg
    Source: DraftSightHelper.cs -> OpenTemplate() [Line 87]

[2026-01-19 14:58:40.945] [INFO   ] Performance: Opening document E-LAM-274.dwg completed in 513ms
    Source: DraftSightHelper.cs -> OpenTemplate() [Line 108]

[2026-01-19 14:58:40.945] [INFO   ] Successfully opened template: E-LAM-274.dwg
    Source: DraftSightHelper.cs -> OpenTemplate() [Line 109]

[2026-01-19 14:58:40.957] [DEBUG  ] Extracted properties from E-LAM-274: Contents='CN2-01', Colour='ORANGE WITH BLACK TEXT'
    Source: LamacoidIndex.cs -> ExtractPropertiesFromDwg() [Line 177]

[2026-01-19 14:58:40.957] [DEBUG  ] CloseDocument called for: E-LAM-274.dwg
    Source: DraftSightHelper.cs -> CloseDocument() [Line 198]

[2026-01-19 14:58:41.229] [INFO   ] Successfully closed document: E-LAM-274.dwg
    Source: DraftSightHelper.cs -> CloseDocument() [Line 205]

[2026-01-19 14:58:41.234] [DEBUG  ] Generating thumbnail for: Y:\Autocad\Template\~LAMACOIDS\Lams\E-LAM-274.pdf
    Source: ThumbnailGenerator.cs -> GenerateThumbnail() [Line 68]

[2026-01-19 14:58:41.234] [INFO   ] Creating placeholder thumbnail (PDF rendering disabled): C:\Users\dlebel\Downloads\LamCreator-main (1)\LamCreator-main\Lamacoid Creator\Lamacoid Creator\bin\Debug\Thumbnails\E-LAM-274.png
    Source: ThumbnailGenerator.cs -> GenerateThumbnail() [Line 72]

[2026-01-19 14:58:41.251] [DEBUG  ] OpenTemplate called for: Y:\Autocad\Template\~LAMACOIDS\Lams\E-LAM-275.dwg
    Source: DraftSightHelper.cs -> OpenTemplate() [Line 87]

[2026-01-19 14:58:41.766] [INFO   ] Performance: Opening document E-LAM-275.dwg completed in 514ms
    Source: DraftSightHelper.cs -> OpenTemplate() [Line 108]

[2026-01-19 14:58:41.766] [INFO   ] Successfully opened template: E-LAM-275.dwg
    Source: DraftSightHelper.cs -> OpenTemplate() [Line 109]

[2026-01-19 14:58:41.778] [DEBUG  ] Extracted properties from E-LAM-275: Contents='CN2-02', Colour='ORANGE WITH BLACK TEXT'
    Source: LamacoidIndex.cs -> ExtractPropertiesFromDwg() [Line 177]

[2026-01-19 14:58:41.778] [DEBUG  ] CloseDocument called for: E-LAM-275.dwg
    Source: DraftSightHelper.cs -> CloseDocument() [Line 198]

[2026-01-19 14:58:42.051] [INFO   ] Successfully closed document: E-LAM-275.dwg
    Source: DraftSightHelper.cs -> CloseDocument() [Line 205]

[2026-01-19 14:58:42.051] [DEBUG  ] Generating thumbnail for: Y:\Autocad\Template\~LAMACOIDS\Lams\E-LAM-275.pdf
    Source: ThumbnailGenerator.cs -> GenerateThumbnail() [Line 68]

[2026-01-19 14:58:42.051] [INFO   ] Creating placeholder thumbnail (PDF rendering disabled): C:\Users\dlebel\Downloads\LamCreator-main (1)\LamCreator-main\Lamacoid Creator\Lamacoid Creator\bin\Debug\Thumbnails\E-LAM-275.png
    Source: ThumbnailGenerator.cs -> GenerateThumbnail() [Line 72]

[2026-01-19 14:58:42.067] [DEBUG  ] OpenTemplate called for: Y:\Autocad\Template\~LAMACOIDS\Lams\E-LAM-276.dwg
    Source: DraftSightHelper.cs -> OpenTemplate() [Line 87]

[2026-01-19 14:58:42.637] [INFO   ] Performance: Opening document E-LAM-276.dwg completed in 559ms
    Source: DraftSightHelper.cs -> OpenTemplate() [Line 108]

[2026-01-19 14:58:42.637] [INFO   ] Successfully opened template: E-LAM-276.dwg
    Source: DraftSightHelper.cs -> OpenTemplate() [Line 109]

[2026-01-19 14:58:42.649] [DEBUG  ] Extracted properties from E-LAM-276: Contents='CN2-03', Colour='ORANGE WITH BLACK TEXT'
    Source: LamacoidIndex.cs -> ExtractPropertiesFromDwg() [Line 177]

[2026-01-19 14:58:42.649] [DEBUG  ] CloseDocument called for: E-LAM-276.dwg
    Source: DraftSightHelper.cs -> CloseDocument() [Line 198]

[2026-01-19 14:58:42.919] [INFO   ] Successfully closed document: E-LAM-276.dwg
    Source: DraftSightHelper.cs -> CloseDocument() [Line 205]

[2026-01-19 14:58:42.919] [DEBUG  ] Generating thumbnail for: Y:\Autocad\Template\~LAMACOIDS\Lams\E-LAM-276.pdf
    Source: ThumbnailGenerator.cs -> GenerateThumbnail() [Line 68]

[2026-01-19 14:58:42.919] [INFO   ] Creating placeholder thumbnail (PDF rendering disabled): C:\Users\dlebel\Downloads\LamCreator-main (1)\LamCreator-main\Lamacoid Creator\Lamacoid Creator\bin\Debug\Thumbnails\E-LAM-276.png
    Source: ThumbnailGenerator.cs -> GenerateThumbnail() [Line 72]

[2026-01-19 14:58:42.932] [DEBUG  ] OpenTemplate called for: Y:\Autocad\Template\~LAMACOIDS\Lams\E-LAM-277.dwg
    Source: DraftSightHelper.cs -> OpenTemplate() [Line 87]

[2026-01-19 14:58:43.435] [INFO   ] Performance: Opening document E-LAM-277.dwg completed in 502ms
    Source: DraftSightHelper.cs -> OpenTemplate() [Line 108]

[2026-01-19 14:58:43.435] [INFO   ] Successfully opened template: E-LAM-277.dwg
    Source: DraftSightHelper.cs -> OpenTemplate() [Line 109]

[2026-01-19 14:58:43.451] [DEBUG  ] Extracted properties from E-LAM-277: Contents='CN2-04', Colour='ORANGE WITH BLACK TEXT'
    Source: LamacoidIndex.cs -> ExtractPropertiesFromDwg() [Line 177]

[2026-01-19 14:58:43.451] [DEBUG  ] CloseDocument called for: E-LAM-277.dwg
    Source: DraftSightHelper.cs -> CloseDocument() [Line 198]

[2026-01-19 14:58:43.740] [INFO   ] Successfully closed document: E-LAM-277.dwg
    Source: DraftSightHelper.cs -> CloseDocument() [Line 205]

[2026-01-19 14:58:43.744] [DEBUG  ] Generating thumbnail for: Y:\Autocad\Template\~LAMACOIDS\Lams\E-LAM-277.pdf
    Source: ThumbnailGenerator.cs -> GenerateThumbnail() [Line 68]

[2026-01-19 14:58:43.744] [INFO   ] Creating placeholder thumbnail (PDF rendering disabled): C:\Users\dlebel\Downloads\LamCreator-main (1)\LamCreator-main\Lamacoid Creator\Lamacoid Creator\bin\Debug\Thumbnails\E-LAM-277.png
    Source: ThumbnailGenerator.cs -> GenerateThumbnail() [Line 72]

[2026-01-19 14:58:43.762] [DEBUG  ] OpenTemplate called for: Y:\Autocad\Template\~LAMACOIDS\Lams\E-LAM-278.dwg
    Source: DraftSightHelper.cs -> OpenTemplate() [Line 87]

[2026-01-19 14:58:44.267] [INFO   ] Performance: Opening document E-LAM-278.dwg completed in 506ms
    Source: DraftSightHelper.cs -> OpenTemplate() [Line 108]

[2026-01-19 14:58:44.267] [INFO   ] Successfully opened template: E-LAM-278.dwg
    Source: DraftSightHelper.cs -> OpenTemplate() [Line 109]

[2026-01-19 14:58:44.267] [DEBUG  ] Extracted properties from E-LAM-278: Contents='CN3-01', Colour='ORANGE WITH BLACK TEXT'
    Source: LamacoidIndex.cs -> ExtractPropertiesFromDwg() [Line 177]

[2026-01-19 14:58:44.267] [DEBUG  ] CloseDocument called for: E-LAM-278.dwg
    Source: DraftSightHelper.cs -> CloseDocument() [Line 198]

[2026-01-19 14:58:44.561] [INFO   ] Successfully closed document: E-LAM-278.dwg
    Source: DraftSightHelper.cs -> CloseDocument() [Line 205]

[2026-01-19 14:58:44.561] [DEBUG  ] Generating thumbnail for: Y:\Autocad\Template\~LAMACOIDS\Lams\E-LAM-278.pdf
    Source: ThumbnailGenerator.cs -> GenerateThumbnail() [Line 68]

[2026-01-19 14:58:44.561] [INFO   ] Creating placeholder thumbnail (PDF rendering disabled): C:\Users\dlebel\Downloads\LamCreator-main (1)\LamCreator-main\Lamacoid Creator\Lamacoid Creator\bin\Debug\Thumbnails\E-LAM-278.png
    Source: ThumbnailGenerator.cs -> GenerateThumbnail() [Line 72]

[2026-01-19 14:58:44.581] [DEBUG  ] OpenTemplate called for: Y:\Autocad\Template\~LAMACOIDS\Lams\E-LAM-279.dwg
    Source: DraftSightHelper.cs -> OpenTemplate() [Line 87]

[2026-01-19 14:58:45.134] [INFO   ] Performance: Opening document E-LAM-279.dwg completed in 551ms
    Source: DraftSightHelper.cs -> OpenTemplate() [Line 108]

[2026-01-19 14:58:45.134] [INFO   ] Successfully opened template: E-LAM-279.dwg
    Source: DraftSightHelper.cs -> OpenTemplate() [Line 109]

[2026-01-19 14:58:45.146] [DEBUG  ] Extracted properties from E-LAM-279: Contents='CN3-02', Colour='ORANGE WITH BLACK TEXT'
    Source: LamacoidIndex.cs -> ExtractPropertiesFromDwg() [Line 177]

[2026-01-19 14:58:45.147] [DEBUG  ] CloseDocument called for: E-LAM-279.dwg
    Source: DraftSightHelper.cs -> CloseDocument() [Line 198]

[2026-01-19 14:58:45.425] [INFO   ] Successfully closed document: E-LAM-279.dwg
    Source: DraftSightHelper.cs -> CloseDocument() [Line 205]

[2026-01-19 14:58:45.428] [DEBUG  ] Generating thumbnail for: Y:\Autocad\Template\~LAMACOIDS\Lams\E-LAM-279.pdf
    Source: ThumbnailGenerator.cs -> GenerateThumbnail() [Line 68]

[2026-01-19 14:58:45.429] [INFO   ] Creating placeholder thumbnail (PDF rendering disabled): C:\Users\dlebel\Downloads\LamCreator-main (1)\LamCreator-main\Lamacoid Creator\Lamacoid Creator\bin\Debug\Thumbnails\E-LAM-279.png
    Source: ThumbnailGenerator.cs -> GenerateThumbnail() [Line 72]

[2026-01-19 14:58:45.445] [DEBUG  ] OpenTemplate called for: Y:\Autocad\Template\~LAMACOIDS\Lams\E-LAM-280.dwg
    Source: DraftSightHelper.cs -> OpenTemplate() [Line 87]

[2026-01-19 14:58:45.987] [INFO   ] Performance: Opening document E-LAM-280.dwg completed in 542ms
    Source: DraftSightHelper.cs -> OpenTemplate() [Line 108]

[2026-01-19 14:58:45.987] [INFO   ] Successfully opened template: E-LAM-280.dwg
    Source: DraftSightHelper.cs -> OpenTemplate() [Line 109]

[2026-01-19 14:58:45.996] [DEBUG  ] Extracted properties from E-LAM-280: Contents='CN3-03', Colour='ORANGE WITH BLACK TEXT'
    Source: LamacoidIndex.cs -> ExtractPropertiesFromDwg() [Line 177]

[2026-01-19 14:58:45.996] [DEBUG  ] CloseDocument called for: E-LAM-280.dwg
    Source: DraftSightHelper.cs -> CloseDocument() [Line 198]

[2026-01-19 14:58:46.277] [INFO   ] Successfully closed document: E-LAM-280.dwg
    Source: DraftSightHelper.cs -> CloseDocument() [Line 205]

[2026-01-19 14:58:46.281] [DEBUG  ] Generating thumbnail for: Y:\Autocad\Template\~LAMACOIDS\Lams\E-LAM-280.pdf
    Source: ThumbnailGenerator.cs -> GenerateThumbnail() [Line 68]

[2026-01-19 14:58:46.281] [INFO   ] Creating placeholder thumbnail (PDF rendering disabled): C:\Users\dlebel\Downloads\LamCreator-main (1)\LamCreator-main\Lamacoid Creator\Lamacoid Creator\bin\Debug\Thumbnails\E-LAM-280.png
    Source: ThumbnailGenerator.cs -> GenerateThumbnail() [Line 72]

[2026-01-19 14:58:46.285] [DEBUG  ] OpenTemplate called for: Y:\Autocad\Template\~LAMACOIDS\Lams\E-LAM-281.dwg
    Source: DraftSightHelper.cs -> OpenTemplate() [Line 87]

[2026-01-19 14:58:46.817] [INFO   ] Performance: Opening document E-LAM-281.dwg completed in 518ms
    Source: DraftSightHelper.cs -> OpenTemplate() [Line 108]

[2026-01-19 14:58:46.818] [INFO   ] Successfully opened template: E-LAM-281.dwg
    Source: DraftSightHelper.cs -> OpenTemplate() [Line 109]

[2026-01-19 14:58:46.821] [DEBUG  ] Extracted properties from E-LAM-281: Contents='CN3-04', Colour='ORANGE WITH BLACK TEXT'
    Source: LamacoidIndex.cs -> ExtractPropertiesFromDwg() [Line 177]

[2026-01-19 14:58:46.821] [DEBUG  ] CloseDocument called for: E-LAM-281.dwg
    Source: DraftSightHelper.cs -> CloseDocument() [Line 198]

[2026-01-19 14:58:47.101] [INFO   ] Successfully closed document: E-LAM-281.dwg
    Source: DraftSightHelper.cs -> CloseDocument() [Line 205]

[2026-01-19 14:58:47.114] [DEBUG  ] Generating thumbnail for: Y:\Autocad\Template\~LAMACOIDS\Lams\E-LAM-281.pdf
    Source: ThumbnailGenerator.cs -> GenerateThumbnail() [Line 68]

[2026-01-19 14:58:47.114] [INFO   ] Creating placeholder thumbnail (PDF rendering disabled): C:\Users\dlebel\Downloads\LamCreator-main (1)\LamCreator-main\Lamacoid Creator\Lamacoid Creator\bin\Debug\Thumbnails\E-LAM-281.png
    Source: ThumbnailGenerator.cs -> GenerateThumbnail() [Line 72]

[2026-01-19 14:58:47.130] [DEBUG  ] OpenTemplate called for: Y:\Autocad\Template\~LAMACOIDS\Lams\E-LAM-282.dwg
    Source: DraftSightHelper.cs -> OpenTemplate() [Line 87]

[2026-01-19 14:58:47.666] [INFO   ] Performance: Opening document E-LAM-282.dwg completed in 550ms
    Source: DraftSightHelper.cs -> OpenTemplate() [Line 108]

[2026-01-19 14:58:47.666] [INFO   ] Successfully opened template: E-LAM-282.dwg
    Source: DraftSightHelper.cs -> OpenTemplate() [Line 109]

[2026-01-19 14:58:47.682] [DEBUG  ] Extracted properties from E-LAM-282: Contents='CN12-01', Colour='ORANGE WITH BLACK TEXT'
    Source: LamacoidIndex.cs -> ExtractPropertiesFromDwg() [Line 177]

[2026-01-19 14:58:47.682] [DEBUG  ] CloseDocument called for: E-LAM-282.dwg
    Source: DraftSightHelper.cs -> CloseDocument() [Line 198]

[2026-01-19 14:58:47.967] [INFO   ] Successfully closed document: E-LAM-282.dwg
    Source: DraftSightHelper.cs -> CloseDocument() [Line 205]

[2026-01-19 14:58:47.970] [DEBUG  ] Generating thumbnail for: Y:\Autocad\Template\~LAMACOIDS\Lams\E-LAM-282.pdf
    Source: ThumbnailGenerator.cs -> GenerateThumbnail() [Line 68]

[2026-01-19 14:58:47.970] [INFO   ] Creating placeholder thumbnail (PDF rendering disabled): C:\Users\dlebel\Downloads\LamCreator-main (1)\LamCreator-main\Lamacoid Creator\Lamacoid Creator\bin\Debug\Thumbnails\E-LAM-282.png
    Source: ThumbnailGenerator.cs -> GenerateThumbnail() [Line 72]

[2026-01-19 14:58:47.985] [DEBUG  ] OpenTemplate called for: Y:\Autocad\Template\~LAMACOIDS\Lams\E-LAM-283.dwg
    Source: DraftSightHelper.cs -> OpenTemplate() [Line 87]

[2026-01-19 14:58:48.534] [INFO   ] Performance: Opening document E-LAM-283.dwg completed in 540ms
    Source: DraftSightHelper.cs -> OpenTemplate() [Line 108]

[2026-01-19 14:58:48.534] [INFO   ] Successfully opened template: E-LAM-283.dwg
    Source: DraftSightHelper.cs -> OpenTemplate() [Line 109]

[2026-01-19 14:58:48.534] [DEBUG  ] Extracted properties from E-LAM-283: Contents='CN12-02', Colour='ORANGE WITH BLACK TEXT'
    Source: LamacoidIndex.cs -> ExtractPropertiesFromDwg() [Line 177]

[2026-01-19 14:58:48.534] [DEBUG  ] CloseDocument called for: E-LAM-283.dwg
    Source: DraftSightHelper.cs -> CloseDocument() [Line 198]

[2026-01-19 14:58:48.826] [INFO   ] Successfully closed document: E-LAM-283.dwg
    Source: DraftSightHelper.cs -> CloseDocument() [Line 205]

[2026-01-19 14:58:48.830] [DEBUG  ] Generating thumbnail for: Y:\Autocad\Template\~LAMACOIDS\Lams\E-LAM-283.pdf
    Source: ThumbnailGenerator.cs -> GenerateThumbnail() [Line 68]

[2026-01-19 14:58:48.830] [INFO   ] Creating placeholder thumbnail (PDF rendering disabled): C:\Users\dlebel\Downloads\LamCreator-main (1)\LamCreator-main\Lamacoid Creator\Lamacoid Creator\bin\Debug\Thumbnails\E-LAM-283.png
    Source: ThumbnailGenerator.cs -> GenerateThumbnail() [Line 72]

[2026-01-19 14:58:48.846] [DEBUG  ] OpenTemplate called for: Y:\Autocad\Template\~LAMACOIDS\Lams\E-LAM-284.dwg
    Source: DraftSightHelper.cs -> OpenTemplate() [Line 87]

[2026-01-19 14:58:49.392] [INFO   ] Performance: Opening document E-LAM-284.dwg completed in 545ms
    Source: DraftSightHelper.cs -> OpenTemplate() [Line 108]

[2026-01-19 14:58:49.392] [INFO   ] Successfully opened template: E-LAM-284.dwg
    Source: DraftSightHelper.cs -> OpenTemplate() [Line 109]

[2026-01-19 14:58:49.405] [DEBUG  ] Extracted properties from E-LAM-284: Contents='CN12-03', Colour='ORANGE WITH BLACK TEXT'
    Source: LamacoidIndex.cs -> ExtractPropertiesFromDwg() [Line 177]

[2026-01-19 14:58:49.405] [DEBUG  ] CloseDocument called for: E-LAM-284.dwg
    Source: DraftSightHelper.cs -> CloseDocument() [Line 198]

[2026-01-19 14:58:49.684] [INFO   ] Successfully closed document: E-LAM-284.dwg
    Source: DraftSightHelper.cs -> CloseDocument() [Line 205]

[2026-01-19 14:58:49.684] [DEBUG  ] Generating thumbnail for: Y:\Autocad\Template\~LAMACOIDS\Lams\E-LAM-284.pdf
    Source: ThumbnailGenerator.cs -> GenerateThumbnail() [Line 68]

[2026-01-19 14:58:49.684] [INFO   ] Creating placeholder thumbnail (PDF rendering disabled): C:\Users\dlebel\Downloads\LamCreator-main (1)\LamCreator-main\Lamacoid Creator\Lamacoid Creator\bin\Debug\Thumbnails\E-LAM-284.png
    Source: ThumbnailGenerator.cs -> GenerateThumbnail() [Line 72]

[2026-01-19 14:58:49.703] [DEBUG  ] OpenTemplate called for: Y:\Autocad\Template\~LAMACOIDS\Lams\E-LAM-285.dwg
    Source: DraftSightHelper.cs -> OpenTemplate() [Line 87]

[2026-01-19 14:58:50.208] [INFO   ] Performance: Opening document E-LAM-285.dwg completed in 506ms
    Source: DraftSightHelper.cs -> OpenTemplate() [Line 108]

[2026-01-19 14:58:50.208] [INFO   ] Successfully opened template: E-LAM-285.dwg
    Source: DraftSightHelper.cs -> OpenTemplate() [Line 109]

[2026-01-19 14:58:50.229] [DEBUG  ] Extracted properties from E-LAM-285: Contents='CN12-04', Colour='ORANGE WITH BLACK TEXT'
    Source: LamacoidIndex.cs -> ExtractPropertiesFromDwg() [Line 177]

[2026-01-19 14:58:50.229] [DEBUG  ] CloseDocument called for: E-LAM-285.dwg
    Source: DraftSightHelper.cs -> CloseDocument() [Line 198]

[2026-01-19 14:58:50.515] [INFO   ] Successfully closed document: E-LAM-285.dwg
    Source: DraftSightHelper.cs -> CloseDocument() [Line 205]

[2026-01-19 14:58:50.518] [DEBUG  ] Generating thumbnail for: Y:\Autocad\Template\~LAMACOIDS\Lams\E-LAM-285.pdf
    Source: ThumbnailGenerator.cs -> GenerateThumbnail() [Line 68]

[2026-01-19 14:58:50.519] [INFO   ] Creating placeholder thumbnail (PDF rendering disabled): C:\Users\dlebel\Downloads\LamCreator-main (1)\LamCreator-main\Lamacoid Creator\Lamacoid Creator\bin\Debug\Thumbnails\E-LAM-285.png
    Source: ThumbnailGenerator.cs -> GenerateThumbnail() [Line 72]

[2026-01-19 14:58:50.525] [DEBUG  ] OpenTemplate called for: Y:\Autocad\Template\~LAMACOIDS\Lams\E-LAM-286.dwg
    Source: DraftSightHelper.cs -> OpenTemplate() [Line 87]

[2026-01-19 14:58:51.068] [INFO   ] Performance: Opening document E-LAM-286.dwg completed in 542ms
    Source: DraftSightHelper.cs -> OpenTemplate() [Line 108]

[2026-01-19 14:58:51.068] [INFO   ] Successfully opened template: E-LAM-286.dwg
    Source: DraftSightHelper.cs -> OpenTemplate() [Line 109]

[2026-01-19 14:58:51.083] [DEBUG  ] Extracted properties from E-LAM-286: Contents='CN13-01', Colour='ORANGE WITH BLACK TEXT'
    Source: LamacoidIndex.cs -> ExtractPropertiesFromDwg() [Line 177]

[2026-01-19 14:58:51.083] [DEBUG  ] CloseDocument called for: E-LAM-286.dwg
    Source: DraftSightHelper.cs -> CloseDocument() [Line 198]

[2026-01-19 14:58:51.365] [INFO   ] Successfully closed document: E-LAM-286.dwg
    Source: DraftSightHelper.cs -> CloseDocument() [Line 205]

[2026-01-19 14:58:51.374] [DEBUG  ] Generating thumbnail for: Y:\Autocad\Template\~LAMACOIDS\Lams\E-LAM-286.pdf
    Source: ThumbnailGenerator.cs -> GenerateThumbnail() [Line 68]

[2026-01-19 14:58:51.374] [INFO   ] Creating placeholder thumbnail (PDF rendering disabled): C:\Users\dlebel\Downloads\LamCreator-main (1)\LamCreator-main\Lamacoid Creator\Lamacoid Creator\bin\Debug\Thumbnails\E-LAM-286.png
    Source: ThumbnailGenerator.cs -> GenerateThumbnail() [Line 72]

[2026-01-19 14:58:51.391] [DEBUG  ] OpenTemplate called for: Y:\Autocad\Template\~LAMACOIDS\Lams\E-LAM-287.dwg
    Source: DraftSightHelper.cs -> OpenTemplate() [Line 87]

[2026-01-19 14:58:51.901] [INFO   ] Performance: Opening document E-LAM-287.dwg completed in 511ms
    Source: DraftSightHelper.cs -> OpenTemplate() [Line 108]

[2026-01-19 14:58:51.901] [INFO   ] Successfully opened template: E-LAM-287.dwg
    Source: DraftSightHelper.cs -> OpenTemplate() [Line 109]

[2026-01-19 14:58:51.906] [DEBUG  ] Extracted properties from E-LAM-287: Contents='CN13-02', Colour='ORANGE WITH BLACK TEXT'
    Source: LamacoidIndex.cs -> ExtractPropertiesFromDwg() [Line 177]

[2026-01-19 14:58:51.906] [DEBUG  ] CloseDocument called for: E-LAM-287.dwg
    Source: DraftSightHelper.cs -> CloseDocument() [Line 198]

[2026-01-19 14:58:52.190] [INFO   ] Successfully closed document: E-LAM-287.dwg
    Source: DraftSightHelper.cs -> CloseDocument() [Line 205]

[2026-01-19 14:58:52.192] [DEBUG  ] Generating thumbnail for: Y:\Autocad\Template\~LAMACOIDS\Lams\E-LAM-287.pdf
    Source: ThumbnailGenerator.cs -> GenerateThumbnail() [Line 68]

[2026-01-19 14:58:52.192] [INFO   ] Creating placeholder thumbnail (PDF rendering disabled): C:\Users\dlebel\Downloads\LamCreator-main (1)\LamCreator-main\Lamacoid Creator\Lamacoid Creator\bin\Debug\Thumbnails\E-LAM-287.png
    Source: ThumbnailGenerator.cs -> GenerateThumbnail() [Line 72]

[2026-01-19 14:58:52.215] [DEBUG  ] OpenTemplate called for: Y:\Autocad\Template\~LAMACOIDS\Lams\E-LAM-288.dwg
    Source: DraftSightHelper.cs -> OpenTemplate() [Line 87]

[2026-01-19 14:58:52.721] [INFO   ] Performance: Opening document E-LAM-288.dwg completed in 511ms
    Source: DraftSightHelper.cs -> OpenTemplate() [Line 108]

[2026-01-19 14:58:52.721] [INFO   ] Successfully opened template: E-LAM-288.dwg
    Source: DraftSightHelper.cs -> OpenTemplate() [Line 109]

[2026-01-19 14:58:52.734] [DEBUG  ] Extracted properties from E-LAM-288: Contents='CN13-03', Colour='ORANGE WITH BLACK TEXT'
    Source: LamacoidIndex.cs -> ExtractPropertiesFromDwg() [Line 177]

[2026-01-19 14:58:52.734] [DEBUG  ] CloseDocument called for: E-LAM-288.dwg
    Source: DraftSightHelper.cs -> CloseDocument() [Line 198]

[2026-01-19 14:58:53.010] [INFO   ] Successfully closed document: E-LAM-288.dwg
    Source: DraftSightHelper.cs -> CloseDocument() [Line 205]

[2026-01-19 14:58:53.013] [DEBUG  ] Generating thumbnail for: Y:\Autocad\Template\~LAMACOIDS\Lams\E-LAM-288.pdf
    Source: ThumbnailGenerator.cs -> GenerateThumbnail() [Line 68]

[2026-01-19 14:58:53.014] [INFO   ] Creating placeholder thumbnail (PDF rendering disabled): C:\Users\dlebel\Downloads\LamCreator-main (1)\LamCreator-main\Lamacoid Creator\Lamacoid Creator\bin\Debug\Thumbnails\E-LAM-288.png
    Source: ThumbnailGenerator.cs -> GenerateThumbnail() [Line 72]

[2026-01-19 14:58:53.024] [DEBUG  ] OpenTemplate called for: Y:\Autocad\Template\~LAMACOIDS\Lams\E-LAM-289.dwg
    Source: DraftSightHelper.cs -> OpenTemplate() [Line 87]

[2026-01-19 14:58:53.610] [INFO   ] Performance: Opening document E-LAM-289.dwg completed in 578ms
    Source: DraftSightHelper.cs -> OpenTemplate() [Line 108]

[2026-01-19 14:58:53.610] [INFO   ] Successfully opened template: E-LAM-289.dwg
    Source: DraftSightHelper.cs -> OpenTemplate() [Line 109]

[2026-01-19 14:58:53.620] [DEBUG  ] Extracted properties from E-LAM-289: Contents='CN13-04', Colour='ORANGE WITH BLACK TEXT'
    Source: LamacoidIndex.cs -> ExtractPropertiesFromDwg() [Line 177]

[2026-01-19 14:58:53.620] [DEBUG  ] CloseDocument called for: E-LAM-289.dwg
    Source: DraftSightHelper.cs -> CloseDocument() [Line 198]

[2026-01-19 14:58:53.892] [INFO   ] Successfully closed document: E-LAM-289.dwg
    Source: DraftSightHelper.cs -> CloseDocument() [Line 205]

[2026-01-19 14:58:53.894] [DEBUG  ] Generating thumbnail for: Y:\Autocad\Template\~LAMACOIDS\Lams\E-LAM-289.pdf
    Source: ThumbnailGenerator.cs -> GenerateThumbnail() [Line 68]

[2026-01-19 14:58:53.894] [INFO   ] Creating placeholder thumbnail (PDF rendering disabled): C:\Users\dlebel\Downloads\LamCreator-main (1)\LamCreator-main\Lamacoid Creator\Lamacoid Creator\bin\Debug\Thumbnails\E-LAM-289.png
    Source: ThumbnailGenerator.cs -> GenerateThumbnail() [Line 72]

[2026-01-19 14:58:53.913] [DEBUG  ] OpenTemplate called for: Y:\Autocad\Template\~LAMACOIDS\Lams\E-LAM-290.dwg
    Source: DraftSightHelper.cs -> OpenTemplate() [Line 87]

[2026-01-19 14:58:54.460] [INFO   ] Performance: Opening document E-LAM-290.dwg completed in 546ms
    Source: DraftSightHelper.cs -> OpenTemplate() [Line 108]

[2026-01-19 14:58:54.460] [INFO   ] Successfully opened template: E-LAM-290.dwg
    Source: DraftSightHelper.cs -> OpenTemplate() [Line 109]

[2026-01-19 14:58:54.470] [DEBUG  ] Extracted properties from E-LAM-290: Contents='CN14-01', Colour='ORANGE WITH BLACK TEXT'
    Source: LamacoidIndex.cs -> ExtractPropertiesFromDwg() [Line 177]

[2026-01-19 14:58:54.470] [DEBUG  ] CloseDocument called for: E-LAM-290.dwg
    Source: DraftSightHelper.cs -> CloseDocument() [Line 198]

[2026-01-19 14:58:54.750] [INFO   ] Successfully closed document: E-LAM-290.dwg
    Source: DraftSightHelper.cs -> CloseDocument() [Line 205]

[2026-01-19 14:58:54.753] [DEBUG  ] Generating thumbnail for: Y:\Autocad\Template\~LAMACOIDS\Lams\E-LAM-290.pdf
    Source: ThumbnailGenerator.cs -> GenerateThumbnail() [Line 68]

[2026-01-19 14:58:54.753] [INFO   ] Creating placeholder thumbnail (PDF rendering disabled): C:\Users\dlebel\Downloads\LamCreator-main (1)\LamCreator-main\Lamacoid Creator\Lamacoid Creator\bin\Debug\Thumbnails\E-LAM-290.png
    Source: ThumbnailGenerator.cs -> GenerateThumbnail() [Line 72]

[2026-01-19 14:58:54.770] [DEBUG  ] OpenTemplate called for: Y:\Autocad\Template\~LAMACOIDS\Lams\E-LAM-291.dwg
    Source: DraftSightHelper.cs -> OpenTemplate() [Line 87]

[2026-01-19 14:58:55.319] [INFO   ] Performance: Opening document E-LAM-291.dwg completed in 549ms
    Source: DraftSightHelper.cs -> OpenTemplate() [Line 108]

[2026-01-19 14:58:55.320] [INFO   ] Successfully opened template: E-LAM-291.dwg
    Source: DraftSightHelper.cs -> OpenTemplate() [Line 109]

[2026-01-19 14:58:55.329] [DEBUG  ] Extracted properties from E-LAM-291: Contents='CN14-02', Colour='ORANGE WITH BLACK TEXT'
    Source: LamacoidIndex.cs -> ExtractPropertiesFromDwg() [Line 177]

[2026-01-19 14:58:55.329] [DEBUG  ] CloseDocument called for: E-LAM-291.dwg
    Source: DraftSightHelper.cs -> CloseDocument() [Line 198]

[2026-01-19 14:58:55.603] [INFO   ] Successfully closed document: E-LAM-291.dwg
    Source: DraftSightHelper.cs -> CloseDocument() [Line 205]

[2026-01-19 14:58:55.603] [DEBUG  ] Generating thumbnail for: Y:\Autocad\Template\~LAMACOIDS\Lams\E-LAM-291.pdf
    Source: ThumbnailGenerator.cs -> GenerateThumbnail() [Line 68]

[2026-01-19 14:58:55.603] [INFO   ] Creating placeholder thumbnail (PDF rendering disabled): C:\Users\dlebel\Downloads\LamCreator-main (1)\LamCreator-main\Lamacoid Creator\Lamacoid Creator\bin\Debug\Thumbnails\E-LAM-291.png
    Source: ThumbnailGenerator.cs -> GenerateThumbnail() [Line 72]

[2026-01-19 14:58:55.631] [DEBUG  ] OpenTemplate called for: Y:\Autocad\Template\~LAMACOIDS\Lams\E-LAM-292.dwg
    Source: DraftSightHelper.cs -> OpenTemplate() [Line 87]

[2026-01-19 14:58:56.138] [INFO   ] Performance: Opening document E-LAM-292.dwg completed in 510ms
    Source: DraftSightHelper.cs -> OpenTemplate() [Line 108]

[2026-01-19 14:58:56.138] [INFO   ] Successfully opened template: E-LAM-292.dwg
    Source: DraftSightHelper.cs -> OpenTemplate() [Line 109]

[2026-01-19 14:58:56.151] [DEBUG  ] Extracted properties from E-LAM-292: Contents='CN14-03', Colour='ORANGE WITH BLACK TEXT'
    Source: LamacoidIndex.cs -> ExtractPropertiesFromDwg() [Line 177]

[2026-01-19 14:58:56.151] [DEBUG  ] CloseDocument called for: E-LAM-292.dwg
    Source: DraftSightHelper.cs -> CloseDocument() [Line 198]

[2026-01-19 14:58:56.432] [INFO   ] Successfully closed document: E-LAM-292.dwg
    Source: DraftSightHelper.cs -> CloseDocument() [Line 205]

[2026-01-19 14:58:56.436] [DEBUG  ] Generating thumbnail for: Y:\Autocad\Template\~LAMACOIDS\Lams\E-LAM-292.pdf
    Source: ThumbnailGenerator.cs -> GenerateThumbnail() [Line 68]

[2026-01-19 14:58:56.436] [INFO   ] Creating placeholder thumbnail (PDF rendering disabled): C:\Users\dlebel\Downloads\LamCreator-main (1)\LamCreator-main\Lamacoid Creator\Lamacoid Creator\bin\Debug\Thumbnails\E-LAM-292.png
    Source: ThumbnailGenerator.cs -> GenerateThumbnail() [Line 72]

[2026-01-19 14:58:56.454] [DEBUG  ] OpenTemplate called for: Y:\Autocad\Template\~LAMACOIDS\Lams\E-LAM-293.dwg
    Source: DraftSightHelper.cs -> OpenTemplate() [Line 87]

[2026-01-19 14:58:57.015] [INFO   ] Performance: Opening document E-LAM-293.dwg completed in 561ms
    Source: DraftSightHelper.cs -> OpenTemplate() [Line 108]

[2026-01-19 14:58:57.015] [INFO   ] Successfully opened template: E-LAM-293.dwg
    Source: DraftSightHelper.cs -> OpenTemplate() [Line 109]

[2026-01-19 14:58:57.024] [DEBUG  ] Extracted properties from E-LAM-293: Contents='CN14-04', Colour='ORANGE WITH BLACK TEXT'
    Source: LamacoidIndex.cs -> ExtractPropertiesFromDwg() [Line 177]

[2026-01-19 14:58:57.024] [DEBUG  ] CloseDocument called for: E-LAM-293.dwg
    Source: DraftSightHelper.cs -> CloseDocument() [Line 198]

[2026-01-19 14:58:57.304] [INFO   ] Successfully closed document: E-LAM-293.dwg
    Source: DraftSightHelper.cs -> CloseDocument() [Line 205]

[2026-01-19 14:58:57.308] [DEBUG  ] Generating thumbnail for: Y:\Autocad\Template\~LAMACOIDS\Lams\E-LAM-293.pdf
    Source: ThumbnailGenerator.cs -> GenerateThumbnail() [Line 68]

[2026-01-19 14:58:57.308] [INFO   ] Creating placeholder thumbnail (PDF rendering disabled): C:\Users\dlebel\Downloads\LamCreator-main (1)\LamCreator-main\Lamacoid Creator\Lamacoid Creator\bin\Debug\Thumbnails\E-LAM-293.png
    Source: ThumbnailGenerator.cs -> GenerateThumbnail() [Line 72]

[2026-01-19 14:58:57.324] [DEBUG  ] OpenTemplate called for: Y:\Autocad\Template\~LAMACOIDS\Lams\E-LAM-294.dwg
    Source: DraftSightHelper.cs -> OpenTemplate() [Line 87]

[2026-01-19 14:58:57.868] [INFO   ] Performance: Opening document E-LAM-294.dwg completed in 550ms
    Source: DraftSightHelper.cs -> OpenTemplate() [Line 108]

[2026-01-19 14:58:57.868] [INFO   ] Successfully opened template: E-LAM-294.dwg
    Source: DraftSightHelper.cs -> OpenTemplate() [Line 109]

[2026-01-19 14:58:57.882] [DEBUG  ] Extracted properties from E-LAM-294: Contents='CN15-01', Colour='ORANGE WITH BLACK TEXT'
    Source: LamacoidIndex.cs -> ExtractPropertiesFromDwg() [Line 177]

[2026-01-19 14:58:57.882] [DEBUG  ] CloseDocument called for: E-LAM-294.dwg
    Source: DraftSightHelper.cs -> CloseDocument() [Line 198]

[2026-01-19 14:58:58.166] [INFO   ] Successfully closed document: E-LAM-294.dwg
    Source: DraftSightHelper.cs -> CloseDocument() [Line 205]

[2026-01-19 14:58:58.167] [DEBUG  ] Generating thumbnail for: Y:\Autocad\Template\~LAMACOIDS\Lams\E-LAM-294.pdf
    Source: ThumbnailGenerator.cs -> GenerateThumbnail() [Line 68]

[2026-01-19 14:58:58.167] [INFO   ] Creating placeholder thumbnail (PDF rendering disabled): C:\Users\dlebel\Downloads\LamCreator-main (1)\LamCreator-main\Lamacoid Creator\Lamacoid Creator\bin\Debug\Thumbnails\E-LAM-294.png
    Source: ThumbnailGenerator.cs -> GenerateThumbnail() [Line 72]

[2026-01-19 14:58:58.183] [DEBUG  ] OpenTemplate called for: Y:\Autocad\Template\~LAMACOIDS\Lams\E-LAM-295.dwg
    Source: DraftSightHelper.cs -> OpenTemplate() [Line 87]

[2026-01-19 14:58:58.696] [INFO   ] Performance: Opening document E-LAM-295.dwg completed in 508ms
    Source: DraftSightHelper.cs -> OpenTemplate() [Line 108]

[2026-01-19 14:58:58.696] [INFO   ] Successfully opened template: E-LAM-295.dwg
    Source: DraftSightHelper.cs -> OpenTemplate() [Line 109]

[2026-01-19 14:58:58.708] [DEBUG  ] Extracted properties from E-LAM-295: Contents='CN15-02', Colour='ORANGE WITH BLACK TEXT'
    Source: LamacoidIndex.cs -> ExtractPropertiesFromDwg() [Line 177]

[2026-01-19 14:58:58.709] [DEBUG  ] CloseDocument called for: E-LAM-295.dwg
    Source: DraftSightHelper.cs -> CloseDocument() [Line 198]

[2026-01-19 14:58:58.992] [INFO   ] Successfully closed document: E-LAM-295.dwg
    Source: DraftSightHelper.cs -> CloseDocument() [Line 205]

[2026-01-19 14:58:58.996] [DEBUG  ] Generating thumbnail for: Y:\Autocad\Template\~LAMACOIDS\Lams\E-LAM-295.pdf
    Source: ThumbnailGenerator.cs -> GenerateThumbnail() [Line 68]

[2026-01-19 14:58:58.996] [INFO   ] Creating placeholder thumbnail (PDF rendering disabled): C:\Users\dlebel\Downloads\LamCreator-main (1)\LamCreator-main\Lamacoid Creator\Lamacoid Creator\bin\Debug\Thumbnails\E-LAM-295.png
    Source: ThumbnailGenerator.cs -> GenerateThumbnail() [Line 72]

[2026-01-19 14:58:59.012] [DEBUG  ] OpenTemplate called for: Y:\Autocad\Template\~LAMACOIDS\Lams\E-LAM-296.dwg
    Source: DraftSightHelper.cs -> OpenTemplate() [Line 87]

[2026-01-19 14:58:59.656] [INFO   ] Performance: Opening document E-LAM-296.dwg completed in 643ms
    Source: DraftSightHelper.cs -> OpenTemplate() [Line 108]

[2026-01-19 14:58:59.656] [INFO   ] Successfully opened template: E-LAM-296.dwg
    Source: DraftSightHelper.cs -> OpenTemplate() [Line 109]

[2026-01-19 14:58:59.668] [DEBUG  ] Extracted properties from E-LAM-296: Contents='CN15-03', Colour='ORANGE WITH BLACK TEXT'
    Source: LamacoidIndex.cs -> ExtractPropertiesFromDwg() [Line 177]

[2026-01-19 14:58:59.668] [DEBUG  ] CloseDocument called for: E-LAM-296.dwg
    Source: DraftSightHelper.cs -> CloseDocument() [Line 198]

[2026-01-19 14:58:59.934] [INFO   ] Successfully closed document: E-LAM-296.dwg
    Source: DraftSightHelper.cs -> CloseDocument() [Line 205]

[2026-01-19 14:58:59.934] [DEBUG  ] Generating thumbnail for: Y:\Autocad\Template\~LAMACOIDS\Lams\E-LAM-296.pdf
    Source: ThumbnailGenerator.cs -> GenerateThumbnail() [Line 68]

[2026-01-19 14:58:59.934] [INFO   ] Creating placeholder thumbnail (PDF rendering disabled): C:\Users\dlebel\Downloads\LamCreator-main (1)\LamCreator-main\Lamacoid Creator\Lamacoid Creator\bin\Debug\Thumbnails\E-LAM-296.png
    Source: ThumbnailGenerator.cs -> GenerateThumbnail() [Line 72]

[2026-01-19 14:58:59.951] [DEBUG  ] OpenTemplate called for: Y:\Autocad\Template\~LAMACOIDS\Lams\E-LAM-297.dwg
    Source: DraftSightHelper.cs -> OpenTemplate() [Line 87]

[2026-01-19 14:59:00.467] [INFO   ] Performance: Opening document E-LAM-297.dwg completed in 508ms
    Source: DraftSightHelper.cs -> OpenTemplate() [Line 108]

[2026-01-19 14:59:00.467] [INFO   ] Successfully opened template: E-LAM-297.dwg
    Source: DraftSightHelper.cs -> OpenTemplate() [Line 109]

[2026-01-19 14:59:00.478] [DEBUG  ] Extracted properties from E-LAM-297: Contents='CN15-04', Colour='ORANGE WITH BLACK TEXT'
    Source: LamacoidIndex.cs -> ExtractPropertiesFromDwg() [Line 177]

[2026-01-19 14:59:00.478] [DEBUG  ] CloseDocument called for: E-LAM-297.dwg
    Source: DraftSightHelper.cs -> CloseDocument() [Line 198]

[2026-01-19 14:59:00.759] [INFO   ] Successfully closed document: E-LAM-297.dwg
    Source: DraftSightHelper.cs -> CloseDocument() [Line 205]

[2026-01-19 14:59:00.759] [DEBUG  ] Generating thumbnail for: Y:\Autocad\Template\~LAMACOIDS\Lams\E-LAM-297.pdf
    Source: ThumbnailGenerator.cs -> GenerateThumbnail() [Line 68]

[2026-01-19 14:59:00.759] [INFO   ] Creating placeholder thumbnail (PDF rendering disabled): C:\Users\dlebel\Downloads\LamCreator-main (1)\LamCreator-main\Lamacoid Creator\Lamacoid Creator\bin\Debug\Thumbnails\E-LAM-297.png
    Source: ThumbnailGenerator.cs -> GenerateThumbnail() [Line 72]

[2026-01-19 14:59:00.775] [DEBUG  ] OpenTemplate called for: Y:\Autocad\Template\~LAMACOIDS\Lams\E-LAM-298.dwg
    Source: DraftSightHelper.cs -> OpenTemplate() [Line 87]

[2026-01-19 14:59:01.288] [INFO   ] Performance: Opening document E-LAM-298.dwg completed in 505ms
    Source: DraftSightHelper.cs -> OpenTemplate() [Line 108]

[2026-01-19 14:59:01.288] [INFO   ] Successfully opened template: E-LAM-298.dwg
    Source: DraftSightHelper.cs -> OpenTemplate() [Line 109]

[2026-01-19 14:59:01.298] [DEBUG  ] Extracted properties from E-LAM-298: Contents='CN16-01', Colour='ORANGE WITH BLACK TEXT'
    Source: LamacoidIndex.cs -> ExtractPropertiesFromDwg() [Line 177]

[2026-01-19 14:59:01.298] [DEBUG  ] CloseDocument called for: E-LAM-298.dwg
    Source: DraftSightHelper.cs -> CloseDocument() [Line 198]

[2026-01-19 14:59:01.573] [INFO   ] Successfully closed document: E-LAM-298.dwg
    Source: DraftSightHelper.cs -> CloseDocument() [Line 205]

[2026-01-19 14:59:01.583] [DEBUG  ] Generating thumbnail for: Y:\Autocad\Template\~LAMACOIDS\Lams\E-LAM-298.pdf
    Source: ThumbnailGenerator.cs -> GenerateThumbnail() [Line 68]

[2026-01-19 14:59:01.583] [INFO   ] Creating placeholder thumbnail (PDF rendering disabled): C:\Users\dlebel\Downloads\LamCreator-main (1)\LamCreator-main\Lamacoid Creator\Lamacoid Creator\bin\Debug\Thumbnails\E-LAM-298.png
    Source: ThumbnailGenerator.cs -> GenerateThumbnail() [Line 72]

[2026-01-19 14:59:01.598] [DEBUG  ] OpenTemplate called for: Y:\Autocad\Template\~LAMACOIDS\Lams\E-LAM-299.dwg
    Source: DraftSightHelper.cs -> OpenTemplate() [Line 87]

[2026-01-19 14:59:02.105] [INFO   ] Performance: Opening document E-LAM-299.dwg completed in 505ms
    Source: DraftSightHelper.cs -> OpenTemplate() [Line 108]

[2026-01-19 14:59:02.106] [INFO   ] Successfully opened template: E-LAM-299.dwg
    Source: DraftSightHelper.cs -> OpenTemplate() [Line 109]

[2026-01-19 14:59:02.113] [DEBUG  ] Extracted properties from E-LAM-299: Contents='CN16-02', Colour='ORANGE WITH BLACK TEXT'
    Source: LamacoidIndex.cs -> ExtractPropertiesFromDwg() [Line 177]

[2026-01-19 14:59:02.113] [DEBUG  ] CloseDocument called for: E-LAM-299.dwg
    Source: DraftSightHelper.cs -> CloseDocument() [Line 198]

[2026-01-19 14:59:02.384] [INFO   ] Successfully closed document: E-LAM-299.dwg
    Source: DraftSightHelper.cs -> CloseDocument() [Line 205]

[2026-01-19 14:59:02.384] [DEBUG  ] Generating thumbnail for: Y:\Autocad\Template\~LAMACOIDS\Lams\E-LAM-299.pdf
    Source: ThumbnailGenerator.cs -> GenerateThumbnail() [Line 68]

[2026-01-19 14:59:02.384] [INFO   ] Creating placeholder thumbnail (PDF rendering disabled): C:\Users\dlebel\Downloads\LamCreator-main (1)\LamCreator-main\Lamacoid Creator\Lamacoid Creator\bin\Debug\Thumbnails\E-LAM-299.png
    Source: ThumbnailGenerator.cs -> GenerateThumbnail() [Line 72]

[2026-01-19 14:59:02.405] [DEBUG  ] OpenTemplate called for: Y:\Autocad\Template\~LAMACOIDS\Lams\E-LAM-300.dwg
    Source: DraftSightHelper.cs -> OpenTemplate() [Line 87]

[2026-01-19 14:59:02.952] [INFO   ] Performance: Opening document E-LAM-300.dwg completed in 543ms
    Source: DraftSightHelper.cs -> OpenTemplate() [Line 108]

[2026-01-19 14:59:02.952] [INFO   ] Successfully opened template: E-LAM-300.dwg
    Source: DraftSightHelper.cs -> OpenTemplate() [Line 109]

[2026-01-19 14:59:02.968] [DEBUG  ] Extracted properties from E-LAM-300: Contents='CN16-03', Colour='ORANGE WITH BLACK TEXT'
    Source: LamacoidIndex.cs -> ExtractPropertiesFromDwg() [Line 177]

[2026-01-19 14:59:02.969] [DEBUG  ] CloseDocument called for: E-LAM-300.dwg
    Source: DraftSightHelper.cs -> CloseDocument() [Line 198]

[2026-01-19 14:59:03.242] [INFO   ] Successfully closed document: E-LAM-300.dwg
    Source: DraftSightHelper.cs -> CloseDocument() [Line 205]

[2026-01-19 14:59:03.242] [DEBUG  ] Generating thumbnail for: Y:\Autocad\Template\~LAMACOIDS\Lams\E-LAM-300.pdf
    Source: ThumbnailGenerator.cs -> GenerateThumbnail() [Line 68]

[2026-01-19 14:59:03.242] [INFO   ] Creating placeholder thumbnail (PDF rendering disabled): C:\Users\dlebel\Downloads\LamCreator-main (1)\LamCreator-main\Lamacoid Creator\Lamacoid Creator\bin\Debug\Thumbnails\E-LAM-300.png
    Source: ThumbnailGenerator.cs -> GenerateThumbnail() [Line 72]

[2026-01-19 14:59:03.261] [DEBUG  ] OpenTemplate called for: Y:\Autocad\Template\~LAMACOIDS\Lams\E-LAM-301.dwg
    Source: DraftSightHelper.cs -> OpenTemplate() [Line 87]

[2026-01-19 14:59:03.782] [INFO   ] Performance: Opening document E-LAM-301.dwg completed in 521ms
    Source: DraftSightHelper.cs -> OpenTemplate() [Line 108]

[2026-01-19 14:59:03.782] [INFO   ] Successfully opened template: E-LAM-301.dwg
    Source: DraftSightHelper.cs -> OpenTemplate() [Line 109]

[2026-01-19 14:59:03.782] [DEBUG  ] Extracted properties from E-LAM-301: Contents='CN16-04', Colour='ORANGE WITH BLACK TEXT'
    Source: LamacoidIndex.cs -> ExtractPropertiesFromDwg() [Line 177]

[2026-01-19 14:59:03.782] [DEBUG  ] CloseDocument called for: E-LAM-301.dwg
    Source: DraftSightHelper.cs -> CloseDocument() [Line 198]

[2026-01-19 14:59:04.076] [INFO   ] Successfully closed document: E-LAM-301.dwg
    Source: DraftSightHelper.cs -> CloseDocument() [Line 205]

[2026-01-19 14:59:04.083] [DEBUG  ] Generating thumbnail for: Y:\Autocad\Template\~LAMACOIDS\Lams\E-LAM-301.pdf
    Source: ThumbnailGenerator.cs -> GenerateThumbnail() [Line 68]

[2026-01-19 14:59:04.083] [INFO   ] Creating placeholder thumbnail (PDF rendering disabled): C:\Users\dlebel\Downloads\LamCreator-main (1)\LamCreator-main\Lamacoid Creator\Lamacoid Creator\bin\Debug\Thumbnails\E-LAM-301.png
    Source: ThumbnailGenerator.cs -> GenerateThumbnail() [Line 72]

[2026-01-19 14:59:04.100] [DEBUG  ] OpenTemplate called for: Y:\Autocad\Template\~LAMACOIDS\Lams\E-LAM-302.dwg
    Source: DraftSightHelper.cs -> OpenTemplate() [Line 87]

[2026-01-19 14:59:04.653] [INFO   ] Performance: Opening document E-LAM-302.dwg completed in 552ms
    Source: DraftSightHelper.cs -> OpenTemplate() [Line 108]

[2026-01-19 14:59:04.653] [INFO   ] Successfully opened template: E-LAM-302.dwg
    Source: DraftSightHelper.cs -> OpenTemplate() [Line 109]

[2026-01-19 14:59:04.665] [DEBUG  ] Extracted properties from E-LAM-302: Contents='CN17-01', Colour='ORANGE WITH BLACK TEXT'
    Source: LamacoidIndex.cs -> ExtractPropertiesFromDwg() [Line 177]

[2026-01-19 14:59:04.665] [DEBUG  ] CloseDocument called for: E-LAM-302.dwg
    Source: DraftSightHelper.cs -> CloseDocument() [Line 198]

[2026-01-19 14:59:04.938] [INFO   ] Successfully closed document: E-LAM-302.dwg
    Source: DraftSightHelper.cs -> CloseDocument() [Line 205]

[2026-01-19 14:59:04.950] [DEBUG  ] Generating thumbnail for: Y:\Autocad\Template\~LAMACOIDS\Lams\E-LAM-302.pdf
    Source: ThumbnailGenerator.cs -> GenerateThumbnail() [Line 68]

[2026-01-19 14:59:04.950] [INFO   ] Creating placeholder thumbnail (PDF rendering disabled): C:\Users\dlebel\Downloads\LamCreator-main (1)\LamCreator-main\Lamacoid Creator\Lamacoid Creator\bin\Debug\Thumbnails\E-LAM-302.png
    Source: ThumbnailGenerator.cs -> GenerateThumbnail() [Line 72]

[2026-01-19 14:59:04.968] [DEBUG  ] OpenTemplate called for: Y:\Autocad\Template\~LAMACOIDS\Lams\E-LAM-303.dwg
    Source: DraftSightHelper.cs -> OpenTemplate() [Line 87]

[2026-01-19 14:59:05.481] [INFO   ] Performance: Opening document E-LAM-303.dwg completed in 514ms
    Source: DraftSightHelper.cs -> OpenTemplate() [Line 108]

[2026-01-19 14:59:05.481] [INFO   ] Successfully opened template: E-LAM-303.dwg
    Source: DraftSightHelper.cs -> OpenTemplate() [Line 109]

[2026-01-19 14:59:05.481] [DEBUG  ] Extracted properties from E-LAM-303: Contents='CN17-02', Colour='ORANGE WITH BLACK TEXT'
    Source: LamacoidIndex.cs -> ExtractPropertiesFromDwg() [Line 177]

[2026-01-19 14:59:05.481] [DEBUG  ] CloseDocument called for: E-LAM-303.dwg
    Source: DraftSightHelper.cs -> CloseDocument() [Line 198]

[2026-01-19 14:59:05.767] [INFO   ] Successfully closed document: E-LAM-303.dwg
    Source: DraftSightHelper.cs -> CloseDocument() [Line 205]

[2026-01-19 14:59:05.767] [DEBUG  ] Generating thumbnail for: Y:\Autocad\Template\~LAMACOIDS\Lams\E-LAM-303.pdf
    Source: ThumbnailGenerator.cs -> GenerateThumbnail() [Line 68]

[2026-01-19 14:59:05.767] [INFO   ] Creating placeholder thumbnail (PDF rendering disabled): C:\Users\dlebel\Downloads\LamCreator-main (1)\LamCreator-main\Lamacoid Creator\Lamacoid Creator\bin\Debug\Thumbnails\E-LAM-303.png
    Source: ThumbnailGenerator.cs -> GenerateThumbnail() [Line 72]

[2026-01-19 14:59:05.799] [DEBUG  ] OpenTemplate called for: Y:\Autocad\Template\~LAMACOIDS\Lams\E-LAM-304.dwg
    Source: DraftSightHelper.cs -> OpenTemplate() [Line 87]

[2026-01-19 14:59:06.348] [INFO   ] Performance: Opening document E-LAM-304.dwg completed in 540ms
    Source: DraftSightHelper.cs -> OpenTemplate() [Line 108]

[2026-01-19 14:59:06.348] [INFO   ] Successfully opened template: E-LAM-304.dwg
    Source: DraftSightHelper.cs -> OpenTemplate() [Line 109]

[2026-01-19 14:59:06.352] [DEBUG  ] Extracted properties from E-LAM-304: Contents='CN17-03', Colour='ORANGE WITH BLACK TEXT'
    Source: LamacoidIndex.cs -> ExtractPropertiesFromDwg() [Line 177]

[2026-01-19 14:59:06.352] [DEBUG  ] CloseDocument called for: E-LAM-304.dwg
    Source: DraftSightHelper.cs -> CloseDocument() [Line 198]

[2026-01-19 14:59:06.637] [INFO   ] Successfully closed document: E-LAM-304.dwg
    Source: DraftSightHelper.cs -> CloseDocument() [Line 205]

[2026-01-19 14:59:06.637] [DEBUG  ] Generating thumbnail for: Y:\Autocad\Template\~LAMACOIDS\Lams\E-LAM-304.pdf
    Source: ThumbnailGenerator.cs -> GenerateThumbnail() [Line 68]

[2026-01-19 14:59:06.637] [INFO   ] Creating placeholder thumbnail (PDF rendering disabled): C:\Users\dlebel\Downloads\LamCreator-main (1)\LamCreator-main\Lamacoid Creator\Lamacoid Creator\bin\Debug\Thumbnails\E-LAM-304.png
    Source: ThumbnailGenerator.cs -> GenerateThumbnail() [Line 72]

[2026-01-19 14:59:06.652] [DEBUG  ] OpenTemplate called for: Y:\Autocad\Template\~LAMACOIDS\Lams\E-LAM-305.dwg
    Source: DraftSightHelper.cs -> OpenTemplate() [Line 87]

[2026-01-19 14:59:07.173] [INFO   ] Performance: Opening document E-LAM-305.dwg completed in 515ms
    Source: DraftSightHelper.cs -> OpenTemplate() [Line 108]

[2026-01-19 14:59:07.174] [INFO   ] Successfully opened template: E-LAM-305.dwg
    Source: DraftSightHelper.cs -> OpenTemplate() [Line 109]

[2026-01-19 14:59:07.183] [DEBUG  ] Extracted properties from E-LAM-305: Contents='CN17-04', Colour='ORANGE WITH BLACK TEXT'
    Source: LamacoidIndex.cs -> ExtractPropertiesFromDwg() [Line 177]

[2026-01-19 14:59:07.183] [DEBUG  ] CloseDocument called for: E-LAM-305.dwg
    Source: DraftSightHelper.cs -> CloseDocument() [Line 198]

[2026-01-19 14:59:07.461] [INFO   ] Successfully closed document: E-LAM-305.dwg
    Source: DraftSightHelper.cs -> CloseDocument() [Line 205]

[2026-01-19 14:59:07.465] [DEBUG  ] Generating thumbnail for: Y:\Autocad\Template\~LAMACOIDS\Lams\E-LAM-305.pdf
    Source: ThumbnailGenerator.cs -> GenerateThumbnail() [Line 68]

[2026-01-19 14:59:07.465] [INFO   ] Creating placeholder thumbnail (PDF rendering disabled): C:\Users\dlebel\Downloads\LamCreator-main (1)\LamCreator-main\Lamacoid Creator\Lamacoid Creator\bin\Debug\Thumbnails\E-LAM-305.png
    Source: ThumbnailGenerator.cs -> GenerateThumbnail() [Line 72]

[2026-01-19 14:59:07.482] [DEBUG  ] OpenTemplate called for: Y:\Autocad\Template\~LAMACOIDS\Lams\E-LAM-306.dwg
    Source: DraftSightHelper.cs -> OpenTemplate() [Line 87]

[2026-01-19 14:59:08.060] [INFO   ] Performance: Opening document E-LAM-306.dwg completed in 577ms
    Source: DraftSightHelper.cs -> OpenTemplate() [Line 108]

[2026-01-19 14:59:08.060] [INFO   ] Successfully opened template: E-LAM-306.dwg
    Source: DraftSightHelper.cs -> OpenTemplate() [Line 109]

[2026-01-19 14:59:08.070] [DEBUG  ] Extracted properties from E-LAM-306: Contents='CN18-01', Colour='ORANGE WITH BLACK TEXT'
    Source: LamacoidIndex.cs -> ExtractPropertiesFromDwg() [Line 177]

[2026-01-19 14:59:08.071] [DEBUG  ] CloseDocument called for: E-LAM-306.dwg
    Source: DraftSightHelper.cs -> CloseDocument() [Line 198]

[2026-01-19 14:59:08.351] [INFO   ] Successfully closed document: E-LAM-306.dwg
    Source: DraftSightHelper.cs -> CloseDocument() [Line 205]

[2026-01-19 14:59:08.351] [DEBUG  ] Generating thumbnail for: Y:\Autocad\Template\~LAMACOIDS\Lams\E-LAM-306.pdf
    Source: ThumbnailGenerator.cs -> GenerateThumbnail() [Line 68]

[2026-01-19 14:59:08.351] [INFO   ] Creating placeholder thumbnail (PDF rendering disabled): C:\Users\dlebel\Downloads\LamCreator-main (1)\LamCreator-main\Lamacoid Creator\Lamacoid Creator\bin\Debug\Thumbnails\E-LAM-306.png
    Source: ThumbnailGenerator.cs -> GenerateThumbnail() [Line 72]

[2026-01-19 14:59:08.370] [DEBUG  ] OpenTemplate called for: Y:\Autocad\Template\~LAMACOIDS\Lams\E-LAM-307.dwg
    Source: DraftSightHelper.cs -> OpenTemplate() [Line 87]

[2026-01-19 14:59:08.898] [INFO   ] Performance: Opening document E-LAM-307.dwg completed in 527ms
    Source: DraftSightHelper.cs -> OpenTemplate() [Line 108]

[2026-01-19 14:59:08.898] [INFO   ] Successfully opened template: E-LAM-307.dwg
    Source: DraftSightHelper.cs -> OpenTemplate() [Line 109]

[2026-01-19 14:59:08.898] [DEBUG  ] Extracted properties from E-LAM-307: Contents='CN18-02', Colour='ORANGE WITH BLACK TEXT'
    Source: LamacoidIndex.cs -> ExtractPropertiesFromDwg() [Line 177]

[2026-01-19 14:59:08.898] [DEBUG  ] CloseDocument called for: E-LAM-307.dwg
    Source: DraftSightHelper.cs -> CloseDocument() [Line 198]

[2026-01-19 14:59:09.197] [INFO   ] Successfully closed document: E-LAM-307.dwg
    Source: DraftSightHelper.cs -> CloseDocument() [Line 205]

[2026-01-19 14:59:09.201] [DEBUG  ] Generating thumbnail for: Y:\Autocad\Template\~LAMACOIDS\Lams\E-LAM-307.pdf
    Source: ThumbnailGenerator.cs -> GenerateThumbnail() [Line 68]

[2026-01-19 14:59:09.201] [INFO   ] Creating placeholder thumbnail (PDF rendering disabled): C:\Users\dlebel\Downloads\LamCreator-main (1)\LamCreator-main\Lamacoid Creator\Lamacoid Creator\bin\Debug\Thumbnails\E-LAM-307.png
    Source: ThumbnailGenerator.cs -> GenerateThumbnail() [Line 72]

[2026-01-19 14:59:09.212] [DEBUG  ] OpenTemplate called for: Y:\Autocad\Template\~LAMACOIDS\Lams\E-LAM-308.dwg
    Source: DraftSightHelper.cs -> OpenTemplate() [Line 87]

[2026-01-19 14:59:09.740] [INFO   ] Performance: Opening document E-LAM-308.dwg completed in 521ms
    Source: DraftSightHelper.cs -> OpenTemplate() [Line 108]

[2026-01-19 14:59:09.741] [INFO   ] Successfully opened template: E-LAM-308.dwg
    Source: DraftSightHelper.cs -> OpenTemplate() [Line 109]

[2026-01-19 14:59:09.750] [DEBUG  ] Extracted properties from E-LAM-308: Contents='CN18-03', Colour='ORANGE WITH BLACK TEXT'
    Source: LamacoidIndex.cs -> ExtractPropertiesFromDwg() [Line 177]

[2026-01-19 14:59:09.750] [DEBUG  ] CloseDocument called for: E-LAM-308.dwg
    Source: DraftSightHelper.cs -> CloseDocument() [Line 198]

[2026-01-19 14:59:10.017] [INFO   ] Successfully closed document: E-LAM-308.dwg
    Source: DraftSightHelper.cs -> CloseDocument() [Line 205]

[2026-01-19 14:59:10.017] [DEBUG  ] Generating thumbnail for: Y:\Autocad\Template\~LAMACOIDS\Lams\E-LAM-308.pdf
    Source: ThumbnailGenerator.cs -> GenerateThumbnail() [Line 68]

[2026-01-19 14:59:10.017] [INFO   ] Creating placeholder thumbnail (PDF rendering disabled): C:\Users\dlebel\Downloads\LamCreator-main (1)\LamCreator-main\Lamacoid Creator\Lamacoid Creator\bin\Debug\Thumbnails\E-LAM-308.png
    Source: ThumbnailGenerator.cs -> GenerateThumbnail() [Line 72]

[2026-01-19 14:59:10.048] [DEBUG  ] OpenTemplate called for: Y:\Autocad\Template\~LAMACOIDS\Lams\E-LAM-309.dwg
    Source: DraftSightHelper.cs -> OpenTemplate() [Line 87]

[2026-01-19 14:59:10.624] [INFO   ] Performance: Opening document E-LAM-309.dwg completed in 575ms
    Source: DraftSightHelper.cs -> OpenTemplate() [Line 108]

[2026-01-19 14:59:10.624] [INFO   ] Successfully opened template: E-LAM-309.dwg
    Source: DraftSightHelper.cs -> OpenTemplate() [Line 109]

[2026-01-19 14:59:10.634] [DEBUG  ] Extracted properties from E-LAM-309: Contents='CN18-04', Colour='ORANGE WITH BLACK TEXT'
    Source: LamacoidIndex.cs -> ExtractPropertiesFromDwg() [Line 177]

[2026-01-19 14:59:10.634] [DEBUG  ] CloseDocument called for: E-LAM-309.dwg
    Source: DraftSightHelper.cs -> CloseDocument() [Line 198]

[2026-01-19 14:59:10.898] [INFO   ] Successfully closed document: E-LAM-309.dwg
    Source: DraftSightHelper.cs -> CloseDocument() [Line 205]

[2026-01-19 14:59:10.917] [DEBUG  ] Generating thumbnail for: Y:\Autocad\Template\~LAMACOIDS\Lams\E-LAM-309.pdf
    Source: ThumbnailGenerator.cs -> GenerateThumbnail() [Line 68]

[2026-01-19 14:59:10.917] [INFO   ] Creating placeholder thumbnail (PDF rendering disabled): C:\Users\dlebel\Downloads\LamCreator-main (1)\LamCreator-main\Lamacoid Creator\Lamacoid Creator\bin\Debug\Thumbnails\E-LAM-309.png
    Source: ThumbnailGenerator.cs -> GenerateThumbnail() [Line 72]

[2026-01-19 14:59:10.935] [DEBUG  ] OpenTemplate called for: Y:\Autocad\Template\~LAMACOIDS\Lams\E-LAM-310.dwg
    Source: DraftSightHelper.cs -> OpenTemplate() [Line 87]

[2026-01-19 14:59:11.493] [INFO   ] Performance: Opening document E-LAM-310.dwg completed in 557ms
    Source: DraftSightHelper.cs -> OpenTemplate() [Line 108]

[2026-01-19 14:59:11.493] [INFO   ] Successfully opened template: E-LAM-310.dwg
    Source: DraftSightHelper.cs -> OpenTemplate() [Line 109]

[2026-01-19 14:59:11.507] [DEBUG  ] Extracted properties from E-LAM-310: Contents='CN19-01', Colour='ORANGE WITH BLACK TEXT'
    Source: LamacoidIndex.cs -> ExtractPropertiesFromDwg() [Line 177]

[2026-01-19 14:59:11.507] [DEBUG  ] CloseDocument called for: E-LAM-310.dwg
    Source: DraftSightHelper.cs -> CloseDocument() [Line 198]

[2026-01-19 14:59:11.790] [INFO   ] Successfully closed document: E-LAM-310.dwg
    Source: DraftSightHelper.cs -> CloseDocument() [Line 205]

[2026-01-19 14:59:11.796] [DEBUG  ] Generating thumbnail for: Y:\Autocad\Template\~LAMACOIDS\Lams\E-LAM-310.pdf
    Source: ThumbnailGenerator.cs -> GenerateThumbnail() [Line 68]

[2026-01-19 14:59:11.796] [INFO   ] Creating placeholder thumbnail (PDF rendering disabled): C:\Users\dlebel\Downloads\LamCreator-main (1)\LamCreator-main\Lamacoid Creator\Lamacoid Creator\bin\Debug\Thumbnails\E-LAM-310.png
    Source: ThumbnailGenerator.cs -> GenerateThumbnail() [Line 72]

[2026-01-19 14:59:11.813] [DEBUG  ] OpenTemplate called for: Y:\Autocad\Template\~LAMACOIDS\Lams\E-LAM-311.dwg
    Source: DraftSightHelper.cs -> OpenTemplate() [Line 87]

[2026-01-19 14:59:12.326] [INFO   ] Performance: Opening document E-LAM-311.dwg completed in 511ms
    Source: DraftSightHelper.cs -> OpenTemplate() [Line 108]

[2026-01-19 14:59:12.326] [INFO   ] Successfully opened template: E-LAM-311.dwg
    Source: DraftSightHelper.cs -> OpenTemplate() [Line 109]

[2026-01-19 14:59:12.335] [DEBUG  ] Extracted properties from E-LAM-311: Contents='CN19-02', Colour='ORANGE WITH BLACK TEXT'
    Source: LamacoidIndex.cs -> ExtractPropertiesFromDwg() [Line 177]

[2026-01-19 14:59:12.335] [DEBUG  ] CloseDocument called for: E-LAM-311.dwg
    Source: DraftSightHelper.cs -> CloseDocument() [Line 198]

[2026-01-19 14:59:12.622] [INFO   ] Successfully closed document: E-LAM-311.dwg
    Source: DraftSightHelper.cs -> CloseDocument() [Line 205]

[2026-01-19 14:59:12.626] [DEBUG  ] Generating thumbnail for: Y:\Autocad\Template\~LAMACOIDS\Lams\E-LAM-311.pdf
    Source: ThumbnailGenerator.cs -> GenerateThumbnail() [Line 68]

[2026-01-19 14:59:12.626] [INFO   ] Creating placeholder thumbnail (PDF rendering disabled): C:\Users\dlebel\Downloads\LamCreator-main (1)\LamCreator-main\Lamacoid Creator\Lamacoid Creator\bin\Debug\Thumbnails\E-LAM-311.png
    Source: ThumbnailGenerator.cs -> GenerateThumbnail() [Line 72]

[2026-01-19 14:59:12.644] [DEBUG  ] OpenTemplate called for: Y:\Autocad\Template\~LAMACOIDS\Lams\E-LAM-312.dwg
    Source: DraftSightHelper.cs -> OpenTemplate() [Line 87]

[2026-01-19 14:59:13.165] [INFO   ] Performance: Opening document E-LAM-312.dwg completed in 521ms
    Source: DraftSightHelper.cs -> OpenTemplate() [Line 108]

[2026-01-19 14:59:13.165] [INFO   ] Successfully opened template: E-LAM-312.dwg
    Source: DraftSightHelper.cs -> OpenTemplate() [Line 109]

[2026-01-19 14:59:13.174] [DEBUG  ] Extracted properties from E-LAM-312: Contents='CN19-03', Colour='ORANGE WITH BLACK TEXT'
    Source: LamacoidIndex.cs -> ExtractPropertiesFromDwg() [Line 177]

[2026-01-19 14:59:13.174] [DEBUG  ] CloseDocument called for: E-LAM-312.dwg
    Source: DraftSightHelper.cs -> CloseDocument() [Line 198]

[2026-01-19 14:59:13.446] [INFO   ] Successfully closed document: E-LAM-312.dwg
    Source: DraftSightHelper.cs -> CloseDocument() [Line 205]

[2026-01-19 14:59:13.446] [DEBUG  ] Generating thumbnail for: Y:\Autocad\Template\~LAMACOIDS\Lams\E-LAM-312.pdf
    Source: ThumbnailGenerator.cs -> GenerateThumbnail() [Line 68]

[2026-01-19 14:59:13.446] [INFO   ] Creating placeholder thumbnail (PDF rendering disabled): C:\Users\dlebel\Downloads\LamCreator-main (1)\LamCreator-main\Lamacoid Creator\Lamacoid Creator\bin\Debug\Thumbnails\E-LAM-312.png
    Source: ThumbnailGenerator.cs -> GenerateThumbnail() [Line 72]

[2026-01-19 14:59:13.478] [DEBUG  ] OpenTemplate called for: Y:\Autocad\Template\~LAMACOIDS\Lams\E-LAM-313.dwg
    Source: DraftSightHelper.cs -> OpenTemplate() [Line 87]

[2026-01-19 14:59:14.037] [INFO   ] Performance: Opening document E-LAM-313.dwg completed in 562ms
    Source: DraftSightHelper.cs -> OpenTemplate() [Line 108]

[2026-01-19 14:59:14.037] [INFO   ] Successfully opened template: E-LAM-313.dwg
    Source: DraftSightHelper.cs -> OpenTemplate() [Line 109]

[2026-01-19 14:59:14.050] [DEBUG  ] Extracted properties from E-LAM-313: Contents='CN19-04', Colour='ORANGE WITH BLACK TEXT'
    Source: LamacoidIndex.cs -> ExtractPropertiesFromDwg() [Line 177]

[2026-01-19 14:59:14.050] [DEBUG  ] CloseDocument called for: E-LAM-313.dwg
    Source: DraftSightHelper.cs -> CloseDocument() [Line 198]

[2026-01-19 14:59:14.333] [INFO   ] Successfully closed document: E-LAM-313.dwg
    Source: DraftSightHelper.cs -> CloseDocument() [Line 205]

[2026-01-19 14:59:14.337] [DEBUG  ] Generating thumbnail for: Y:\Autocad\Template\~LAMACOIDS\Lams\E-LAM-313.pdf
    Source: ThumbnailGenerator.cs -> GenerateThumbnail() [Line 68]

[2026-01-19 14:59:14.337] [INFO   ] Creating placeholder thumbnail (PDF rendering disabled): C:\Users\dlebel\Downloads\LamCreator-main (1)\LamCreator-main\Lamacoid Creator\Lamacoid Creator\bin\Debug\Thumbnails\E-LAM-313.png
    Source: ThumbnailGenerator.cs -> GenerateThumbnail() [Line 72]

[2026-01-19 14:59:14.355] [DEBUG  ] OpenTemplate called for: Y:\Autocad\Template\~LAMACOIDS\Lams\E-LAM-314.dwg
    Source: DraftSightHelper.cs -> OpenTemplate() [Line 87]

[2026-01-19 14:59:14.867] [INFO   ] Performance: Opening document E-LAM-314.dwg completed in 516ms
    Source: DraftSightHelper.cs -> OpenTemplate() [Line 108]

[2026-01-19 14:59:14.867] [INFO   ] Successfully opened template: E-LAM-314.dwg
    Source: DraftSightHelper.cs -> OpenTemplate() [Line 109]

[2026-01-19 14:59:14.884] [DEBUG  ] Extracted properties from E-LAM-314: Contents='CN20-01', Colour='ORANGE WITH BLACK TEXT'
    Source: LamacoidIndex.cs -> ExtractPropertiesFromDwg() [Line 177]

[2026-01-19 14:59:14.884] [DEBUG  ] CloseDocument called for: E-LAM-314.dwg
    Source: DraftSightHelper.cs -> CloseDocument() [Line 198]

[2026-01-19 14:59:15.165] [INFO   ] Successfully closed document: E-LAM-314.dwg
    Source: DraftSightHelper.cs -> CloseDocument() [Line 205]

[2026-01-19 14:59:15.165] [DEBUG  ] Generating thumbnail for: Y:\Autocad\Template\~LAMACOIDS\Lams\E-LAM-314.pdf
    Source: ThumbnailGenerator.cs -> GenerateThumbnail() [Line 68]

[2026-01-19 14:59:15.165] [INFO   ] Creating placeholder thumbnail (PDF rendering disabled): C:\Users\dlebel\Downloads\LamCreator-main (1)\LamCreator-main\Lamacoid Creator\Lamacoid Creator\bin\Debug\Thumbnails\E-LAM-314.png
    Source: ThumbnailGenerator.cs -> GenerateThumbnail() [Line 72]

[2026-01-19 14:59:15.187] [DEBUG  ] OpenTemplate called for: Y:\Autocad\Template\~LAMACOIDS\Lams\E-LAM-315.dwg
    Source: DraftSightHelper.cs -> OpenTemplate() [Line 87]

[2026-01-19 14:59:15.737] [INFO   ] Performance: Opening document E-LAM-315.dwg completed in 560ms
    Source: DraftSightHelper.cs -> OpenTemplate() [Line 108]

[2026-01-19 14:59:15.737] [INFO   ] Successfully opened template: E-LAM-315.dwg
    Source: DraftSightHelper.cs -> OpenTemplate() [Line 109]

[2026-01-19 14:59:15.750] [DEBUG  ] Extracted properties from E-LAM-315: Contents='CN20-02', Colour='ORANGE WITH BLACK TEXT'
    Source: LamacoidIndex.cs -> ExtractPropertiesFromDwg() [Line 177]

[2026-01-19 14:59:15.750] [DEBUG  ] CloseDocument called for: E-LAM-315.dwg
    Source: DraftSightHelper.cs -> CloseDocument() [Line 198]

[2026-01-19 14:59:16.040] [INFO   ] Successfully closed document: E-LAM-315.dwg
    Source: DraftSightHelper.cs -> CloseDocument() [Line 205]

[2026-01-19 14:59:16.050] [DEBUG  ] Generating thumbnail for: Y:\Autocad\Template\~LAMACOIDS\Lams\E-LAM-315.pdf
    Source: ThumbnailGenerator.cs -> GenerateThumbnail() [Line 68]

[2026-01-19 14:59:16.050] [INFO   ] Creating placeholder thumbnail (PDF rendering disabled): C:\Users\dlebel\Downloads\LamCreator-main (1)\LamCreator-main\Lamacoid Creator\Lamacoid Creator\bin\Debug\Thumbnails\E-LAM-315.png
    Source: ThumbnailGenerator.cs -> GenerateThumbnail() [Line 72]

[2026-01-19 14:59:16.067] [DEBUG  ] OpenTemplate called for: Y:\Autocad\Template\~LAMACOIDS\Lams\E-LAM-316.dwg
    Source: DraftSightHelper.cs -> OpenTemplate() [Line 87]

[2026-01-19 14:59:16.586] [INFO   ] Performance: Opening document E-LAM-316.dwg completed in 518ms
    Source: DraftSightHelper.cs -> OpenTemplate() [Line 108]

[2026-01-19 14:59:16.586] [INFO   ] Successfully opened template: E-LAM-316.dwg
    Source: DraftSightHelper.cs -> OpenTemplate() [Line 109]

[2026-01-19 14:59:16.589] [DEBUG  ] Extracted properties from E-LAM-316: Contents='CN20-03', Colour='ORANGE WITH BLACK TEXT'
    Source: LamacoidIndex.cs -> ExtractPropertiesFromDwg() [Line 177]

[2026-01-19 14:59:16.589] [DEBUG  ] CloseDocument called for: E-LAM-316.dwg
    Source: DraftSightHelper.cs -> CloseDocument() [Line 198]

[2026-01-19 14:59:16.872] [INFO   ] Successfully closed document: E-LAM-316.dwg
    Source: DraftSightHelper.cs -> CloseDocument() [Line 205]

[2026-01-19 14:59:16.884] [DEBUG  ] Generating thumbnail for: Y:\Autocad\Template\~LAMACOIDS\Lams\E-LAM-316.pdf
    Source: ThumbnailGenerator.cs -> GenerateThumbnail() [Line 68]

[2026-01-19 14:59:16.884] [INFO   ] Creating placeholder thumbnail (PDF rendering disabled): C:\Users\dlebel\Downloads\LamCreator-main (1)\LamCreator-main\Lamacoid Creator\Lamacoid Creator\bin\Debug\Thumbnails\E-LAM-316.png
    Source: ThumbnailGenerator.cs -> GenerateThumbnail() [Line 72]

[2026-01-19 14:59:16.904] [DEBUG  ] OpenTemplate called for: Y:\Autocad\Template\~LAMACOIDS\Lams\E-LAM-317.dwg
    Source: DraftSightHelper.cs -> OpenTemplate() [Line 87]

[2026-01-19 14:59:17.417] [INFO   ] Performance: Opening document E-LAM-317.dwg completed in 512ms
    Source: DraftSightHelper.cs -> OpenTemplate() [Line 108]

[2026-01-19 14:59:17.417] [INFO   ] Successfully opened template: E-LAM-317.dwg
    Source: DraftSightHelper.cs -> OpenTemplate() [Line 109]

[2026-01-19 14:59:17.426] [DEBUG  ] Extracted properties from E-LAM-317: Contents='CN20-04', Colour='ORANGE WITH BLACK TEXT'
    Source: LamacoidIndex.cs -> ExtractPropertiesFromDwg() [Line 177]

[2026-01-19 14:59:17.426] [DEBUG  ] CloseDocument called for: E-LAM-317.dwg
    Source: DraftSightHelper.cs -> CloseDocument() [Line 198]

[2026-01-19 14:59:17.698] [INFO   ] Successfully closed document: E-LAM-317.dwg
    Source: DraftSightHelper.cs -> CloseDocument() [Line 205]

[2026-01-19 14:59:17.715] [DEBUG  ] Generating thumbnail for: Y:\Autocad\Template\~LAMACOIDS\Lams\E-LAM-317.pdf
    Source: ThumbnailGenerator.cs -> GenerateThumbnail() [Line 68]

[2026-01-19 14:59:17.715] [INFO   ] Creating placeholder thumbnail (PDF rendering disabled): C:\Users\dlebel\Downloads\LamCreator-main (1)\LamCreator-main\Lamacoid Creator\Lamacoid Creator\bin\Debug\Thumbnails\E-LAM-317.png
    Source: ThumbnailGenerator.cs -> GenerateThumbnail() [Line 72]

[2026-01-19 14:59:17.731] [DEBUG  ] OpenTemplate called for: Y:\Autocad\Template\~LAMACOIDS\Lams\E-LAM-318.dwg
    Source: DraftSightHelper.cs -> OpenTemplate() [Line 87]

[2026-01-19 14:59:18.249] [INFO   ] Performance: Opening document E-LAM-318.dwg completed in 520ms
    Source: DraftSightHelper.cs -> OpenTemplate() [Line 108]

[2026-01-19 14:59:18.249] [INFO   ] Successfully opened template: E-LAM-318.dwg
    Source: DraftSightHelper.cs -> OpenTemplate() [Line 109]

[2026-01-19 14:59:18.249] [DEBUG  ] Extracted properties from E-LAM-318: Contents='CN21-01', Colour='ORANGE WITH BLACK TEXT'
    Source: LamacoidIndex.cs -> ExtractPropertiesFromDwg() [Line 177]

[2026-01-19 14:59:18.249] [DEBUG  ] CloseDocument called for: E-LAM-318.dwg
    Source: DraftSightHelper.cs -> CloseDocument() [Line 198]

[2026-01-19 14:59:18.540] [INFO   ] Successfully closed document: E-LAM-318.dwg
    Source: DraftSightHelper.cs -> CloseDocument() [Line 205]

[2026-01-19 14:59:18.540] [DEBUG  ] Generating thumbnail for: Y:\Autocad\Template\~LAMACOIDS\Lams\E-LAM-318.pdf
    Source: ThumbnailGenerator.cs -> GenerateThumbnail() [Line 68]

[2026-01-19 14:59:18.540] [INFO   ] Creating placeholder thumbnail (PDF rendering disabled): C:\Users\dlebel\Downloads\LamCreator-main (1)\LamCreator-main\Lamacoid Creator\Lamacoid Creator\bin\Debug\Thumbnails\E-LAM-318.png
    Source: ThumbnailGenerator.cs -> GenerateThumbnail() [Line 72]

[2026-01-19 14:59:18.565] [DEBUG  ] OpenTemplate called for: Y:\Autocad\Template\~LAMACOIDS\Lams\E-LAM-319.dwg
    Source: DraftSightHelper.cs -> OpenTemplate() [Line 87]

[2026-01-19 14:59:19.127] [INFO   ] Performance: Opening document E-LAM-319.dwg completed in 560ms
    Source: DraftSightHelper.cs -> OpenTemplate() [Line 108]

[2026-01-19 14:59:19.127] [INFO   ] Successfully opened template: E-LAM-319.dwg
    Source: DraftSightHelper.cs -> OpenTemplate() [Line 109]

[2026-01-19 14:59:19.137] [DEBUG  ] Extracted properties from E-LAM-319: Contents='CN21-02', Colour='ORANGE WITH BLACK TEXT'
    Source: LamacoidIndex.cs -> ExtractPropertiesFromDwg() [Line 177]

[2026-01-19 14:59:19.137] [DEBUG  ] CloseDocument called for: E-LAM-319.dwg
    Source: DraftSightHelper.cs -> CloseDocument() [Line 198]

[2026-01-19 14:59:19.400] [INFO   ] Successfully closed document: E-LAM-319.dwg
    Source: DraftSightHelper.cs -> CloseDocument() [Line 205]

[2026-01-19 14:59:19.400] [DEBUG  ] Generating thumbnail for: Y:\Autocad\Template\~LAMACOIDS\Lams\E-LAM-319.pdf
    Source: ThumbnailGenerator.cs -> GenerateThumbnail() [Line 68]

[2026-01-19 14:59:19.400] [INFO   ] Creating placeholder thumbnail (PDF rendering disabled): C:\Users\dlebel\Downloads\LamCreator-main (1)\LamCreator-main\Lamacoid Creator\Lamacoid Creator\bin\Debug\Thumbnails\E-LAM-319.png
    Source: ThumbnailGenerator.cs -> GenerateThumbnail() [Line 72]

[2026-01-19 14:59:19.431] [DEBUG  ] OpenTemplate called for: Y:\Autocad\Template\~LAMACOIDS\Lams\E-LAM-320.dwg
    Source: DraftSightHelper.cs -> OpenTemplate() [Line 87]

[2026-01-19 14:59:19.962] [INFO   ] Performance: Opening document E-LAM-320.dwg completed in 532ms
    Source: DraftSightHelper.cs -> OpenTemplate() [Line 108]

[2026-01-19 14:59:19.962] [INFO   ] Successfully opened template: E-LAM-320.dwg
    Source: DraftSightHelper.cs -> OpenTemplate() [Line 109]

[2026-01-19 14:59:19.978] [DEBUG  ] Extracted properties from E-LAM-320: Contents='CN21-03', Colour='ORANGE WITH BLACK TEXT'
    Source: LamacoidIndex.cs -> ExtractPropertiesFromDwg() [Line 177]

[2026-01-19 14:59:19.978] [DEBUG  ] CloseDocument called for: E-LAM-320.dwg
    Source: DraftSightHelper.cs -> CloseDocument() [Line 198]

[2026-01-19 14:59:20.256] [INFO   ] Successfully closed document: E-LAM-320.dwg
    Source: DraftSightHelper.cs -> CloseDocument() [Line 205]

[2026-01-19 14:59:20.260] [DEBUG  ] Generating thumbnail for: Y:\Autocad\Template\~LAMACOIDS\Lams\E-LAM-320.pdf
    Source: ThumbnailGenerator.cs -> GenerateThumbnail() [Line 68]

[2026-01-19 14:59:20.260] [INFO   ] Creating placeholder thumbnail (PDF rendering disabled): C:\Users\dlebel\Downloads\LamCreator-main (1)\LamCreator-main\Lamacoid Creator\Lamacoid Creator\bin\Debug\Thumbnails\E-LAM-320.png
    Source: ThumbnailGenerator.cs -> GenerateThumbnail() [Line 72]

[2026-01-19 14:59:20.274] [DEBUG  ] OpenTemplate called for: Y:\Autocad\Template\~LAMACOIDS\Lams\E-LAM-321.dwg
    Source: DraftSightHelper.cs -> OpenTemplate() [Line 87]

[2026-01-19 14:59:20.792] [INFO   ] Performance: Opening document E-LAM-321.dwg completed in 513ms
    Source: DraftSightHelper.cs -> OpenTemplate() [Line 108]

[2026-01-19 14:59:20.792] [INFO   ] Successfully opened template: E-LAM-321.dwg
    Source: DraftSightHelper.cs -> OpenTemplate() [Line 109]

[2026-01-19 14:59:20.800] [DEBUG  ] Extracted properties from E-LAM-321: Contents='CN21-04', Colour='ORANGE WITH BLACK TEXT'
    Source: LamacoidIndex.cs -> ExtractPropertiesFromDwg() [Line 177]

[2026-01-19 14:59:20.801] [DEBUG  ] CloseDocument called for: E-LAM-321.dwg
    Source: DraftSightHelper.cs -> CloseDocument() [Line 198]

[2026-01-19 14:59:21.077] [INFO   ] Successfully closed document: E-LAM-321.dwg
    Source: DraftSightHelper.cs -> CloseDocument() [Line 205]

[2026-01-19 14:59:21.080] [DEBUG  ] Generating thumbnail for: Y:\Autocad\Template\~LAMACOIDS\Lams\E-LAM-321.pdf
    Source: ThumbnailGenerator.cs -> GenerateThumbnail() [Line 68]

[2026-01-19 14:59:21.081] [INFO   ] Creating placeholder thumbnail (PDF rendering disabled): C:\Users\dlebel\Downloads\LamCreator-main (1)\LamCreator-main\Lamacoid Creator\Lamacoid Creator\bin\Debug\Thumbnails\E-LAM-321.png
    Source: ThumbnailGenerator.cs -> GenerateThumbnail() [Line 72]

[2026-01-19 14:59:21.099] [DEBUG  ] OpenTemplate called for: Y:\Autocad\Template\~LAMACOIDS\Lams\E-LAM-322.dwg
    Source: DraftSightHelper.cs -> OpenTemplate() [Line 87]

[2026-01-19 14:59:21.600] [INFO   ] Performance: Opening document E-LAM-322.dwg completed in 512ms
    Source: DraftSightHelper.cs -> OpenTemplate() [Line 108]

[2026-01-19 14:59:21.600] [INFO   ] Successfully opened template: E-LAM-322.dwg
    Source: DraftSightHelper.cs -> OpenTemplate() [Line 109]

[2026-01-19 14:59:21.616] [DEBUG  ] Extracted properties from E-LAM-322: Contents='CN22-01', Colour='ORANGE WITH BLACK TEXT'
    Source: LamacoidIndex.cs -> ExtractPropertiesFromDwg() [Line 177]

[2026-01-19 14:59:21.616] [DEBUG  ] CloseDocument called for: E-LAM-322.dwg
    Source: DraftSightHelper.cs -> CloseDocument() [Line 198]

[2026-01-19 14:59:21.895] [INFO   ] Successfully closed document: E-LAM-322.dwg
    Source: DraftSightHelper.cs -> CloseDocument() [Line 205]

[2026-01-19 14:59:21.901] [DEBUG  ] Generating thumbnail for: Y:\Autocad\Template\~LAMACOIDS\Lams\E-LAM-322.pdf
    Source: ThumbnailGenerator.cs -> GenerateThumbnail() [Line 68]

[2026-01-19 14:59:21.901] [INFO   ] Creating placeholder thumbnail (PDF rendering disabled): C:\Users\dlebel\Downloads\LamCreator-main (1)\LamCreator-main\Lamacoid Creator\Lamacoid Creator\bin\Debug\Thumbnails\E-LAM-322.png
    Source: ThumbnailGenerator.cs -> GenerateThumbnail() [Line 72]

[2026-01-19 14:59:21.916] [DEBUG  ] OpenTemplate called for: Y:\Autocad\Template\~LAMACOIDS\Lams\E-LAM-323.dwg
    Source: DraftSightHelper.cs -> OpenTemplate() [Line 87]

[2026-01-19 14:59:22.453] [INFO   ] Performance: Opening document E-LAM-323.dwg completed in 533ms
    Source: DraftSightHelper.cs -> OpenTemplate() [Line 108]

[2026-01-19 14:59:22.453] [INFO   ] Successfully opened template: E-LAM-323.dwg
    Source: DraftSightHelper.cs -> OpenTemplate() [Line 109]

[2026-01-19 14:59:22.461] [DEBUG  ] Extracted properties from E-LAM-323: Contents='CN22-02', Colour='ORANGE WITH BLACK TEXT'
    Source: LamacoidIndex.cs -> ExtractPropertiesFromDwg() [Line 177]

[2026-01-19 14:59:22.461] [DEBUG  ] CloseDocument called for: E-LAM-323.dwg
    Source: DraftSightHelper.cs -> CloseDocument() [Line 198]

[2026-01-19 14:59:22.741] [INFO   ] Successfully closed document: E-LAM-323.dwg
    Source: DraftSightHelper.cs -> CloseDocument() [Line 205]

[2026-01-19 14:59:22.746] [DEBUG  ] Generating thumbnail for: Y:\Autocad\Template\~LAMACOIDS\Lams\E-LAM-323.pdf
    Source: ThumbnailGenerator.cs -> GenerateThumbnail() [Line 68]

[2026-01-19 14:59:22.746] [INFO   ] Creating placeholder thumbnail (PDF rendering disabled): C:\Users\dlebel\Downloads\LamCreator-main (1)\LamCreator-main\Lamacoid Creator\Lamacoid Creator\bin\Debug\Thumbnails\E-LAM-323.png
    Source: ThumbnailGenerator.cs -> GenerateThumbnail() [Line 72]

[2026-01-19 14:59:22.763] [DEBUG  ] OpenTemplate called for: Y:\Autocad\Template\~LAMACOIDS\Lams\E-LAM-324.dwg
    Source: DraftSightHelper.cs -> OpenTemplate() [Line 87]

[2026-01-19 14:59:23.293] [INFO   ] Performance: Opening document E-LAM-324.dwg completed in 529ms
    Source: DraftSightHelper.cs -> OpenTemplate() [Line 108]

[2026-01-19 14:59:23.294] [INFO   ] Successfully opened template: E-LAM-324.dwg
    Source: DraftSightHelper.cs -> OpenTemplate() [Line 109]

[2026-01-19 14:59:23.303] [DEBUG  ] Extracted properties from E-LAM-324: Contents='CN22-03', Colour='ORANGE WITH BLACK TEXT'
    Source: LamacoidIndex.cs -> ExtractPropertiesFromDwg() [Line 177]

[2026-01-19 14:59:23.303] [DEBUG  ] CloseDocument called for: E-LAM-324.dwg
    Source: DraftSightHelper.cs -> CloseDocument() [Line 198]

[2026-01-19 14:59:23.581] [INFO   ] Successfully closed document: E-LAM-324.dwg
    Source: DraftSightHelper.cs -> CloseDocument() [Line 205]

[2026-01-19 14:59:23.581] [DEBUG  ] Generating thumbnail for: Y:\Autocad\Template\~LAMACOIDS\Lams\E-LAM-324.pdf
    Source: ThumbnailGenerator.cs -> GenerateThumbnail() [Line 68]

[2026-01-19 14:59:23.581] [INFO   ] Creating placeholder thumbnail (PDF rendering disabled): C:\Users\dlebel\Downloads\LamCreator-main (1)\LamCreator-main\Lamacoid Creator\Lamacoid Creator\bin\Debug\Thumbnails\E-LAM-324.png
    Source: ThumbnailGenerator.cs -> GenerateThumbnail() [Line 72]

[2026-01-19 14:59:23.608] [DEBUG  ] OpenTemplate called for: Y:\Autocad\Template\~LAMACOIDS\Lams\E-LAM-325.dwg
    Source: DraftSightHelper.cs -> OpenTemplate() [Line 87]

[2026-01-19 14:59:24.099] [INFO   ] Performance: Opening document E-LAM-325.dwg completed in 494ms
    Source: DraftSightHelper.cs -> OpenTemplate() [Line 108]

[2026-01-19 14:59:24.099] [INFO   ] Successfully opened template: E-LAM-325.dwg
    Source: DraftSightHelper.cs -> OpenTemplate() [Line 109]

[2026-01-19 14:59:24.115] [DEBUG  ] Extracted properties from E-LAM-325: Contents='CN22-04', Colour='ORANGE WITH BLACK TEXT'
    Source: LamacoidIndex.cs -> ExtractPropertiesFromDwg() [Line 177]

[2026-01-19 14:59:24.115] [DEBUG  ] CloseDocument called for: E-LAM-325.dwg
    Source: DraftSightHelper.cs -> CloseDocument() [Line 198]

[2026-01-19 14:59:24.392] [INFO   ] Successfully closed document: E-LAM-325.dwg
    Source: DraftSightHelper.cs -> CloseDocument() [Line 205]

[2026-01-19 14:59:24.395] [DEBUG  ] Generating thumbnail for: Y:\Autocad\Template\~LAMACOIDS\Lams\E-LAM-325.pdf
    Source: ThumbnailGenerator.cs -> GenerateThumbnail() [Line 68]

[2026-01-19 14:59:24.396] [INFO   ] Creating placeholder thumbnail (PDF rendering disabled): C:\Users\dlebel\Downloads\LamCreator-main (1)\LamCreator-main\Lamacoid Creator\Lamacoid Creator\bin\Debug\Thumbnails\E-LAM-325.png
    Source: ThumbnailGenerator.cs -> GenerateThumbnail() [Line 72]

[2026-01-19 14:59:24.400] [DEBUG  ] OpenTemplate called for: Y:\Autocad\Template\~LAMACOIDS\Lams\E-LAM-326.dwg
    Source: DraftSightHelper.cs -> OpenTemplate() [Line 87]

[2026-01-19 14:59:24.914] [INFO   ] Performance: Opening document E-LAM-326.dwg completed in 503ms
    Source: DraftSightHelper.cs -> OpenTemplate() [Line 108]

[2026-01-19 14:59:24.914] [INFO   ] Successfully opened template: E-LAM-326.dwg
    Source: DraftSightHelper.cs -> OpenTemplate() [Line 109]

[2026-01-19 14:59:24.923] [DEBUG  ] Extracted properties from E-LAM-326: Contents='', Colour='GREEN WITH WHITE TEXT'
    Source: LamacoidIndex.cs -> ExtractPropertiesFromDwg() [Line 177]

[2026-01-19 14:59:24.923] [DEBUG  ] CloseDocument called for: E-LAM-326.dwg
    Source: DraftSightHelper.cs -> CloseDocument() [Line 198]

[2026-01-19 14:59:25.199] [INFO   ] Successfully closed document: E-LAM-326.dwg
    Source: DraftSightHelper.cs -> CloseDocument() [Line 205]

[2026-01-19 14:59:25.214] [DEBUG  ] OpenTemplate called for: Y:\Autocad\Template\~LAMACOIDS\Lams\E-LAM-327.dwg
    Source: DraftSightHelper.cs -> OpenTemplate() [Line 87]

[2026-01-19 14:59:25.730] [INFO   ] Performance: Opening document E-LAM-327.dwg completed in 516ms
    Source: DraftSightHelper.cs -> OpenTemplate() [Line 108]

[2026-01-19 14:59:25.730] [INFO   ] Successfully opened template: E-LAM-327.dwg
    Source: DraftSightHelper.cs -> OpenTemplate() [Line 109]

[2026-01-19 14:59:25.739] [DEBUG  ] Extracted properties from E-LAM-327: Contents='', Colour='GREEN WITH WHITE TEXT'
    Source: LamacoidIndex.cs -> ExtractPropertiesFromDwg() [Line 177]

[2026-01-19 14:59:25.739] [DEBUG  ] CloseDocument called for: E-LAM-327.dwg
    Source: DraftSightHelper.cs -> CloseDocument() [Line 198]

[2026-01-19 14:59:26.015] [INFO   ] Successfully closed document: E-LAM-327.dwg
    Source: DraftSightHelper.cs -> CloseDocument() [Line 205]

[2026-01-19 14:59:26.032] [DEBUG  ] OpenTemplate called for: Y:\Autocad\Template\~LAMACOIDS\Lams\E-LAM-328.dwg
    Source: DraftSightHelper.cs -> OpenTemplate() [Line 87]

[2026-01-19 14:59:26.579] [INFO   ] Performance: Opening document E-LAM-328.dwg completed in 546ms
    Source: DraftSightHelper.cs -> OpenTemplate() [Line 108]

[2026-01-19 14:59:26.579] [INFO   ] Successfully opened template: E-LAM-328.dwg
    Source: DraftSightHelper.cs -> OpenTemplate() [Line 109]

[2026-01-19 14:59:26.588] [DEBUG  ] Extracted properties from E-LAM-328: Contents='', Colour='GREEN WITH WHITE TEXT'
    Source: LamacoidIndex.cs -> ExtractPropertiesFromDwg() [Line 177]

[2026-01-19 14:59:26.588] [DEBUG  ] CloseDocument called for: E-LAM-328.dwg
    Source: DraftSightHelper.cs -> CloseDocument() [Line 198]

[2026-01-19 14:59:26.868] [INFO   ] Successfully closed document: E-LAM-328.dwg
    Source: DraftSightHelper.cs -> CloseDocument() [Line 205]

[2026-01-19 14:59:26.884] [DEBUG  ] OpenTemplate called for: Y:\Autocad\Template\~LAMACOIDS\Lams\E-LAM-329.dwg
    Source: DraftSightHelper.cs -> OpenTemplate() [Line 87]

[2026-01-19 14:59:27.408] [INFO   ] Performance: Opening document E-LAM-329.dwg completed in 524ms
    Source: DraftSightHelper.cs -> OpenTemplate() [Line 108]

[2026-01-19 14:59:27.408] [INFO   ] Successfully opened template: E-LAM-329.dwg
    Source: DraftSightHelper.cs -> OpenTemplate() [Line 109]

[2026-01-19 14:59:27.417] [DEBUG  ] Extracted properties from E-LAM-329: Contents='', Colour='ORANGE WITH BLACK TEXT'
    Source: LamacoidIndex.cs -> ExtractPropertiesFromDwg() [Line 177]

[2026-01-19 14:59:27.417] [DEBUG  ] CloseDocument called for: E-LAM-329.dwg
    Source: DraftSightHelper.cs -> CloseDocument() [Line 198]

[2026-01-19 14:59:27.681] [INFO   ] Successfully closed document: E-LAM-329.dwg
    Source: DraftSightHelper.cs -> CloseDocument() [Line 205]

[2026-01-19 14:59:27.703] [DEBUG  ] OpenTemplate called for: Y:\Autocad\Template\~LAMACOIDS\Lams\E-LAM-330.dwg
    Source: DraftSightHelper.cs -> OpenTemplate() [Line 87]

[2026-01-19 14:59:28.273] [INFO   ] Performance: Opening document E-LAM-330.dwg completed in 559ms
    Source: DraftSightHelper.cs -> OpenTemplate() [Line 108]

[2026-01-19 14:59:28.274] [INFO   ] Successfully opened template: E-LAM-330.dwg
    Source: DraftSightHelper.cs -> OpenTemplate() [Line 109]

[2026-01-19 14:59:28.282] [DEBUG  ] Extracted properties from E-LAM-330: Contents='', Colour='ORANGE WITH BLACK TEXT'
    Source: LamacoidIndex.cs -> ExtractPropertiesFromDwg() [Line 177]

[2026-01-19 14:59:28.282] [DEBUG  ] CloseDocument called for: E-LAM-330.dwg
    Source: DraftSightHelper.cs -> CloseDocument() [Line 198]

[2026-01-19 14:59:28.555] [INFO   ] Successfully closed document: E-LAM-330.dwg
    Source: DraftSightHelper.cs -> CloseDocument() [Line 205]

[2026-01-19 14:59:28.578] [DEBUG  ] OpenTemplate called for: Y:\Autocad\Template\~LAMACOIDS\Lams\E-LAM-331.dwg
    Source: DraftSightHelper.cs -> OpenTemplate() [Line 87]

[2026-01-19 14:59:29.120] [INFO   ] Performance: Opening document E-LAM-331.dwg completed in 540ms
    Source: DraftSightHelper.cs -> OpenTemplate() [Line 108]

[2026-01-19 14:59:29.120] [INFO   ] Successfully opened template: E-LAM-331.dwg
    Source: DraftSightHelper.cs -> OpenTemplate() [Line 109]

[2026-01-19 14:59:29.220] [DEBUG  ] Extracted properties from E-LAM-331: Contents='', Colour='ORANGE WITH BLACK TEXT'
    Source: LamacoidIndex.cs -> ExtractPropertiesFromDwg() [Line 177]

[2026-01-19 14:59:29.220] [DEBUG  ] CloseDocument called for: E-LAM-331.dwg
    Source: DraftSightHelper.cs -> CloseDocument() [Line 198]

[2026-01-19 14:59:29.493] [INFO   ] Successfully closed document: E-LAM-331.dwg
    Source: DraftSightHelper.cs -> CloseDocument() [Line 205]

[2026-01-19 14:59:29.493] [INFO   ] Performance: Index Build completed in 271653ms
    Source: LamacoidIndex.cs -> BuildIndex() [Line 86]

[2026-01-19 14:59:29.493] [INFO   ] Index build complete: 331 lamacoids indexed
    Source: LamacoidIndex.cs -> BuildIndex() [Line 87]

[2026-01-19 14:59:29.493] [INFO   ] Index completed with 331 lamacoids
    Source: VisualLibraryForm.cs -> Index_IndexCompleted() [Line 266]

[2026-01-19 15:01:26.345] [INFO   ] Selected lamacoid: E-LAM-060
    Source: VisualLibraryForm.cs -> SelectLamacoid() [Line 414]

[2026-01-19 15:01:29.138] [INFO   ] Opened PDF: Y:\Autocad\Template\~LAMACOIDS\Lams\E-LAM-060.pdf
    Source: VisualLibraryForm.cs -> OpenPdfButton_Click() [Line 463]

[2026-01-19 15:01:48.028] [INFO   ] Selected lamacoid: E-LAM-012
    Source: VisualLibraryForm.cs -> SelectLamacoid() [Line 414]

[2026-01-19 15:01:51.153] [INFO   ] Opened PDF: Y:\Autocad\Template\~LAMACOIDS\Lams\E-LAM-012.pdf
    Source: VisualLibraryForm.cs -> OpenPdfButton_Click() [Line 463]

[2026-01-19 15:01:57.247] [INFO   ] Selected lamacoid: E-LAM-024
    Source: VisualLibraryForm.cs -> SelectLamacoid() [Line 414]

[2026-01-19 15:01:58.335] [INFO   ] Selected lamacoid: E-LAM-023
    Source: VisualLibraryForm.cs -> SelectLamacoid() [Line 414]

[2026-01-19 15:01:58.727] [INFO   ] Selected lamacoid: E-LAM-022
    Source: VisualLibraryForm.cs -> SelectLamacoid() [Line 414]

[2026-01-19 15:01:59.151] [INFO   ] Selected lamacoid: E-LAM-019
    Source: VisualLibraryForm.cs -> SelectLamacoid() [Line 414]

[2026-01-19 15:01:59.896] [INFO   ] Selected lamacoid: E-LAM-016
    Source: VisualLibraryForm.cs -> SelectLamacoid() [Line 414]

